{
  "part_id": "eye_L_mostly_closed_lid",
  "vertices": [
    [
      766.0,
      640.0
    ],
    [
      818.25,
      640.0
    ],
    [
      870.5,
      640.0
    ],
    [
      922.75,
      640.0
    ],
    [
      975.0,
      640.0
    ],
    [
      766.0,
      672.0
    ],
    [
      818.25,
      672.0
    ],
    [
      870.5,
      672.0
    ],
    [
      922.75,
      672.0
    ],
    [
      975.0,
      672.0
    ],
    [
      766.0,
      704.0
    ],
    [
      818.25,
      704.0
    ],
    [
      870.5,
      704.0
    ],
    [
      922.75,
      704.0
    ],
    [
      975.0,
      704.0
    ],
    [
      766.0,
      736.0
    ],
    [
      818.25,
      736.0
    ],
    [
      870.5,
      736.0
    ],
    [
      922.75,
      736.0
    ],
    [
      975.0,
      736.0
    ]
  ],
  "triangles": [
    [
      0,
      5,
      1
    ],
    [
      1,
      5,
      6
    ],
    [
      1,
      6,
      2
    ],
    [
      2,
      6,
      7
    ],
    [
      2,
      7,
      3
    ],
    [
      3,
      7,
      8
    ],
    [
      3,
      8,
      4
    ],
    [
      4,
      8,
      9
    ],
    [
      5,
      10,
      6
    ],
    [
      6,
      10,
      11
    ],
    [
      6,
      11,
      7
    ],
    [
      7,
      11,
      12
    ],
    [
      7,
      12,
      8
    ],
    [
      8,
      12,
      13
    ],
    [
      8,
      13,
      9
    ],
    [
      9,
      13,
      14
    ],
    [
      10,
      15,
      11
    ],
    [
      11,
      15,
      16
    ],
    [
      11,
      16,
      12
    ],
    [
      12,
      16,
      17
    ],
    [
      12,
      17,
      13
    ],
    [
      13,
      17,
      18
    ],
    [
      13,
      18,
      14
    ],
    [
      14,
      18,
      19
    ]
  ],
  "uvs": [
    [
      0.374023,
      0.3125
    ],
    [
      0.399536,
      0.3125
    ],
    [
      0.425049,
      0.3125
    ],
    [
      0.450562,
      0.3125
    ],
    [
      0.476074,
      0.3125
    ],
    [
      0.374023,
      0.328125
    ],
    [
      0.399536,
      0.328125
    ],
    [
      0.425049,
      0.328125
    ],
    [
      0.450562,
      0.328125
    ],
    [
      0.476074,
      0.328125
    ],
    [
      0.374023,
      0.34375
    ],
    [
      0.399536,
      0.34375
    ],
    [
      0.425049,
      0.34375
    ],
    [
      0.450562,
      0.34375
    ],
    [
      0.476074,
      0.34375
    ],
    [
      0.374023,
      0.359375
    ],
    [
      0.399536,
      0.359375
    ],
    [
      0.425049,
      0.359375
    ],
    [
      0.450562,
      0.359375
    ],
    [
      0.476074,
      0.359375
    ]
  ],
  "mesh_path": "meshes/eye_L_mostly_closed_lid.json"
}
