{
  "part_id": "eye_R_half_closed_lid",
  "vertices": [
    [
      1083.0,
      680.0
    ],
    [
      1134.0,
      680.0
    ],
    [
      1185.0,
      680.0
    ],
    [
      1236.0,
      680.0
    ],
    [
      1287.0,
      680.0
    ],
    [
      1083.0,
      701.0
    ],
    [
      1134.0,
      701.0
    ],
    [
      1185.0,
      701.0
    ],
    [
      1236.0,
      701.0
    ],
    [
      1287.0,
      701.0
    ],
    [
      1083.0,
      722.0
    ],
    [
      1134.0,
      722.0
    ],
    [
      1185.0,
      722.0
    ],
    [
      1236.0,
      722.0
    ],
    [
      1287.0,
      722.0
    ],
    [
      1083.0,
      743.0
    ],
    [
      1134.0,
      743.0
    ],
    [
      1185.0,
      743.0
    ],
    [
      1236.0,
      743.0
    ],
    [
      1287.0,
      743.0
    ]
  ],
  "triangles": [
    [
      0,
      5,
      1
    ],
    [
      1,
      5,
      6
    ],
    [
      1,
      6,
      2
    ],
    [
      2,
      6,
      7
    ],
    [
      2,
      7,
      3
    ],
    [
      3,
      7,
      8
    ],
    [
      3,
      8,
      4
    ],
    [
      4,
      8,
      9
    ],
    [
      5,
      10,
      6
    ],
    [
      6,
      10,
      11
    ],
    [
      6,
      11,
      7
    ],
    [
      7,
      11,
      12
    ],
    [
      7,
      12,
      8
    ],
    [
      8,
      12,
      13
    ],
    [
      8,
      13,
      9
    ],
    [
      9,
      13,
      14
    ],
    [
      10,
      15,
      11
    ],
    [
      11,
      15,
      16
    ],
    [
      11,
      16,
      12
    ],
    [
      12,
      16,
      17
    ],
    [
      12,
      17,
      13
    ],
    [
      13,
      17,
      18
    ],
    [
      13,
      18,
      14
    ],
    [
      14,
      18,
      19
    ]
  ],
  "uvs": [
    [
      0.528809,
      0.332031
    ],
    [
      0.553711,
      0.332031
    ],
    [
      0.578613,
      0.332031
    ],
    [
      0.603516,
      0.332031
    ],
    [
      0.628418,
      0.332031
    ],
    [
      0.528809,
      0.342285
    ],
    [
      0.553711,
      0.342285
    ],
    [
      0.578613,
      0.342285
    ],
    [
      0.603516,
      0.342285
    ],
    [
      0.628418,
      0.342285
    ],
    [
      0.528809,
      0.352539
    ],
    [
      0.553711,
      0.352539
    ],
    [
      0.578613,
      0.352539
    ],
    [
      0.603516,
      0.352539
    ],
    [
      0.628418,
      0.352539
    ],
    [
      0.528809,
      0.362793
    ],
    [
      0.553711,
      0.362793
    ],
    [
      0.578613,
      0.362793
    ],
    [
      0.603516,
      0.362793
    ],
    [
      0.628418,
      0.362793
    ]
  ],
  "mesh_path": "meshes/eye_R_half_closed_lid.json"
}
