{
  "part_id": "eye_L_half_closed_lid",
  "vertices": [
    [
      764.0,
      655.0
    ],
    [
      814.75,
      655.0
    ],
    [
      865.5,
      655.0
    ],
    [
      916.25,
      655.0
    ],
    [
      967.0,
      655.0
    ],
    [
      764.0,
      684.0
    ],
    [
      814.75,
      684.0
    ],
    [
      865.5,
      684.0
    ],
    [
      916.25,
      684.0
    ],
    [
      967.0,
      684.0
    ],
    [
      764.0,
      713.0
    ],
    [
      814.75,
      713.0
    ],
    [
      865.5,
      713.0
    ],
    [
      916.25,
      713.0
    ],
    [
      967.0,
      713.0
    ],
    [
      764.0,
      742.0
    ],
    [
      814.75,
      742.0
    ],
    [
      865.5,
      742.0
    ],
    [
      916.25,
      742.0
    ],
    [
      967.0,
      742.0
    ]
  ],
  "triangles": [
    [
      0,
      5,
      1
    ],
    [
      1,
      5,
      6
    ],
    [
      1,
      6,
      2
    ],
    [
      2,
      6,
      7
    ],
    [
      2,
      7,
      3
    ],
    [
      3,
      7,
      8
    ],
    [
      3,
      8,
      4
    ],
    [
      4,
      8,
      9
    ],
    [
      5,
      10,
      6
    ],
    [
      6,
      10,
      11
    ],
    [
      6,
      11,
      7
    ],
    [
      7,
      11,
      12
    ],
    [
      7,
      12,
      8
    ],
    [
      8,
      12,
      13
    ],
    [
      8,
      13,
      9
    ],
    [
      9,
      13,
      14
    ],
    [
      10,
      15,
      11
    ],
    [
      11,
      15,
      16
    ],
    [
      11,
      16,
      12
    ],
    [
      12,
      16,
      17
    ],
    [
      12,
      17,
      13
    ],
    [
      13,
      17,
      18
    ],
    [
      13,
      18,
      14
    ],
    [
      14,
      18,
      19
    ]
  ],
  "uvs": [
    [
      0.373047,
      0.319824
    ],
    [
      0.397827,
      0.319824
    ],
    [
      0.422607,
      0.319824
    ],
    [
      0.447388,
      0.319824
    ],
    [
      0.472168,
      0.319824
    ],
    [
      0.373047,
      0.333984
    ],
    [
      0.397827,
      0.333984
    ],
    [
      0.422607,
      0.333984
    ],
    [
      0.447388,
      0.333984
    ],
    [
      0.472168,
      0.333984
    ],
    [
      0.373047,
      0.348145
    ],
    [
      0.397827,
      0.348145
    ],
    [
      0.422607,
      0.348145
    ],
    [
      0.447388,
      0.348145
    ],
    [
      0.472168,
      0.348145
    ],
    [
      0.373047,
      0.362305
    ],
    [
      0.397827,
      0.362305
    ],
    [
      0.422607,
      0.362305
    ],
    [
      0.447388,
      0.362305
    ],
    [
      0.472168,
      0.362305
    ]
  ],
  "mesh_path": "meshes/eye_L_half_closed_lid.json"
}
