{
  "part_id": "eye_R_closed_lid",
  "vertices": [
    [
      1070.0,
      643.0
    ],
    [
      1125.0,
      643.0
    ],
    [
      1180.0,
      643.0
    ],
    [
      1235.0,
      643.0
    ],
    [
      1290.0,
      643.0
    ],
    [
      1070.0,
      671.0
    ],
    [
      1125.0,
      671.0
    ],
    [
      1180.0,
      671.0
    ],
    [
      1235.0,
      671.0
    ],
    [
      1290.0,
      671.0
    ],
    [
      1070.0,
      699.0
    ],
    [
      1125.0,
      699.0
    ],
    [
      1180.0,
      699.0
    ],
    [
      1235.0,
      699.0
    ],
    [
      1290.0,
      699.0
    ],
    [
      1070.0,
      727.0
    ],
    [
      1125.0,
      727.0
    ],
    [
      1180.0,
      727.0
    ],
    [
      1235.0,
      727.0
    ],
    [
      1290.0,
      727.0
    ]
  ],
  "triangles": [
    [
      0,
      5,
      1
    ],
    [
      1,
      5,
      6
    ],
    [
      1,
      6,
      2
    ],
    [
      2,
      6,
      7
    ],
    [
      2,
      7,
      3
    ],
    [
      3,
      7,
      8
    ],
    [
      3,
      8,
      4
    ],
    [
      4,
      8,
      9
    ],
    [
      5,
      10,
      6
    ],
    [
      6,
      10,
      11
    ],
    [
      6,
      11,
      7
    ],
    [
      7,
      11,
      12
    ],
    [
      7,
      12,
      8
    ],
    [
      8,
      12,
      13
    ],
    [
      8,
      13,
      9
    ],
    [
      9,
      13,
      14
    ],
    [
      10,
      15,
      11
    ],
    [
      11,
      15,
      16
    ],
    [
      11,
      16,
      12
    ],
    [
      12,
      16,
      17
    ],
    [
      12,
      17,
      13
    ],
    [
      13,
      17,
      18
    ],
    [
      13,
      18,
      14
    ],
    [
      14,
      18,
      19
    ]
  ],
  "uvs": [
    [
      0.522461,
      0.313965
    ],
    [
      0.549316,
      0.313965
    ],
    [
      0.576172,
      0.313965
    ],
    [
      0.603027,
      0.313965
    ],
    [
      0.629883,
      0.313965
    ],
    [
      0.522461,
      0.327637
    ],
    [
      0.549316,
      0.327637
    ],
    [
      0.576172,
      0.327637
    ],
    [
      0.603027,
      0.327637
    ],
    [
      0.629883,
      0.327637
    ],
    [
      0.522461,
      0.341309
    ],
    [
      0.549316,
      0.341309
    ],
    [
      0.576172,
      0.341309
    ],
    [
      0.603027,
      0.341309
    ],
    [
      0.629883,
      0.341309
    ],
    [
      0.522461,
      0.35498
    ],
    [
      0.549316,
      0.35498
    ],
    [
      0.576172,
      0.35498
    ],
    [
      0.603027,
      0.35498
    ],
    [
      0.629883,
      0.35498
    ]
  ],
  "mesh_path": "meshes/eye_R_closed_lid.json"
}
