{
  "part_id": "eye_R_clean_socket",
  "vertices": [
    [
      1024.0,
      603.0
    ],
    [
      1097.0,
      603.0
    ],
    [
      1170.0,
      603.0
    ],
    [
      1243.0,
      603.0
    ],
    [
      1316.0,
      603.0
    ],
    [
      1024.0,
      659.0
    ],
    [
      1097.0,
      659.0
    ],
    [
      1170.0,
      659.0
    ],
    [
      1243.0,
      659.0
    ],
    [
      1316.0,
      659.0
    ],
    [
      1024.0,
      715.0
    ],
    [
      1097.0,
      715.0
    ],
    [
      1170.0,
      715.0
    ],
    [
      1243.0,
      715.0
    ],
    [
      1316.0,
      715.0
    ],
    [
      1024.0,
      771.0
    ],
    [
      1097.0,
      771.0
    ],
    [
      1170.0,
      771.0
    ],
    [
      1243.0,
      771.0
    ],
    [
      1316.0,
      771.0
    ]
  ],
  "triangles": [
    [
      0,
      5,
      1
    ],
    [
      1,
      5,
      6
    ],
    [
      1,
      6,
      2
    ],
    [
      2,
      6,
      7
    ],
    [
      2,
      7,
      3
    ],
    [
      3,
      7,
      8
    ],
    [
      3,
      8,
      4
    ],
    [
      4,
      8,
      9
    ],
    [
      5,
      10,
      6
    ],
    [
      6,
      10,
      11
    ],
    [
      6,
      11,
      7
    ],
    [
      7,
      11,
      12
    ],
    [
      7,
      12,
      8
    ],
    [
      8,
      12,
      13
    ],
    [
      8,
      13,
      9
    ],
    [
      9,
      13,
      14
    ],
    [
      10,
      15,
      11
    ],
    [
      11,
      15,
      16
    ],
    [
      11,
      16,
      12
    ],
    [
      12,
      16,
      17
    ],
    [
      12,
      17,
      13
    ],
    [
      13,
      17,
      18
    ],
    [
      13,
      18,
      14
    ],
    [
      14,
      18,
      19
    ]
  ],
  "uvs": [
    [
      0.5,
      0.294434
    ],
    [
      0.535645,
      0.294434
    ],
    [
      0.571289,
      0.294434
    ],
    [
      0.606934,
      0.294434
    ],
    [
      0.642578,
      0.294434
    ],
    [
      0.5,
      0.321777
    ],
    [
      0.535645,
      0.321777
    ],
    [
      0.571289,
      0.321777
    ],
    [
      0.606934,
      0.321777
    ],
    [
      0.642578,
      0.321777
    ],
    [
      0.5,
      0.349121
    ],
    [
      0.535645,
      0.349121
    ],
    [
      0.571289,
      0.349121
    ],
    [
      0.606934,
      0.349121
    ],
    [
      0.642578,
      0.349121
    ],
    [
      0.5,
      0.376465
    ],
    [
      0.535645,
      0.376465
    ],
    [
      0.571289,
      0.376465
    ],
    [
      0.606934,
      0.376465
    ],
    [
      0.642578,
      0.376465
    ]
  ],
  "mesh_path": "meshes/eye_R_clean_socket.json"
}
