{
  "part_id": "eye_R_open",
  "vertices": [
    [
      1040.0,
      619.0
    ],
    [
      1105.0,
      619.0
    ],
    [
      1170.0,
      619.0
    ],
    [
      1235.0,
      619.0
    ],
    [
      1300.0,
      619.0
    ],
    [
      1040.0,
      664.333
    ],
    [
      1105.0,
      664.333
    ],
    [
      1170.0,
      664.333
    ],
    [
      1235.0,
      664.333
    ],
    [
      1300.0,
      664.333
    ],
    [
      1040.0,
      709.667
    ],
    [
      1105.0,
      709.667
    ],
    [
      1170.0,
      709.667
    ],
    [
      1235.0,
      709.667
    ],
    [
      1300.0,
      709.667
    ],
    [
      1040.0,
      755.0
    ],
    [
      1105.0,
      755.0
    ],
    [
      1170.0,
      755.0
    ],
    [
      1235.0,
      755.0
    ],
    [
      1300.0,
      755.0
    ]
  ],
  "triangles": [
    [
      0,
      5,
      1
    ],
    [
      1,
      5,
      6
    ],
    [
      1,
      6,
      2
    ],
    [
      2,
      6,
      7
    ],
    [
      2,
      7,
      3
    ],
    [
      3,
      7,
      8
    ],
    [
      3,
      8,
      4
    ],
    [
      4,
      8,
      9
    ],
    [
      5,
      10,
      6
    ],
    [
      6,
      10,
      11
    ],
    [
      6,
      11,
      7
    ],
    [
      7,
      11,
      12
    ],
    [
      7,
      12,
      8
    ],
    [
      8,
      12,
      13
    ],
    [
      8,
      13,
      9
    ],
    [
      9,
      13,
      14
    ],
    [
      10,
      15,
      11
    ],
    [
      11,
      15,
      16
    ],
    [
      11,
      16,
      12
    ],
    [
      12,
      16,
      17
    ],
    [
      12,
      17,
      13
    ],
    [
      13,
      17,
      18
    ],
    [
      13,
      18,
      14
    ],
    [
      14,
      18,
      19
    ]
  ],
  "uvs": [
    [
      0.507812,
      0.302246
    ],
    [
      0.539551,
      0.302246
    ],
    [
      0.571289,
      0.302246
    ],
    [
      0.603027,
      0.302246
    ],
    [
      0.634766,
      0.302246
    ],
    [
      0.507812,
      0.324382
    ],
    [
      0.539551,
      0.324382
    ],
    [
      0.571289,
      0.324382
    ],
    [
      0.603027,
      0.324382
    ],
    [
      0.634766,
      0.324382
    ],
    [
      0.507812,
      0.346517
    ],
    [
      0.539551,
      0.346517
    ],
    [
      0.571289,
      0.346517
    ],
    [
      0.603027,
      0.346517
    ],
    [
      0.634766,
      0.346517
    ],
    [
      0.507812,
      0.368652
    ],
    [
      0.539551,
      0.368652
    ],
    [
      0.571289,
      0.368652
    ],
    [
      0.603027,
      0.368652
    ],
    [
      0.634766,
      0.368652
    ]
  ],
  "mesh_path": "meshes/eye_R_open.json"
}
