{
  "part_id": "eye_R_mostly_closed_lid",
  "vertices": [
    [
      1083.0,
      692.0
    ],
    [
      1133.75,
      692.0
    ],
    [
      1184.5,
      692.0
    ],
    [
      1235.25,
      692.0
    ],
    [
      1286.0,
      692.0
    ],
    [
      1083.0,
      706.667
    ],
    [
      1133.75,
      706.667
    ],
    [
      1184.5,
      706.667
    ],
    [
      1235.25,
      706.667
    ],
    [
      1286.0,
      706.667
    ],
    [
      1083.0,
      721.333
    ],
    [
      1133.75,
      721.333
    ],
    [
      1184.5,
      721.333
    ],
    [
      1235.25,
      721.333
    ],
    [
      1286.0,
      721.333
    ],
    [
      1083.0,
      736.0
    ],
    [
      1133.75,
      736.0
    ],
    [
      1184.5,
      736.0
    ],
    [
      1235.25,
      736.0
    ],
    [
      1286.0,
      736.0
    ]
  ],
  "triangles": [
    [
      0,
      5,
      1
    ],
    [
      1,
      5,
      6
    ],
    [
      1,
      6,
      2
    ],
    [
      2,
      6,
      7
    ],
    [
      2,
      7,
      3
    ],
    [
      3,
      7,
      8
    ],
    [
      3,
      8,
      4
    ],
    [
      4,
      8,
      9
    ],
    [
      5,
      10,
      6
    ],
    [
      6,
      10,
      11
    ],
    [
      6,
      11,
      7
    ],
    [
      7,
      11,
      12
    ],
    [
      7,
      12,
      8
    ],
    [
      8,
      12,
      13
    ],
    [
      8,
      13,
      9
    ],
    [
      9,
      13,
      14
    ],
    [
      10,
      15,
      11
    ],
    [
      11,
      15,
      16
    ],
    [
      11,
      16,
      12
    ],
    [
      12,
      16,
      17
    ],
    [
      12,
      17,
      13
    ],
    [
      13,
      17,
      18
    ],
    [
      13,
      18,
      14
    ],
    [
      14,
      18,
      19
    ]
  ],
  "uvs": [
    [
      0.528809,
      0.337891
    ],
    [
      0.553589,
      0.337891
    ],
    [
      0.578369,
      0.337891
    ],
    [
      0.603149,
      0.337891
    ],
    [
      0.62793,
      0.337891
    ],
    [
      0.528809,
      0.345052
    ],
    [
      0.553589,
      0.345052
    ],
    [
      0.578369,
      0.345052
    ],
    [
      0.603149,
      0.345052
    ],
    [
      0.62793,
      0.345052
    ],
    [
      0.528809,
      0.352214
    ],
    [
      0.553589,
      0.352214
    ],
    [
      0.578369,
      0.352214
    ],
    [
      0.603149,
      0.352214
    ],
    [
      0.62793,
      0.352214
    ],
    [
      0.528809,
      0.359375
    ],
    [
      0.553589,
      0.359375
    ],
    [
      0.578369,
      0.359375
    ],
    [
      0.603149,
      0.359375
    ],
    [
      0.62793,
      0.359375
    ]
  ],
  "mesh_path": "meshes/eye_R_mostly_closed_lid.json"
}
