{
  "part_id": "eye_L_closed_lid",
  "vertices": [
    [
      761.0,
      647.0
    ],
    [
      817.25,
      647.0
    ],
    [
      873.5,
      647.0
    ],
    [
      929.75,
      647.0
    ],
    [
      986.0,
      647.0
    ],
    [
      761.0,
      675.667
    ],
    [
      817.25,
      675.667
    ],
    [
      873.5,
      675.667
    ],
    [
      929.75,
      675.667
    ],
    [
      986.0,
      675.667
    ],
    [
      761.0,
      704.333
    ],
    [
      817.25,
      704.333
    ],
    [
      873.5,
      704.333
    ],
    [
      929.75,
      704.333
    ],
    [
      986.0,
      704.333
    ],
    [
      761.0,
      733.0
    ],
    [
      817.25,
      733.0
    ],
    [
      873.5,
      733.0
    ],
    [
      929.75,
      733.0
    ],
    [
      986.0,
      733.0
    ]
  ],
  "triangles": [
    [
      0,
      5,
      1
    ],
    [
      1,
      5,
      6
    ],
    [
      1,
      6,
      2
    ],
    [
      2,
      6,
      7
    ],
    [
      2,
      7,
      3
    ],
    [
      3,
      7,
      8
    ],
    [
      3,
      8,
      4
    ],
    [
      4,
      8,
      9
    ],
    [
      5,
      10,
      6
    ],
    [
      6,
      10,
      11
    ],
    [
      6,
      11,
      7
    ],
    [
      7,
      11,
      12
    ],
    [
      7,
      12,
      8
    ],
    [
      8,
      12,
      13
    ],
    [
      8,
      13,
      9
    ],
    [
      9,
      13,
      14
    ],
    [
      10,
      15,
      11
    ],
    [
      11,
      15,
      16
    ],
    [
      11,
      16,
      12
    ],
    [
      12,
      16,
      17
    ],
    [
      12,
      17,
      13
    ],
    [
      13,
      17,
      18
    ],
    [
      13,
      18,
      14
    ],
    [
      14,
      18,
      19
    ]
  ],
  "uvs": [
    [
      0.371582,
      0.315918
    ],
    [
      0.399048,
      0.315918
    ],
    [
      0.426514,
      0.315918
    ],
    [
      0.453979,
      0.315918
    ],
    [
      0.481445,
      0.315918
    ],
    [
      0.371582,
      0.329915
    ],
    [
      0.399048,
      0.329915
    ],
    [
      0.426514,
      0.329915
    ],
    [
      0.453979,
      0.329915
    ],
    [
      0.481445,
      0.329915
    ],
    [
      0.371582,
      0.343913
    ],
    [
      0.399048,
      0.343913
    ],
    [
      0.426514,
      0.343913
    ],
    [
      0.453979,
      0.343913
    ],
    [
      0.481445,
      0.343913
    ],
    [
      0.371582,
      0.35791
    ],
    [
      0.399048,
      0.35791
    ],
    [
      0.426514,
      0.35791
    ],
    [
      0.453979,
      0.35791
    ],
    [
      0.481445,
      0.35791
    ]
  ],
  "mesh_path": "meshes/eye_L_closed_lid.json"
}
