{
  "part_id": "eye_L_clean_socket",
  "vertices": [
    [
      734.0,
      602.0
    ],
    [
      807.0,
      602.0
    ],
    [
      880.0,
      602.0
    ],
    [
      953.0,
      602.0
    ],
    [
      1026.0,
      602.0
    ],
    [
      734.0,
      658.333
    ],
    [
      807.0,
      658.333
    ],
    [
      880.0,
      658.333
    ],
    [
      953.0,
      658.333
    ],
    [
      1026.0,
      658.333
    ],
    [
      734.0,
      714.667
    ],
    [
      807.0,
      714.667
    ],
    [
      880.0,
      714.667
    ],
    [
      953.0,
      714.667
    ],
    [
      1026.0,
      714.667
    ],
    [
      734.0,
      771.0
    ],
    [
      807.0,
      771.0
    ],
    [
      880.0,
      771.0
    ],
    [
      953.0,
      771.0
    ],
    [
      1026.0,
      771.0
    ]
  ],
  "triangles": [
    [
      0,
      5,
      1
    ],
    [
      1,
      5,
      6
    ],
    [
      1,
      6,
      2
    ],
    [
      2,
      6,
      7
    ],
    [
      2,
      7,
      3
    ],
    [
      3,
      7,
      8
    ],
    [
      3,
      8,
      4
    ],
    [
      4,
      8,
      9
    ],
    [
      5,
      10,
      6
    ],
    [
      6,
      10,
      11
    ],
    [
      6,
      11,
      7
    ],
    [
      7,
      11,
      12
    ],
    [
      7,
      12,
      8
    ],
    [
      8,
      12,
      13
    ],
    [
      8,
      13,
      9
    ],
    [
      9,
      13,
      14
    ],
    [
      10,
      15,
      11
    ],
    [
      11,
      15,
      16
    ],
    [
      11,
      16,
      12
    ],
    [
      12,
      16,
      17
    ],
    [
      12,
      17,
      13
    ],
    [
      13,
      17,
      18
    ],
    [
      13,
      18,
      14
    ],
    [
      14,
      18,
      19
    ]
  ],
  "uvs": [
    [
      0.358398,
      0.293945
    ],
    [
      0.394043,
      0.293945
    ],
    [
      0.429688,
      0.293945
    ],
    [
      0.465332,
      0.293945
    ],
    [
      0.500977,
      0.293945
    ],
    [
      0.358398,
      0.321452
    ],
    [
      0.394043,
      0.321452
    ],
    [
      0.429688,
      0.321452
    ],
    [
      0.465332,
      0.321452
    ],
    [
      0.500977,
      0.321452
    ],
    [
      0.358398,
      0.348958
    ],
    [
      0.394043,
      0.348958
    ],
    [
      0.429688,
      0.348958
    ],
    [
      0.465332,
      0.348958
    ],
    [
      0.500977,
      0.348958
    ],
    [
      0.358398,
      0.376465
    ],
    [
      0.394043,
      0.376465
    ],
    [
      0.429688,
      0.376465
    ],
    [
      0.465332,
      0.376465
    ],
    [
      0.500977,
      0.376465
    ]
  ],
  "mesh_path": "meshes/eye_L_clean_socket.json"
}
