{
  "part_id": "eye_L_open",
  "vertices": [
    [
      750.0,
      618.0
    ],
    [
      815.0,
      618.0
    ],
    [
      880.0,
      618.0
    ],
    [
      945.0,
      618.0
    ],
    [
      1010.0,
      618.0
    ],
    [
      750.0,
      663.667
    ],
    [
      815.0,
      663.667
    ],
    [
      880.0,
      663.667
    ],
    [
      945.0,
      663.667
    ],
    [
      1010.0,
      663.667
    ],
    [
      750.0,
      709.333
    ],
    [
      815.0,
      709.333
    ],
    [
      880.0,
      709.333
    ],
    [
      945.0,
      709.333
    ],
    [
      1010.0,
      709.333
    ],
    [
      750.0,
      755.0
    ],
    [
      815.0,
      755.0
    ],
    [
      880.0,
      755.0
    ],
    [
      945.0,
      755.0
    ],
    [
      1010.0,
      755.0
    ]
  ],
  "triangles": [
    [
      0,
      5,
      1
    ],
    [
      1,
      5,
      6
    ],
    [
      1,
      6,
      2
    ],
    [
      2,
      6,
      7
    ],
    [
      2,
      7,
      3
    ],
    [
      3,
      7,
      8
    ],
    [
      3,
      8,
      4
    ],
    [
      4,
      8,
      9
    ],
    [
      5,
      10,
      6
    ],
    [
      6,
      10,
      11
    ],
    [
      6,
      11,
      7
    ],
    [
      7,
      11,
      12
    ],
    [
      7,
      12,
      8
    ],
    [
      8,
      12,
      13
    ],
    [
      8,
      13,
      9
    ],
    [
      9,
      13,
      14
    ],
    [
      10,
      15,
      11
    ],
    [
      11,
      15,
      16
    ],
    [
      11,
      16,
      12
    ],
    [
      12,
      16,
      17
    ],
    [
      12,
      17,
      13
    ],
    [
      13,
      17,
      18
    ],
    [
      13,
      18,
      14
    ],
    [
      14,
      18,
      19
    ]
  ],
  "uvs": [
    [
      0.366211,
      0.301758
    ],
    [
      0.397949,
      0.301758
    ],
    [
      0.429688,
      0.301758
    ],
    [
      0.461426,
      0.301758
    ],
    [
      0.493164,
      0.301758
    ],
    [
      0.366211,
      0.324056
    ],
    [
      0.397949,
      0.324056
    ],
    [
      0.429688,
      0.324056
    ],
    [
      0.461426,
      0.324056
    ],
    [
      0.493164,
      0.324056
    ],
    [
      0.366211,
      0.346354
    ],
    [
      0.397949,
      0.346354
    ],
    [
      0.429688,
      0.346354
    ],
    [
      0.461426,
      0.346354
    ],
    [
      0.493164,
      0.346354
    ],
    [
      0.366211,
      0.368652
    ],
    [
      0.397949,
      0.368652
    ],
    [
      0.429688,
      0.368652
    ],
    [
      0.461426,
      0.368652
    ],
    [
      0.493164,
      0.368652
    ]
  ],
  "mesh_path": "meshes/eye_L_open.json"
}
