{
  "part_id": "mouth_inner",
  "vertices": [
    [
      928.0,
      791.0
    ],
    [
      981.75,
      791.0
    ],
    [
      1035.5,
      791.0
    ],
    [
      1089.25,
      791.0
    ],
    [
      1143.0,
      791.0
    ],
    [
      928.0,
      827.0
    ],
    [
      981.75,
      827.0
    ],
    [
      1035.5,
      827.0
    ],
    [
      1089.25,
      827.0
    ],
    [
      1143.0,
      827.0
    ],
    [
      928.0,
      863.0
    ],
    [
      981.75,
      863.0
    ],
    [
      1035.5,
      863.0
    ],
    [
      1089.25,
      863.0
    ],
    [
      1143.0,
      863.0
    ],
    [
      928.0,
      899.0
    ],
    [
      981.75,
      899.0
    ],
    [
      1035.5,
      899.0
    ],
    [
      1089.25,
      899.0
    ],
    [
      1143.0,
      899.0
    ]
  ],
  "triangles": [
    [
      0,
      5,
      1
    ],
    [
      1,
      5,
      6
    ],
    [
      1,
      6,
      2
    ],
    [
      2,
      6,
      7
    ],
    [
      2,
      7,
      3
    ],
    [
      3,
      7,
      8
    ],
    [
      3,
      8,
      4
    ],
    [
      4,
      8,
      9
    ],
    [
      5,
      10,
      6
    ],
    [
      6,
      10,
      11
    ],
    [
      6,
      11,
      7
    ],
    [
      7,
      11,
      12
    ],
    [
      7,
      12,
      8
    ],
    [
      8,
      12,
      13
    ],
    [
      8,
      13,
      9
    ],
    [
      9,
      13,
      14
    ],
    [
      10,
      15,
      11
    ],
    [
      11,
      15,
      16
    ],
    [
      11,
      16,
      12
    ],
    [
      12,
      16,
      17
    ],
    [
      12,
      17,
      13
    ],
    [
      13,
      17,
      18
    ],
    [
      13,
      18,
      14
    ],
    [
      14,
      18,
      19
    ]
  ],
  "uvs": [
    [
      0.453125,
      0.38623
    ],
    [
      0.47937,
      0.38623
    ],
    [
      0.505615,
      0.38623
    ],
    [
      0.53186,
      0.38623
    ],
    [
      0.558105,
      0.38623
    ],
    [
      0.453125,
      0.403809
    ],
    [
      0.47937,
      0.403809
    ],
    [
      0.505615,
      0.403809
    ],
    [
      0.53186,
      0.403809
    ],
    [
      0.558105,
      0.403809
    ],
    [
      0.453125,
      0.421387
    ],
    [
      0.47937,
      0.421387
    ],
    [
      0.505615,
      0.421387
    ],
    [
      0.53186,
      0.421387
    ],
    [
      0.558105,
      0.421387
    ],
    [
      0.453125,
      0.438965
    ],
    [
      0.47937,
      0.438965
    ],
    [
      0.505615,
      0.438965
    ],
    [
      0.53186,
      0.438965
    ],
    [
      0.558105,
      0.438965
    ]
  ],
  "mesh_path": "meshes/mouth_inner.json"
}
