{
  "part_id": "mouth_closed_smile",
  "vertices": [
    [
      946.0,
      794.0
    ],
    [
      995.25,
      794.0
    ],
    [
      1044.5,
      794.0
    ],
    [
      1093.75,
      794.0
    ],
    [
      1143.0,
      794.0
    ],
    [
      946.0,
      830.333
    ],
    [
      995.25,
      830.333
    ],
    [
      1044.5,
      830.333
    ],
    [
      1093.75,
      830.333
    ],
    [
      1143.0,
      830.333
    ],
    [
      946.0,
      866.667
    ],
    [
      995.25,
      866.667
    ],
    [
      1044.5,
      866.667
    ],
    [
      1093.75,
      866.667
    ],
    [
      1143.0,
      866.667
    ],
    [
      946.0,
      903.0
    ],
    [
      995.25,
      903.0
    ],
    [
      1044.5,
      903.0
    ],
    [
      1093.75,
      903.0
    ],
    [
      1143.0,
      903.0
    ]
  ],
  "triangles": [
    [
      0,
      5,
      1
    ],
    [
      1,
      5,
      6
    ],
    [
      1,
      6,
      2
    ],
    [
      2,
      6,
      7
    ],
    [
      2,
      7,
      3
    ],
    [
      3,
      7,
      8
    ],
    [
      3,
      8,
      4
    ],
    [
      4,
      8,
      9
    ],
    [
      5,
      10,
      6
    ],
    [
      6,
      10,
      11
    ],
    [
      6,
      11,
      7
    ],
    [
      7,
      11,
      12
    ],
    [
      7,
      12,
      8
    ],
    [
      8,
      12,
      13
    ],
    [
      8,
      13,
      9
    ],
    [
      9,
      13,
      14
    ],
    [
      10,
      15,
      11
    ],
    [
      11,
      15,
      16
    ],
    [
      11,
      16,
      12
    ],
    [
      12,
      16,
      17
    ],
    [
      12,
      17,
      13
    ],
    [
      13,
      17,
      18
    ],
    [
      13,
      18,
      14
    ],
    [
      14,
      18,
      19
    ]
  ],
  "uvs": [
    [
      0.461914,
      0.387695
    ],
    [
      0.485962,
      0.387695
    ],
    [
      0.51001,
      0.387695
    ],
    [
      0.534058,
      0.387695
    ],
    [
      0.558105,
      0.387695
    ],
    [
      0.461914,
      0.405436
    ],
    [
      0.485962,
      0.405436
    ],
    [
      0.51001,
      0.405436
    ],
    [
      0.534058,
      0.405436
    ],
    [
      0.558105,
      0.405436
    ],
    [
      0.461914,
      0.423177
    ],
    [
      0.485962,
      0.423177
    ],
    [
      0.51001,
      0.423177
    ],
    [
      0.534058,
      0.423177
    ],
    [
      0.558105,
      0.423177
    ],
    [
      0.461914,
      0.440918
    ],
    [
      0.485962,
      0.440918
    ],
    [
      0.51001,
      0.440918
    ],
    [
      0.534058,
      0.440918
    ],
    [
      0.558105,
      0.440918
    ]
  ],
  "mesh_path": "meshes/mouth_closed_smile.json"
}
