{
  "part_id": "mouth_small_open",
  "vertices": [
    [
      925.0,
      787.0
    ],
    [
      978.5,
      787.0
    ],
    [
      1032.0,
      787.0
    ],
    [
      1085.5,
      787.0
    ],
    [
      1139.0,
      787.0
    ],
    [
      925.0,
      826.333
    ],
    [
      978.5,
      826.333
    ],
    [
      1032.0,
      826.333
    ],
    [
      1085.5,
      826.333
    ],
    [
      1139.0,
      826.333
    ],
    [
      925.0,
      865.667
    ],
    [
      978.5,
      865.667
    ],
    [
      1032.0,
      865.667
    ],
    [
      1085.5,
      865.667
    ],
    [
      1139.0,
      865.667
    ],
    [
      925.0,
      905.0
    ],
    [
      978.5,
      905.0
    ],
    [
      1032.0,
      905.0
    ],
    [
      1085.5,
      905.0
    ],
    [
      1139.0,
      905.0
    ]
  ],
  "triangles": [
    [
      0,
      5,
      1
    ],
    [
      1,
      5,
      6
    ],
    [
      1,
      6,
      2
    ],
    [
      2,
      6,
      7
    ],
    [
      2,
      7,
      3
    ],
    [
      3,
      7,
      8
    ],
    [
      3,
      8,
      4
    ],
    [
      4,
      8,
      9
    ],
    [
      5,
      10,
      6
    ],
    [
      6,
      10,
      11
    ],
    [
      6,
      11,
      7
    ],
    [
      7,
      11,
      12
    ],
    [
      7,
      12,
      8
    ],
    [
      8,
      12,
      13
    ],
    [
      8,
      13,
      9
    ],
    [
      9,
      13,
      14
    ],
    [
      10,
      15,
      11
    ],
    [
      11,
      15,
      16
    ],
    [
      11,
      16,
      12
    ],
    [
      12,
      16,
      17
    ],
    [
      12,
      17,
      13
    ],
    [
      13,
      17,
      18
    ],
    [
      13,
      18,
      14
    ],
    [
      14,
      18,
      19
    ]
  ],
  "uvs": [
    [
      0.45166,
      0.384277
    ],
    [
      0.477783,
      0.384277
    ],
    [
      0.503906,
      0.384277
    ],
    [
      0.530029,
      0.384277
    ],
    [
      0.556152,
      0.384277
    ],
    [
      0.45166,
      0.403483
    ],
    [
      0.477783,
      0.403483
    ],
    [
      0.503906,
      0.403483
    ],
    [
      0.530029,
      0.403483
    ],
    [
      0.556152,
      0.403483
    ],
    [
      0.45166,
      0.422689
    ],
    [
      0.477783,
      0.422689
    ],
    [
      0.503906,
      0.422689
    ],
    [
      0.530029,
      0.422689
    ],
    [
      0.556152,
      0.422689
    ],
    [
      0.45166,
      0.441895
    ],
    [
      0.477783,
      0.441895
    ],
    [
      0.503906,
      0.441895
    ],
    [
      0.530029,
      0.441895
    ],
    [
      0.556152,
      0.441895
    ]
  ],
  "mesh_path": "meshes/mouth_small_open.json"
}
