{
  "part_id": "mouth_base_clean",
  "vertices": [
    [
      906.0,
      765.0
    ],
    [
      970.5,
      765.0
    ],
    [
      1035.0,
      765.0
    ],
    [
      1099.5,
      765.0
    ],
    [
      1164.0,
      765.0
    ],
    [
      906.0,
      818.333
    ],
    [
      970.5,
      818.333
    ],
    [
      1035.0,
      818.333
    ],
    [
      1099.5,
      818.333
    ],
    [
      1164.0,
      818.333
    ],
    [
      906.0,
      871.667
    ],
    [
      970.5,
      871.667
    ],
    [
      1035.0,
      871.667
    ],
    [
      1099.5,
      871.667
    ],
    [
      1164.0,
      871.667
    ],
    [
      906.0,
      925.0
    ],
    [
      970.5,
      925.0
    ],
    [
      1035.0,
      925.0
    ],
    [
      1099.5,
      925.0
    ],
    [
      1164.0,
      925.0
    ]
  ],
  "triangles": [
    [
      0,
      5,
      1
    ],
    [
      1,
      5,
      6
    ],
    [
      1,
      6,
      2
    ],
    [
      2,
      6,
      7
    ],
    [
      2,
      7,
      3
    ],
    [
      3,
      7,
      8
    ],
    [
      3,
      8,
      4
    ],
    [
      4,
      8,
      9
    ],
    [
      5,
      10,
      6
    ],
    [
      6,
      10,
      11
    ],
    [
      6,
      11,
      7
    ],
    [
      7,
      11,
      12
    ],
    [
      7,
      12,
      8
    ],
    [
      8,
      12,
      13
    ],
    [
      8,
      13,
      9
    ],
    [
      9,
      13,
      14
    ],
    [
      10,
      15,
      11
    ],
    [
      11,
      15,
      16
    ],
    [
      11,
      16,
      12
    ],
    [
      12,
      16,
      17
    ],
    [
      12,
      17,
      13
    ],
    [
      13,
      17,
      18
    ],
    [
      13,
      18,
      14
    ],
    [
      14,
      18,
      19
    ]
  ],
  "uvs": [
    [
      0.442383,
      0.373535
    ],
    [
      0.473877,
      0.373535
    ],
    [
      0.505371,
      0.373535
    ],
    [
      0.536865,
      0.373535
    ],
    [
      0.568359,
      0.373535
    ],
    [
      0.442383,
      0.399577
    ],
    [
      0.473877,
      0.399577
    ],
    [
      0.505371,
      0.399577
    ],
    [
      0.536865,
      0.399577
    ],
    [
      0.568359,
      0.399577
    ],
    [
      0.442383,
      0.425618
    ],
    [
      0.473877,
      0.425618
    ],
    [
      0.505371,
      0.425618
    ],
    [
      0.536865,
      0.425618
    ],
    [
      0.568359,
      0.425618
    ],
    [
      0.442383,
      0.45166
    ],
    [
      0.473877,
      0.45166
    ],
    [
      0.505371,
      0.45166
    ],
    [
      0.536865,
      0.45166
    ],
    [
      0.568359,
      0.45166
    ]
  ],
  "mesh_path": "meshes/mouth_base_clean.json"
}
