{
  "part_id": "mouth_o_vowel",
  "vertices": [
    [
      928.0,
      787.0
    ],
    [
      978.5,
      787.0
    ],
    [
      1029.0,
      787.0
    ],
    [
      1079.5,
      787.0
    ],
    [
      1130.0,
      787.0
    ],
    [
      928.0,
      828.0
    ],
    [
      978.5,
      828.0
    ],
    [
      1029.0,
      828.0
    ],
    [
      1079.5,
      828.0
    ],
    [
      1130.0,
      828.0
    ],
    [
      928.0,
      869.0
    ],
    [
      978.5,
      869.0
    ],
    [
      1029.0,
      869.0
    ],
    [
      1079.5,
      869.0
    ],
    [
      1130.0,
      869.0
    ],
    [
      928.0,
      910.0
    ],
    [
      978.5,
      910.0
    ],
    [
      1029.0,
      910.0
    ],
    [
      1079.5,
      910.0
    ],
    [
      1130.0,
      910.0
    ]
  ],
  "triangles": [
    [
      0,
      5,
      1
    ],
    [
      1,
      5,
      6
    ],
    [
      1,
      6,
      2
    ],
    [
      2,
      6,
      7
    ],
    [
      2,
      7,
      3
    ],
    [
      3,
      7,
      8
    ],
    [
      3,
      8,
      4
    ],
    [
      4,
      8,
      9
    ],
    [
      5,
      10,
      6
    ],
    [
      6,
      10,
      11
    ],
    [
      6,
      11,
      7
    ],
    [
      7,
      11,
      12
    ],
    [
      7,
      12,
      8
    ],
    [
      8,
      12,
      13
    ],
    [
      8,
      13,
      9
    ],
    [
      9,
      13,
      14
    ],
    [
      10,
      15,
      11
    ],
    [
      11,
      15,
      16
    ],
    [
      11,
      16,
      12
    ],
    [
      12,
      16,
      17
    ],
    [
      12,
      17,
      13
    ],
    [
      13,
      17,
      18
    ],
    [
      13,
      18,
      14
    ],
    [
      14,
      18,
      19
    ]
  ],
  "uvs": [
    [
      0.453125,
      0.384277
    ],
    [
      0.477783,
      0.384277
    ],
    [
      0.502441,
      0.384277
    ],
    [
      0.5271,
      0.384277
    ],
    [
      0.551758,
      0.384277
    ],
    [
      0.453125,
      0.404297
    ],
    [
      0.477783,
      0.404297
    ],
    [
      0.502441,
      0.404297
    ],
    [
      0.5271,
      0.404297
    ],
    [
      0.551758,
      0.404297
    ],
    [
      0.453125,
      0.424316
    ],
    [
      0.477783,
      0.424316
    ],
    [
      0.502441,
      0.424316
    ],
    [
      0.5271,
      0.424316
    ],
    [
      0.551758,
      0.424316
    ],
    [
      0.453125,
      0.444336
    ],
    [
      0.477783,
      0.444336
    ],
    [
      0.502441,
      0.444336
    ],
    [
      0.5271,
      0.444336
    ],
    [
      0.551758,
      0.444336
    ]
  ],
  "mesh_path": "meshes/mouth_o_vowel.json"
}
