{
  "part_id": "mouth_teeth",
  "vertices": [
    [
      920.0,
      812.0
    ],
    [
      977.5,
      812.0
    ],
    [
      1035.0,
      812.0
    ],
    [
      1092.5,
      812.0
    ],
    [
      1150.0,
      812.0
    ],
    [
      920.0,
      833.667
    ],
    [
      977.5,
      833.667
    ],
    [
      1035.0,
      833.667
    ],
    [
      1092.5,
      833.667
    ],
    [
      1150.0,
      833.667
    ],
    [
      920.0,
      855.333
    ],
    [
      977.5,
      855.333
    ],
    [
      1035.0,
      855.333
    ],
    [
      1092.5,
      855.333
    ],
    [
      1150.0,
      855.333
    ],
    [
      920.0,
      877.0
    ],
    [
      977.5,
      877.0
    ],
    [
      1035.0,
      877.0
    ],
    [
      1092.5,
      877.0
    ],
    [
      1150.0,
      877.0
    ]
  ],
  "triangles": [
    [
      0,
      5,
      1
    ],
    [
      1,
      5,
      6
    ],
    [
      1,
      6,
      2
    ],
    [
      2,
      6,
      7
    ],
    [
      2,
      7,
      3
    ],
    [
      3,
      7,
      8
    ],
    [
      3,
      8,
      4
    ],
    [
      4,
      8,
      9
    ],
    [
      5,
      10,
      6
    ],
    [
      6,
      10,
      11
    ],
    [
      6,
      11,
      7
    ],
    [
      7,
      11,
      12
    ],
    [
      7,
      12,
      8
    ],
    [
      8,
      12,
      13
    ],
    [
      8,
      13,
      9
    ],
    [
      9,
      13,
      14
    ],
    [
      10,
      15,
      11
    ],
    [
      11,
      15,
      16
    ],
    [
      11,
      16,
      12
    ],
    [
      12,
      16,
      17
    ],
    [
      12,
      17,
      13
    ],
    [
      13,
      17,
      18
    ],
    [
      13,
      18,
      14
    ],
    [
      14,
      18,
      19
    ]
  ],
  "uvs": [
    [
      0.449219,
      0.396484
    ],
    [
      0.477295,
      0.396484
    ],
    [
      0.505371,
      0.396484
    ],
    [
      0.533447,
      0.396484
    ],
    [
      0.561523,
      0.396484
    ],
    [
      0.449219,
      0.407064
    ],
    [
      0.477295,
      0.407064
    ],
    [
      0.505371,
      0.407064
    ],
    [
      0.533447,
      0.407064
    ],
    [
      0.561523,
      0.407064
    ],
    [
      0.449219,
      0.417643
    ],
    [
      0.477295,
      0.417643
    ],
    [
      0.505371,
      0.417643
    ],
    [
      0.533447,
      0.417643
    ],
    [
      0.561523,
      0.417643
    ],
    [
      0.449219,
      0.428223
    ],
    [
      0.477295,
      0.428223
    ],
    [
      0.505371,
      0.428223
    ],
    [
      0.533447,
      0.428223
    ],
    [
      0.561523,
      0.428223
    ]
  ],
  "mesh_path": "meshes/mouth_teeth.json"
}
