{
  "part_id": "mouth_tongue",
  "vertices": [
    [
      932.0,
      788.0
    ],
    [
      983.25,
      788.0
    ],
    [
      1034.5,
      788.0
    ],
    [
      1085.75,
      788.0
    ],
    [
      1137.0,
      788.0
    ],
    [
      932.0,
      826.0
    ],
    [
      983.25,
      826.0
    ],
    [
      1034.5,
      826.0
    ],
    [
      1085.75,
      826.0
    ],
    [
      1137.0,
      826.0
    ],
    [
      932.0,
      864.0
    ],
    [
      983.25,
      864.0
    ],
    [
      1034.5,
      864.0
    ],
    [
      1085.75,
      864.0
    ],
    [
      1137.0,
      864.0
    ],
    [
      932.0,
      902.0
    ],
    [
      983.25,
      902.0
    ],
    [
      1034.5,
      902.0
    ],
    [
      1085.75,
      902.0
    ],
    [
      1137.0,
      902.0
    ]
  ],
  "triangles": [
    [
      0,
      5,
      1
    ],
    [
      1,
      5,
      6
    ],
    [
      1,
      6,
      2
    ],
    [
      2,
      6,
      7
    ],
    [
      2,
      7,
      3
    ],
    [
      3,
      7,
      8
    ],
    [
      3,
      8,
      4
    ],
    [
      4,
      8,
      9
    ],
    [
      5,
      10,
      6
    ],
    [
      6,
      10,
      11
    ],
    [
      6,
      11,
      7
    ],
    [
      7,
      11,
      12
    ],
    [
      7,
      12,
      8
    ],
    [
      8,
      12,
      13
    ],
    [
      8,
      13,
      9
    ],
    [
      9,
      13,
      14
    ],
    [
      10,
      15,
      11
    ],
    [
      11,
      15,
      16
    ],
    [
      11,
      16,
      12
    ],
    [
      12,
      16,
      17
    ],
    [
      12,
      17,
      13
    ],
    [
      13,
      17,
      18
    ],
    [
      13,
      18,
      14
    ],
    [
      14,
      18,
      19
    ]
  ],
  "uvs": [
    [
      0.455078,
      0.384766
    ],
    [
      0.480103,
      0.384766
    ],
    [
      0.505127,
      0.384766
    ],
    [
      0.530151,
      0.384766
    ],
    [
      0.555176,
      0.384766
    ],
    [
      0.455078,
      0.40332
    ],
    [
      0.480103,
      0.40332
    ],
    [
      0.505127,
      0.40332
    ],
    [
      0.530151,
      0.40332
    ],
    [
      0.555176,
      0.40332
    ],
    [
      0.455078,
      0.421875
    ],
    [
      0.480103,
      0.421875
    ],
    [
      0.505127,
      0.421875
    ],
    [
      0.530151,
      0.421875
    ],
    [
      0.555176,
      0.421875
    ],
    [
      0.455078,
      0.44043
    ],
    [
      0.480103,
      0.44043
    ],
    [
      0.505127,
      0.44043
    ],
    [
      0.530151,
      0.44043
    ],
    [
      0.555176,
      0.44043
    ]
  ],
  "mesh_path": "meshes/mouth_tongue.json"
}
