{
  "part_id": "mouth_wide_open",
  "vertices": [
    [
      936.0,
      782.0
    ],
    [
      989.75,
      782.0
    ],
    [
      1043.5,
      782.0
    ],
    [
      1097.25,
      782.0
    ],
    [
      1151.0,
      782.0
    ],
    [
      936.0,
      822.333
    ],
    [
      989.75,
      822.333
    ],
    [
      1043.5,
      822.333
    ],
    [
      1097.25,
      822.333
    ],
    [
      1151.0,
      822.333
    ],
    [
      936.0,
      862.667
    ],
    [
      989.75,
      862.667
    ],
    [
      1043.5,
      862.667
    ],
    [
      1097.25,
      862.667
    ],
    [
      1151.0,
      862.667
    ],
    [
      936.0,
      903.0
    ],
    [
      989.75,
      903.0
    ],
    [
      1043.5,
      903.0
    ],
    [
      1097.25,
      903.0
    ],
    [
      1151.0,
      903.0
    ]
  ],
  "triangles": [
    [
      0,
      5,
      1
    ],
    [
      1,
      5,
      6
    ],
    [
      1,
      6,
      2
    ],
    [
      2,
      6,
      7
    ],
    [
      2,
      7,
      3
    ],
    [
      3,
      7,
      8
    ],
    [
      3,
      8,
      4
    ],
    [
      4,
      8,
      9
    ],
    [
      5,
      10,
      6
    ],
    [
      6,
      10,
      11
    ],
    [
      6,
      11,
      7
    ],
    [
      7,
      11,
      12
    ],
    [
      7,
      12,
      8
    ],
    [
      8,
      12,
      13
    ],
    [
      8,
      13,
      9
    ],
    [
      9,
      13,
      14
    ],
    [
      10,
      15,
      11
    ],
    [
      11,
      15,
      16
    ],
    [
      11,
      16,
      12
    ],
    [
      12,
      16,
      17
    ],
    [
      12,
      17,
      13
    ],
    [
      13,
      17,
      18
    ],
    [
      13,
      18,
      14
    ],
    [
      14,
      18,
      19
    ]
  ],
  "uvs": [
    [
      0.457031,
      0.381836
    ],
    [
      0.483276,
      0.381836
    ],
    [
      0.509521,
      0.381836
    ],
    [
      0.535767,
      0.381836
    ],
    [
      0.562012,
      0.381836
    ],
    [
      0.457031,
      0.40153
    ],
    [
      0.483276,
      0.40153
    ],
    [
      0.509521,
      0.40153
    ],
    [
      0.535767,
      0.40153
    ],
    [
      0.562012,
      0.40153
    ],
    [
      0.457031,
      0.421224
    ],
    [
      0.483276,
      0.421224
    ],
    [
      0.509521,
      0.421224
    ],
    [
      0.535767,
      0.421224
    ],
    [
      0.562012,
      0.421224
    ],
    [
      0.457031,
      0.440918
    ],
    [
      0.483276,
      0.440918
    ],
    [
      0.509521,
      0.440918
    ],
    [
      0.535767,
      0.440918
    ],
    [
      0.562012,
      0.440918
    ]
  ],
  "mesh_path": "meshes/mouth_wide_open.json"
}
