{
  "part_id": "eye_L_pupil",
  "vertices": [
    [
      842.0,
      632.0
    ],
    [
      863.5,
      632.0
    ],
    [
      885.0,
      632.0
    ],
    [
      906.5,
      632.0
    ],
    [
      928.0,
      632.0
    ],
    [
      842.0,
      654.0
    ],
    [
      863.5,
      654.0
    ],
    [
      885.0,
      654.0
    ],
    [
      906.5,
      654.0
    ],
    [
      928.0,
      654.0
    ],
    [
      842.0,
      676.0
    ],
    [
      863.5,
      676.0
    ],
    [
      885.0,
      676.0
    ],
    [
      906.5,
      676.0
    ],
    [
      928.0,
      676.0
    ],
    [
      842.0,
      698.0
    ],
    [
      863.5,
      698.0
    ],
    [
      885.0,
      698.0
    ],
    [
      906.5,
      698.0
    ],
    [
      928.0,
      698.0
    ]
  ],
  "triangles": [
    [
      0,
      5,
      1
    ],
    [
      1,
      5,
      6
    ],
    [
      1,
      6,
      2
    ],
    [
      2,
      6,
      7
    ],
    [
      2,
      7,
      3
    ],
    [
      3,
      7,
      8
    ],
    [
      3,
      8,
      4
    ],
    [
      4,
      8,
      9
    ],
    [
      5,
      10,
      6
    ],
    [
      6,
      10,
      11
    ],
    [
      6,
      11,
      7
    ],
    [
      7,
      11,
      12
    ],
    [
      7,
      12,
      8
    ],
    [
      8,
      12,
      13
    ],
    [
      8,
      13,
      9
    ],
    [
      9,
      13,
      14
    ],
    [
      10,
      15,
      11
    ],
    [
      11,
      15,
      16
    ],
    [
      11,
      16,
      12
    ],
    [
      12,
      16,
      17
    ],
    [
      12,
      17,
      13
    ],
    [
      13,
      17,
      18
    ],
    [
      13,
      18,
      14
    ],
    [
      14,
      18,
      19
    ]
  ],
  "uvs": [
    [
      0.411133,
      0.308594
    ],
    [
      0.421631,
      0.308594
    ],
    [
      0.432129,
      0.308594
    ],
    [
      0.442627,
      0.308594
    ],
    [
      0.453125,
      0.308594
    ],
    [
      0.411133,
      0.319336
    ],
    [
      0.421631,
      0.319336
    ],
    [
      0.432129,
      0.319336
    ],
    [
      0.442627,
      0.319336
    ],
    [
      0.453125,
      0.319336
    ],
    [
      0.411133,
      0.330078
    ],
    [
      0.421631,
      0.330078
    ],
    [
      0.432129,
      0.330078
    ],
    [
      0.442627,
      0.330078
    ],
    [
      0.453125,
      0.330078
    ],
    [
      0.411133,
      0.34082
    ],
    [
      0.421631,
      0.34082
    ],
    [
      0.432129,
      0.34082
    ],
    [
      0.442627,
      0.34082
    ],
    [
      0.453125,
      0.34082
    ]
  ],
  "mesh_path": "meshes/eye_L_pupil.json"
}
