{
  "part_id": "eye_R_iris",
  "vertices": [
    [
      1128.0,
      624.0
    ],
    [
      1147.25,
      624.0
    ],
    [
      1166.5,
      624.0
    ],
    [
      1185.75,
      624.0
    ],
    [
      1205.0,
      624.0
    ],
    [
      1128.0,
      652.0
    ],
    [
      1147.25,
      652.0
    ],
    [
      1166.5,
      652.0
    ],
    [
      1185.75,
      652.0
    ],
    [
      1205.0,
      652.0
    ],
    [
      1128.0,
      680.0
    ],
    [
      1147.25,
      680.0
    ],
    [
      1166.5,
      680.0
    ],
    [
      1185.75,
      680.0
    ],
    [
      1205.0,
      680.0
    ],
    [
      1128.0,
      708.0
    ],
    [
      1147.25,
      708.0
    ],
    [
      1166.5,
      708.0
    ],
    [
      1185.75,
      708.0
    ],
    [
      1205.0,
      708.0
    ]
  ],
  "triangles": [
    [
      0,
      5,
      1
    ],
    [
      1,
      5,
      6
    ],
    [
      1,
      6,
      2
    ],
    [
      2,
      6,
      7
    ],
    [
      2,
      7,
      3
    ],
    [
      3,
      7,
      8
    ],
    [
      3,
      8,
      4
    ],
    [
      4,
      8,
      9
    ],
    [
      5,
      10,
      6
    ],
    [
      6,
      10,
      11
    ],
    [
      6,
      11,
      7
    ],
    [
      7,
      11,
      12
    ],
    [
      7,
      12,
      8
    ],
    [
      8,
      12,
      13
    ],
    [
      8,
      13,
      9
    ],
    [
      9,
      13,
      14
    ],
    [
      10,
      15,
      11
    ],
    [
      11,
      15,
      16
    ],
    [
      11,
      16,
      12
    ],
    [
      12,
      16,
      17
    ],
    [
      12,
      17,
      13
    ],
    [
      13,
      17,
      18
    ],
    [
      13,
      18,
      14
    ],
    [
      14,
      18,
      19
    ]
  ],
  "uvs": [
    [
      0.550781,
      0.304688
    ],
    [
      0.560181,
      0.304688
    ],
    [
      0.56958,
      0.304688
    ],
    [
      0.578979,
      0.304688
    ],
    [
      0.588379,
      0.304688
    ],
    [
      0.550781,
      0.318359
    ],
    [
      0.560181,
      0.318359
    ],
    [
      0.56958,
      0.318359
    ],
    [
      0.578979,
      0.318359
    ],
    [
      0.588379,
      0.318359
    ],
    [
      0.550781,
      0.332031
    ],
    [
      0.560181,
      0.332031
    ],
    [
      0.56958,
      0.332031
    ],
    [
      0.578979,
      0.332031
    ],
    [
      0.588379,
      0.332031
    ],
    [
      0.550781,
      0.345703
    ],
    [
      0.560181,
      0.345703
    ],
    [
      0.56958,
      0.345703
    ],
    [
      0.578979,
      0.345703
    ],
    [
      0.588379,
      0.345703
    ]
  ],
  "mesh_path": "meshes/eye_R_iris.json"
}
