{
  "part_id": "eye_L_closed_lid",
  "vertices": [
    [
      793.0,
      640.0
    ],
    [
      834.25,
      640.0
    ],
    [
      875.5,
      640.0
    ],
    [
      916.75,
      640.0
    ],
    [
      958.0,
      640.0
    ],
    [
      793.0,
      661.0
    ],
    [
      834.25,
      661.0
    ],
    [
      875.5,
      661.0
    ],
    [
      916.75,
      661.0
    ],
    [
      958.0,
      661.0
    ],
    [
      793.0,
      682.0
    ],
    [
      834.25,
      682.0
    ],
    [
      875.5,
      682.0
    ],
    [
      916.75,
      682.0
    ],
    [
      958.0,
      682.0
    ],
    [
      793.0,
      703.0
    ],
    [
      834.25,
      703.0
    ],
    [
      875.5,
      703.0
    ],
    [
      916.75,
      703.0
    ],
    [
      958.0,
      703.0
    ]
  ],
  "triangles": [
    [
      0,
      5,
      1
    ],
    [
      1,
      5,
      6
    ],
    [
      1,
      6,
      2
    ],
    [
      2,
      6,
      7
    ],
    [
      2,
      7,
      3
    ],
    [
      3,
      7,
      8
    ],
    [
      3,
      8,
      4
    ],
    [
      4,
      8,
      9
    ],
    [
      5,
      10,
      6
    ],
    [
      6,
      10,
      11
    ],
    [
      6,
      11,
      7
    ],
    [
      7,
      11,
      12
    ],
    [
      7,
      12,
      8
    ],
    [
      8,
      12,
      13
    ],
    [
      8,
      13,
      9
    ],
    [
      9,
      13,
      14
    ],
    [
      10,
      15,
      11
    ],
    [
      11,
      15,
      16
    ],
    [
      11,
      16,
      12
    ],
    [
      12,
      16,
      17
    ],
    [
      12,
      17,
      13
    ],
    [
      13,
      17,
      18
    ],
    [
      13,
      18,
      14
    ],
    [
      14,
      18,
      19
    ]
  ],
  "uvs": [
    [
      0.387207,
      0.3125
    ],
    [
      0.407349,
      0.3125
    ],
    [
      0.42749,
      0.3125
    ],
    [
      0.447632,
      0.3125
    ],
    [
      0.467773,
      0.3125
    ],
    [
      0.387207,
      0.322754
    ],
    [
      0.407349,
      0.322754
    ],
    [
      0.42749,
      0.322754
    ],
    [
      0.447632,
      0.322754
    ],
    [
      0.467773,
      0.322754
    ],
    [
      0.387207,
      0.333008
    ],
    [
      0.407349,
      0.333008
    ],
    [
      0.42749,
      0.333008
    ],
    [
      0.447632,
      0.333008
    ],
    [
      0.467773,
      0.333008
    ],
    [
      0.387207,
      0.343262
    ],
    [
      0.407349,
      0.343262
    ],
    [
      0.42749,
      0.343262
    ],
    [
      0.447632,
      0.343262
    ],
    [
      0.467773,
      0.343262
    ]
  ],
  "mesh_path": "meshes/eye_L_closed_lid.json"
}
