{
  "part_id": "eye_R_closed_lid",
  "vertices": [
    [
      1097.0,
      637.0
    ],
    [
      1137.5,
      637.0
    ],
    [
      1178.0,
      637.0
    ],
    [
      1218.5,
      637.0
    ],
    [
      1259.0,
      637.0
    ],
    [
      1097.0,
      657.667
    ],
    [
      1137.5,
      657.667
    ],
    [
      1178.0,
      657.667
    ],
    [
      1218.5,
      657.667
    ],
    [
      1259.0,
      657.667
    ],
    [
      1097.0,
      678.333
    ],
    [
      1137.5,
      678.333
    ],
    [
      1178.0,
      678.333
    ],
    [
      1218.5,
      678.333
    ],
    [
      1259.0,
      678.333
    ],
    [
      1097.0,
      699.0
    ],
    [
      1137.5,
      699.0
    ],
    [
      1178.0,
      699.0
    ],
    [
      1218.5,
      699.0
    ],
    [
      1259.0,
      699.0
    ]
  ],
  "triangles": [
    [
      0,
      5,
      1
    ],
    [
      1,
      5,
      6
    ],
    [
      1,
      6,
      2
    ],
    [
      2,
      6,
      7
    ],
    [
      2,
      7,
      3
    ],
    [
      3,
      7,
      8
    ],
    [
      3,
      8,
      4
    ],
    [
      4,
      8,
      9
    ],
    [
      5,
      10,
      6
    ],
    [
      6,
      10,
      11
    ],
    [
      6,
      11,
      7
    ],
    [
      7,
      11,
      12
    ],
    [
      7,
      12,
      8
    ],
    [
      8,
      12,
      13
    ],
    [
      8,
      13,
      9
    ],
    [
      9,
      13,
      14
    ],
    [
      10,
      15,
      11
    ],
    [
      11,
      15,
      16
    ],
    [
      11,
      16,
      12
    ],
    [
      12,
      16,
      17
    ],
    [
      12,
      17,
      13
    ],
    [
      13,
      17,
      18
    ],
    [
      13,
      18,
      14
    ],
    [
      14,
      18,
      19
    ]
  ],
  "uvs": [
    [
      0.535645,
      0.311035
    ],
    [
      0.55542,
      0.311035
    ],
    [
      0.575195,
      0.311035
    ],
    [
      0.594971,
      0.311035
    ],
    [
      0.614746,
      0.311035
    ],
    [
      0.535645,
      0.321126
    ],
    [
      0.55542,
      0.321126
    ],
    [
      0.575195,
      0.321126
    ],
    [
      0.594971,
      0.321126
    ],
    [
      0.614746,
      0.321126
    ],
    [
      0.535645,
      0.331217
    ],
    [
      0.55542,
      0.331217
    ],
    [
      0.575195,
      0.331217
    ],
    [
      0.594971,
      0.331217
    ],
    [
      0.614746,
      0.331217
    ],
    [
      0.535645,
      0.341309
    ],
    [
      0.55542,
      0.341309
    ],
    [
      0.575195,
      0.341309
    ],
    [
      0.594971,
      0.341309
    ],
    [
      0.614746,
      0.341309
    ]
  ],
  "mesh_path": "meshes/eye_R_closed_lid.json"
}
