{
  "part_id": "eye_L_iris",
  "vertices": [
    [
      846.0,
      624.0
    ],
    [
      865.25,
      624.0
    ],
    [
      884.5,
      624.0
    ],
    [
      903.75,
      624.0
    ],
    [
      923.0,
      624.0
    ],
    [
      846.0,
      652.0
    ],
    [
      865.25,
      652.0
    ],
    [
      884.5,
      652.0
    ],
    [
      903.75,
      652.0
    ],
    [
      923.0,
      652.0
    ],
    [
      846.0,
      680.0
    ],
    [
      865.25,
      680.0
    ],
    [
      884.5,
      680.0
    ],
    [
      903.75,
      680.0
    ],
    [
      923.0,
      680.0
    ],
    [
      846.0,
      708.0
    ],
    [
      865.25,
      708.0
    ],
    [
      884.5,
      708.0
    ],
    [
      903.75,
      708.0
    ],
    [
      923.0,
      708.0
    ]
  ],
  "triangles": [
    [
      0,
      5,
      1
    ],
    [
      1,
      5,
      6
    ],
    [
      1,
      6,
      2
    ],
    [
      2,
      6,
      7
    ],
    [
      2,
      7,
      3
    ],
    [
      3,
      7,
      8
    ],
    [
      3,
      8,
      4
    ],
    [
      4,
      8,
      9
    ],
    [
      5,
      10,
      6
    ],
    [
      6,
      10,
      11
    ],
    [
      6,
      11,
      7
    ],
    [
      7,
      11,
      12
    ],
    [
      7,
      12,
      8
    ],
    [
      8,
      12,
      13
    ],
    [
      8,
      13,
      9
    ],
    [
      9,
      13,
      14
    ],
    [
      10,
      15,
      11
    ],
    [
      11,
      15,
      16
    ],
    [
      11,
      16,
      12
    ],
    [
      12,
      16,
      17
    ],
    [
      12,
      17,
      13
    ],
    [
      13,
      17,
      18
    ],
    [
      13,
      18,
      14
    ],
    [
      14,
      18,
      19
    ]
  ],
  "uvs": [
    [
      0.413086,
      0.304688
    ],
    [
      0.422485,
      0.304688
    ],
    [
      0.431885,
      0.304688
    ],
    [
      0.441284,
      0.304688
    ],
    [
      0.450684,
      0.304688
    ],
    [
      0.413086,
      0.318359
    ],
    [
      0.422485,
      0.318359
    ],
    [
      0.431885,
      0.318359
    ],
    [
      0.441284,
      0.318359
    ],
    [
      0.450684,
      0.318359
    ],
    [
      0.413086,
      0.332031
    ],
    [
      0.422485,
      0.332031
    ],
    [
      0.431885,
      0.332031
    ],
    [
      0.441284,
      0.332031
    ],
    [
      0.450684,
      0.332031
    ],
    [
      0.413086,
      0.345703
    ],
    [
      0.422485,
      0.345703
    ],
    [
      0.431885,
      0.345703
    ],
    [
      0.441284,
      0.345703
    ],
    [
      0.450684,
      0.345703
    ]
  ],
  "mesh_path": "meshes/eye_L_iris.json"
}
