{
  "part_id": "eye_R_closed_lid",
  "vertices": [
    [
      1070.0,
      690.0
    ],
    [
      1116.25,
      690.0
    ],
    [
      1162.5,
      690.0
    ],
    [
      1208.75,
      690.0
    ],
    [
      1255.0,
      690.0
    ],
    [
      1070.0,
      708.333
    ],
    [
      1116.25,
      708.333
    ],
    [
      1162.5,
      708.333
    ],
    [
      1208.75,
      708.333
    ],
    [
      1255.0,
      708.333
    ],
    [
      1070.0,
      726.667
    ],
    [
      1116.25,
      726.667
    ],
    [
      1162.5,
      726.667
    ],
    [
      1208.75,
      726.667
    ],
    [
      1255.0,
      726.667
    ],
    [
      1070.0,
      745.0
    ],
    [
      1116.25,
      745.0
    ],
    [
      1162.5,
      745.0
    ],
    [
      1208.75,
      745.0
    ],
    [
      1255.0,
      745.0
    ]
  ],
  "triangles": [
    [
      0,
      5,
      1
    ],
    [
      1,
      5,
      6
    ],
    [
      1,
      6,
      2
    ],
    [
      2,
      6,
      7
    ],
    [
      2,
      7,
      3
    ],
    [
      3,
      7,
      8
    ],
    [
      3,
      8,
      4
    ],
    [
      4,
      8,
      9
    ],
    [
      5,
      10,
      6
    ],
    [
      6,
      10,
      11
    ],
    [
      6,
      11,
      7
    ],
    [
      7,
      11,
      12
    ],
    [
      7,
      12,
      8
    ],
    [
      8,
      12,
      13
    ],
    [
      8,
      13,
      9
    ],
    [
      9,
      13,
      14
    ],
    [
      10,
      15,
      11
    ],
    [
      11,
      15,
      16
    ],
    [
      11,
      16,
      12
    ],
    [
      12,
      16,
      17
    ],
    [
      12,
      17,
      13
    ],
    [
      13,
      17,
      18
    ],
    [
      13,
      18,
      14
    ],
    [
      14,
      18,
      19
    ]
  ],
  "uvs": [
    [
      0.522461,
      0.336914
    ],
    [
      0.545044,
      0.336914
    ],
    [
      0.567627,
      0.336914
    ],
    [
      0.59021,
      0.336914
    ],
    [
      0.612793,
      0.336914
    ],
    [
      0.522461,
      0.345866
    ],
    [
      0.545044,
      0.345866
    ],
    [
      0.567627,
      0.345866
    ],
    [
      0.59021,
      0.345866
    ],
    [
      0.612793,
      0.345866
    ],
    [
      0.522461,
      0.354818
    ],
    [
      0.545044,
      0.354818
    ],
    [
      0.567627,
      0.354818
    ],
    [
      0.59021,
      0.354818
    ],
    [
      0.612793,
      0.354818
    ],
    [
      0.522461,
      0.36377
    ],
    [
      0.545044,
      0.36377
    ],
    [
      0.567627,
      0.36377
    ],
    [
      0.59021,
      0.36377
    ],
    [
      0.612793,
      0.36377
    ]
  ],
  "boundary_vertex_ids": [
    0,
    1,
    2,
    3,
    4,
    5,
    9,
    10,
    14,
    15,
    16,
    17,
    18,
    19
  ],
  "mesh_strategy": {
    "kind": "material_pack_alpha_bbox_grid",
    "cols": 4,
    "rows": 3,
    "note": "Mini Cubism preview mesh only; not final Cubism ArtMesh quality."
  },
  "mesh_path": "meshes/eye_R_closed_lid.json"
}
