{
  "part_id": "eye_L_iris",
  "vertices": [
    [
      900.0,
      702.0
    ],
    [
      918.0,
      702.0
    ],
    [
      936.0,
      702.0
    ],
    [
      954.0,
      702.0
    ],
    [
      972.0,
      702.0
    ],
    [
      900.0,
      718.667
    ],
    [
      918.0,
      718.667
    ],
    [
      936.0,
      718.667
    ],
    [
      954.0,
      718.667
    ],
    [
      972.0,
      718.667
    ],
    [
      900.0,
      735.333
    ],
    [
      918.0,
      735.333
    ],
    [
      936.0,
      735.333
    ],
    [
      954.0,
      735.333
    ],
    [
      972.0,
      735.333
    ],
    [
      900.0,
      752.0
    ],
    [
      918.0,
      752.0
    ],
    [
      936.0,
      752.0
    ],
    [
      954.0,
      752.0
    ],
    [
      972.0,
      752.0
    ]
  ],
  "triangles": [
    [
      0,
      5,
      1
    ],
    [
      1,
      5,
      6
    ],
    [
      1,
      6,
      2
    ],
    [
      2,
      6,
      7
    ],
    [
      2,
      7,
      3
    ],
    [
      3,
      7,
      8
    ],
    [
      3,
      8,
      4
    ],
    [
      4,
      8,
      9
    ],
    [
      5,
      10,
      6
    ],
    [
      6,
      10,
      11
    ],
    [
      6,
      11,
      7
    ],
    [
      7,
      11,
      12
    ],
    [
      7,
      12,
      8
    ],
    [
      8,
      12,
      13
    ],
    [
      8,
      13,
      9
    ],
    [
      9,
      13,
      14
    ],
    [
      10,
      15,
      11
    ],
    [
      11,
      15,
      16
    ],
    [
      11,
      16,
      12
    ],
    [
      12,
      16,
      17
    ],
    [
      12,
      17,
      13
    ],
    [
      13,
      17,
      18
    ],
    [
      13,
      18,
      14
    ],
    [
      14,
      18,
      19
    ]
  ],
  "uvs": [
    [
      0.439453,
      0.342773
    ],
    [
      0.448242,
      0.342773
    ],
    [
      0.457031,
      0.342773
    ],
    [
      0.46582,
      0.342773
    ],
    [
      0.474609,
      0.342773
    ],
    [
      0.439453,
      0.350911
    ],
    [
      0.448242,
      0.350911
    ],
    [
      0.457031,
      0.350911
    ],
    [
      0.46582,
      0.350911
    ],
    [
      0.474609,
      0.350911
    ],
    [
      0.439453,
      0.359049
    ],
    [
      0.448242,
      0.359049
    ],
    [
      0.457031,
      0.359049
    ],
    [
      0.46582,
      0.359049
    ],
    [
      0.474609,
      0.359049
    ],
    [
      0.439453,
      0.367188
    ],
    [
      0.448242,
      0.367188
    ],
    [
      0.457031,
      0.367188
    ],
    [
      0.46582,
      0.367188
    ],
    [
      0.474609,
      0.367188
    ]
  ],
  "boundary_vertex_ids": [
    0,
    1,
    2,
    3,
    4,
    5,
    9,
    10,
    14,
    15,
    16,
    17,
    18,
    19
  ],
  "mesh_strategy": {
    "kind": "material_pack_alpha_bbox_grid",
    "cols": 4,
    "rows": 3,
    "note": "Mini Cubism preview mesh only; not final Cubism ArtMesh quality."
  },
  "mesh_path": "meshes/eye_L_iris.json"
}
