{
  "part_id": "mouth_corner_R",
  "vertices": [
    [
      1059.0,
      850.0
    ],
    [
      1061.5,
      850.0
    ],
    [
      1064.0,
      850.0
    ],
    [
      1066.5,
      850.0
    ],
    [
      1069.0,
      850.0
    ],
    [
      1059.0,
      852.333
    ],
    [
      1061.5,
      852.333
    ],
    [
      1064.0,
      852.333
    ],
    [
      1066.5,
      852.333
    ],
    [
      1069.0,
      852.333
    ],
    [
      1059.0,
      854.667
    ],
    [
      1061.5,
      854.667
    ],
    [
      1064.0,
      854.667
    ],
    [
      1066.5,
      854.667
    ],
    [
      1069.0,
      854.667
    ],
    [
      1059.0,
      857.0
    ],
    [
      1061.5,
      857.0
    ],
    [
      1064.0,
      857.0
    ],
    [
      1066.5,
      857.0
    ],
    [
      1069.0,
      857.0
    ]
  ],
  "triangles": [
    [
      0,
      5,
      1
    ],
    [
      1,
      5,
      6
    ],
    [
      1,
      6,
      2
    ],
    [
      2,
      6,
      7
    ],
    [
      2,
      7,
      3
    ],
    [
      3,
      7,
      8
    ],
    [
      3,
      8,
      4
    ],
    [
      4,
      8,
      9
    ],
    [
      5,
      10,
      6
    ],
    [
      6,
      10,
      11
    ],
    [
      6,
      11,
      7
    ],
    [
      7,
      11,
      12
    ],
    [
      7,
      12,
      8
    ],
    [
      8,
      12,
      13
    ],
    [
      8,
      13,
      9
    ],
    [
      9,
      13,
      14
    ],
    [
      10,
      15,
      11
    ],
    [
      11,
      15,
      16
    ],
    [
      11,
      16,
      12
    ],
    [
      12,
      16,
      17
    ],
    [
      12,
      17,
      13
    ],
    [
      13,
      17,
      18
    ],
    [
      13,
      18,
      14
    ],
    [
      14,
      18,
      19
    ]
  ],
  "uvs": [
    [
      0.51709,
      0.415039
    ],
    [
      0.518311,
      0.415039
    ],
    [
      0.519531,
      0.415039
    ],
    [
      0.520752,
      0.415039
    ],
    [
      0.521973,
      0.415039
    ],
    [
      0.51709,
      0.416178
    ],
    [
      0.518311,
      0.416178
    ],
    [
      0.519531,
      0.416178
    ],
    [
      0.520752,
      0.416178
    ],
    [
      0.521973,
      0.416178
    ],
    [
      0.51709,
      0.417318
    ],
    [
      0.518311,
      0.417318
    ],
    [
      0.519531,
      0.417318
    ],
    [
      0.520752,
      0.417318
    ],
    [
      0.521973,
      0.417318
    ],
    [
      0.51709,
      0.418457
    ],
    [
      0.518311,
      0.418457
    ],
    [
      0.519531,
      0.418457
    ],
    [
      0.520752,
      0.418457
    ],
    [
      0.521973,
      0.418457
    ]
  ],
  "boundary_vertex_ids": [
    0,
    1,
    2,
    3,
    4,
    5,
    9,
    10,
    14,
    15,
    16,
    17,
    18,
    19
  ],
  "mesh_strategy": {
    "kind": "material_pack_alpha_bbox_grid",
    "cols": 4,
    "rows": 3,
    "note": "Mini Cubism preview mesh only; not final Cubism ArtMesh quality."
  },
  "mesh_path": "meshes/mouth_corner_R.json"
}
