{
  "part_id": "mouth_corner_L",
  "vertices": [
    [
      989.0,
      848.0
    ],
    [
      992.25,
      848.0
    ],
    [
      995.5,
      848.0
    ],
    [
      998.75,
      848.0
    ],
    [
      1002.0,
      848.0
    ],
    [
      989.0,
      851.667
    ],
    [
      992.25,
      851.667
    ],
    [
      995.5,
      851.667
    ],
    [
      998.75,
      851.667
    ],
    [
      1002.0,
      851.667
    ],
    [
      989.0,
      855.333
    ],
    [
      992.25,
      855.333
    ],
    [
      995.5,
      855.333
    ],
    [
      998.75,
      855.333
    ],
    [
      1002.0,
      855.333
    ],
    [
      989.0,
      859.0
    ],
    [
      992.25,
      859.0
    ],
    [
      995.5,
      859.0
    ],
    [
      998.75,
      859.0
    ],
    [
      1002.0,
      859.0
    ]
  ],
  "triangles": [
    [
      0,
      5,
      1
    ],
    [
      1,
      5,
      6
    ],
    [
      1,
      6,
      2
    ],
    [
      2,
      6,
      7
    ],
    [
      2,
      7,
      3
    ],
    [
      3,
      7,
      8
    ],
    [
      3,
      8,
      4
    ],
    [
      4,
      8,
      9
    ],
    [
      5,
      10,
      6
    ],
    [
      6,
      10,
      11
    ],
    [
      6,
      11,
      7
    ],
    [
      7,
      11,
      12
    ],
    [
      7,
      12,
      8
    ],
    [
      8,
      12,
      13
    ],
    [
      8,
      13,
      9
    ],
    [
      9,
      13,
      14
    ],
    [
      10,
      15,
      11
    ],
    [
      11,
      15,
      16
    ],
    [
      11,
      16,
      12
    ],
    [
      12,
      16,
      17
    ],
    [
      12,
      17,
      13
    ],
    [
      13,
      17,
      18
    ],
    [
      13,
      18,
      14
    ],
    [
      14,
      18,
      19
    ]
  ],
  "uvs": [
    [
      0.48291,
      0.414062
    ],
    [
      0.484497,
      0.414062
    ],
    [
      0.486084,
      0.414062
    ],
    [
      0.487671,
      0.414062
    ],
    [
      0.489258,
      0.414062
    ],
    [
      0.48291,
      0.415853
    ],
    [
      0.484497,
      0.415853
    ],
    [
      0.486084,
      0.415853
    ],
    [
      0.487671,
      0.415853
    ],
    [
      0.489258,
      0.415853
    ],
    [
      0.48291,
      0.417643
    ],
    [
      0.484497,
      0.417643
    ],
    [
      0.486084,
      0.417643
    ],
    [
      0.487671,
      0.417643
    ],
    [
      0.489258,
      0.417643
    ],
    [
      0.48291,
      0.419434
    ],
    [
      0.484497,
      0.419434
    ],
    [
      0.486084,
      0.419434
    ],
    [
      0.487671,
      0.419434
    ],
    [
      0.489258,
      0.419434
    ]
  ],
  "boundary_vertex_ids": [
    0,
    1,
    2,
    3,
    4,
    5,
    9,
    10,
    14,
    15,
    16,
    17,
    18,
    19
  ],
  "mesh_strategy": {
    "kind": "material_pack_alpha_bbox_grid",
    "cols": 4,
    "rows": 3,
    "note": "Mini Cubism preview mesh only; not final Cubism ArtMesh quality."
  },
  "mesh_path": "meshes/mouth_corner_L.json"
}
