{
  "part_id": "mouth_lower_lip_mask",
  "vertices": [
    [
      974.0,
      1033.0
    ],
    [
      1002.75,
      1033.0
    ],
    [
      1031.5,
      1033.0
    ],
    [
      1060.25,
      1033.0
    ],
    [
      1089.0,
      1033.0
    ],
    [
      974.0,
      1043.667
    ],
    [
      1002.75,
      1043.667
    ],
    [
      1031.5,
      1043.667
    ],
    [
      1060.25,
      1043.667
    ],
    [
      1089.0,
      1043.667
    ],
    [
      974.0,
      1054.333
    ],
    [
      1002.75,
      1054.333
    ],
    [
      1031.5,
      1054.333
    ],
    [
      1060.25,
      1054.333
    ],
    [
      1089.0,
      1054.333
    ],
    [
      974.0,
      1065.0
    ],
    [
      1002.75,
      1065.0
    ],
    [
      1031.5,
      1065.0
    ],
    [
      1060.25,
      1065.0
    ],
    [
      1089.0,
      1065.0
    ]
  ],
  "triangles": [
    [
      0,
      5,
      1
    ],
    [
      1,
      5,
      6
    ],
    [
      1,
      6,
      2
    ],
    [
      2,
      6,
      7
    ],
    [
      2,
      7,
      3
    ],
    [
      3,
      7,
      8
    ],
    [
      3,
      8,
      4
    ],
    [
      4,
      8,
      9
    ],
    [
      5,
      10,
      6
    ],
    [
      6,
      10,
      11
    ],
    [
      6,
      11,
      7
    ],
    [
      7,
      11,
      12
    ],
    [
      7,
      12,
      8
    ],
    [
      8,
      12,
      13
    ],
    [
      8,
      13,
      9
    ],
    [
      9,
      13,
      14
    ],
    [
      10,
      15,
      11
    ],
    [
      11,
      15,
      16
    ],
    [
      11,
      16,
      12
    ],
    [
      12,
      16,
      17
    ],
    [
      12,
      17,
      13
    ],
    [
      13,
      17,
      18
    ],
    [
      13,
      18,
      14
    ],
    [
      14,
      18,
      19
    ]
  ],
  "uvs": [
    [
      0.475586,
      0.504395
    ],
    [
      0.489624,
      0.504395
    ],
    [
      0.503662,
      0.504395
    ],
    [
      0.5177,
      0.504395
    ],
    [
      0.531738,
      0.504395
    ],
    [
      0.475586,
      0.509603
    ],
    [
      0.489624,
      0.509603
    ],
    [
      0.503662,
      0.509603
    ],
    [
      0.5177,
      0.509603
    ],
    [
      0.531738,
      0.509603
    ],
    [
      0.475586,
      0.514811
    ],
    [
      0.489624,
      0.514811
    ],
    [
      0.503662,
      0.514811
    ],
    [
      0.5177,
      0.514811
    ],
    [
      0.531738,
      0.514811
    ],
    [
      0.475586,
      0.52002
    ],
    [
      0.489624,
      0.52002
    ],
    [
      0.503662,
      0.52002
    ],
    [
      0.5177,
      0.52002
    ],
    [
      0.531738,
      0.52002
    ]
  ],
  "boundary_vertex_ids": [
    0,
    1,
    2,
    3,
    4,
    5,
    9,
    10,
    14,
    15,
    16,
    17,
    18,
    19
  ],
  "mesh_strategy": {
    "kind": "material_pack_alpha_bbox_grid",
    "cols": 4,
    "rows": 3,
    "note": "Mini Cubism preview mesh only; not final Cubism ArtMesh quality."
  },
  "mesh_path": "meshes/mouth_lower_lip_mask.json"
}
