{
  "part_id": "mouth_tongue",
  "vertices": [
    [
      1002.0,
      849.0
    ],
    [
      1017.25,
      849.0
    ],
    [
      1032.5,
      849.0
    ],
    [
      1047.75,
      849.0
    ],
    [
      1063.0,
      849.0
    ],
    [
      1002.0,
      860.0
    ],
    [
      1017.25,
      860.0
    ],
    [
      1032.5,
      860.0
    ],
    [
      1047.75,
      860.0
    ],
    [
      1063.0,
      860.0
    ],
    [
      1002.0,
      871.0
    ],
    [
      1017.25,
      871.0
    ],
    [
      1032.5,
      871.0
    ],
    [
      1047.75,
      871.0
    ],
    [
      1063.0,
      871.0
    ],
    [
      1002.0,
      882.0
    ],
    [
      1017.25,
      882.0
    ],
    [
      1032.5,
      882.0
    ],
    [
      1047.75,
      882.0
    ],
    [
      1063.0,
      882.0
    ]
  ],
  "triangles": [
    [
      0,
      5,
      1
    ],
    [
      1,
      5,
      6
    ],
    [
      1,
      6,
      2
    ],
    [
      2,
      6,
      7
    ],
    [
      2,
      7,
      3
    ],
    [
      3,
      7,
      8
    ],
    [
      3,
      8,
      4
    ],
    [
      4,
      8,
      9
    ],
    [
      5,
      10,
      6
    ],
    [
      6,
      10,
      11
    ],
    [
      6,
      11,
      7
    ],
    [
      7,
      11,
      12
    ],
    [
      7,
      12,
      8
    ],
    [
      8,
      12,
      13
    ],
    [
      8,
      13,
      9
    ],
    [
      9,
      13,
      14
    ],
    [
      10,
      15,
      11
    ],
    [
      11,
      15,
      16
    ],
    [
      11,
      16,
      12
    ],
    [
      12,
      16,
      17
    ],
    [
      12,
      17,
      13
    ],
    [
      13,
      17,
      18
    ],
    [
      13,
      18,
      14
    ],
    [
      14,
      18,
      19
    ]
  ],
  "uvs": [
    [
      0.489258,
      0.414551
    ],
    [
      0.496704,
      0.414551
    ],
    [
      0.50415,
      0.414551
    ],
    [
      0.511597,
      0.414551
    ],
    [
      0.519043,
      0.414551
    ],
    [
      0.489258,
      0.419922
    ],
    [
      0.496704,
      0.419922
    ],
    [
      0.50415,
      0.419922
    ],
    [
      0.511597,
      0.419922
    ],
    [
      0.519043,
      0.419922
    ],
    [
      0.489258,
      0.425293
    ],
    [
      0.496704,
      0.425293
    ],
    [
      0.50415,
      0.425293
    ],
    [
      0.511597,
      0.425293
    ],
    [
      0.519043,
      0.425293
    ],
    [
      0.489258,
      0.430664
    ],
    [
      0.496704,
      0.430664
    ],
    [
      0.50415,
      0.430664
    ],
    [
      0.511597,
      0.430664
    ],
    [
      0.519043,
      0.430664
    ]
  ],
  "boundary_vertex_ids": [
    0,
    1,
    2,
    3,
    4,
    5,
    9,
    10,
    14,
    15,
    16,
    17,
    18,
    19
  ],
  "mesh_strategy": {
    "kind": "material_pack_alpha_bbox_grid",
    "cols": 4,
    "rows": 3,
    "note": "Mini Cubism preview mesh only; not final Cubism ArtMesh quality."
  },
  "mesh_path": "meshes/mouth_tongue.json"
}
