{
  "part_id": "accent_gloom",
  "vertices": [
    [
      942.0,
      123.0
    ],
    [
      979.2,
      123.0
    ],
    [
      1016.5,
      123.0
    ],
    [
      1053.8,
      123.0
    ],
    [
      1091.0,
      123.0
    ],
    [
      942.0,
      213.0
    ],
    [
      979.2,
      213.0
    ],
    [
      1016.5,
      213.0
    ],
    [
      1053.8,
      213.0
    ],
    [
      1091.0,
      213.0
    ],
    [
      942.0,
      303.0
    ],
    [
      979.2,
      303.0
    ],
    [
      1016.5,
      303.0
    ],
    [
      1053.8,
      303.0
    ],
    [
      1091.0,
      303.0
    ],
    [
      942.0,
      393.0
    ],
    [
      979.2,
      393.0
    ],
    [
      1016.5,
      393.0
    ],
    [
      1053.8,
      393.0
    ],
    [
      1091.0,
      393.0
    ]
  ],
  "triangles": [
    [
      0,
      5,
      1
    ],
    [
      1,
      5,
      6
    ],
    [
      1,
      6,
      2
    ],
    [
      2,
      6,
      7
    ],
    [
      2,
      7,
      3
    ],
    [
      3,
      7,
      8
    ],
    [
      3,
      8,
      4
    ],
    [
      4,
      8,
      9
    ],
    [
      5,
      10,
      6
    ],
    [
      6,
      10,
      11
    ],
    [
      6,
      11,
      7
    ],
    [
      7,
      11,
      12
    ],
    [
      7,
      12,
      8
    ],
    [
      8,
      12,
      13
    ],
    [
      8,
      13,
      9
    ],
    [
      9,
      13,
      14
    ],
    [
      10,
      15,
      11
    ],
    [
      11,
      15,
      16
    ],
    [
      11,
      16,
      12
    ],
    [
      12,
      16,
      17
    ],
    [
      12,
      17,
      13
    ],
    [
      13,
      17,
      18
    ],
    [
      13,
      18,
      14
    ],
    [
      14,
      18,
      19
    ]
  ],
  "uvs": [
    [
      0.459961,
      0.060059
    ],
    [
      0.478125,
      0.060059
    ],
    [
      0.496338,
      0.060059
    ],
    [
      0.514551,
      0.060059
    ],
    [
      0.532715,
      0.060059
    ],
    [
      0.459961,
      0.104004
    ],
    [
      0.478125,
      0.104004
    ],
    [
      0.496338,
      0.104004
    ],
    [
      0.514551,
      0.104004
    ],
    [
      0.532715,
      0.104004
    ],
    [
      0.459961,
      0.147949
    ],
    [
      0.478125,
      0.147949
    ],
    [
      0.496338,
      0.147949
    ],
    [
      0.514551,
      0.147949
    ],
    [
      0.532715,
      0.147949
    ],
    [
      0.459961,
      0.191895
    ],
    [
      0.478125,
      0.191895
    ],
    [
      0.496338,
      0.191895
    ],
    [
      0.514551,
      0.191895
    ],
    [
      0.532715,
      0.191895
    ]
  ],
  "mesh_path": "meshes/accent_gloom.json"
}
