{
  "part_id": "accent_tear",
  "vertices": [
    [
      1146.0,
      425.0
    ],
    [
      1154.0,
      425.0
    ],
    [
      1162.0,
      425.0
    ],
    [
      1170.0,
      425.0
    ],
    [
      1178.0,
      425.0
    ],
    [
      1146.0,
      450.7
    ],
    [
      1154.0,
      450.7
    ],
    [
      1162.0,
      450.7
    ],
    [
      1170.0,
      450.7
    ],
    [
      1178.0,
      450.7
    ],
    [
      1146.0,
      476.3
    ],
    [
      1154.0,
      476.3
    ],
    [
      1162.0,
      476.3
    ],
    [
      1170.0,
      476.3
    ],
    [
      1178.0,
      476.3
    ],
    [
      1146.0,
      502.0
    ],
    [
      1154.0,
      502.0
    ],
    [
      1162.0,
      502.0
    ],
    [
      1170.0,
      502.0
    ],
    [
      1178.0,
      502.0
    ]
  ],
  "triangles": [
    [
      0,
      5,
      1
    ],
    [
      1,
      5,
      6
    ],
    [
      1,
      6,
      2
    ],
    [
      2,
      6,
      7
    ],
    [
      2,
      7,
      3
    ],
    [
      3,
      7,
      8
    ],
    [
      3,
      8,
      4
    ],
    [
      4,
      8,
      9
    ],
    [
      5,
      10,
      6
    ],
    [
      6,
      10,
      11
    ],
    [
      6,
      11,
      7
    ],
    [
      7,
      11,
      12
    ],
    [
      7,
      12,
      8
    ],
    [
      8,
      12,
      13
    ],
    [
      8,
      13,
      9
    ],
    [
      9,
      13,
      14
    ],
    [
      10,
      15,
      11
    ],
    [
      11,
      15,
      16
    ],
    [
      11,
      16,
      12
    ],
    [
      12,
      16,
      17
    ],
    [
      12,
      17,
      13
    ],
    [
      13,
      17,
      18
    ],
    [
      13,
      18,
      14
    ],
    [
      14,
      18,
      19
    ]
  ],
  "uvs": [
    [
      0.55957,
      0.20752
    ],
    [
      0.563477,
      0.20752
    ],
    [
      0.567383,
      0.20752
    ],
    [
      0.571289,
      0.20752
    ],
    [
      0.575195,
      0.20752
    ],
    [
      0.55957,
      0.220068
    ],
    [
      0.563477,
      0.220068
    ],
    [
      0.567383,
      0.220068
    ],
    [
      0.571289,
      0.220068
    ],
    [
      0.575195,
      0.220068
    ],
    [
      0.55957,
      0.232568
    ],
    [
      0.563477,
      0.232568
    ],
    [
      0.567383,
      0.232568
    ],
    [
      0.571289,
      0.232568
    ],
    [
      0.575195,
      0.232568
    ],
    [
      0.55957,
      0.245117
    ],
    [
      0.563477,
      0.245117
    ],
    [
      0.567383,
      0.245117
    ],
    [
      0.571289,
      0.245117
    ],
    [
      0.575195,
      0.245117
    ]
  ],
  "mesh_path": "meshes/accent_tear.json"
}
