{
  "part_id": "L_ear_outer",
  "vertices": [
    [
      1156.0,
      362.0
    ],
    [
      1178.5,
      362.0
    ],
    [
      1201.0,
      362.0
    ],
    [
      1223.5,
      362.0
    ],
    [
      1246.0,
      362.0
    ],
    [
      1156.0,
      408.0
    ],
    [
      1178.5,
      408.0
    ],
    [
      1201.0,
      408.0
    ],
    [
      1223.5,
      408.0
    ],
    [
      1246.0,
      408.0
    ],
    [
      1156.0,
      454.0
    ],
    [
      1178.5,
      454.0
    ],
    [
      1201.0,
      454.0
    ],
    [
      1223.5,
      454.0
    ],
    [
      1246.0,
      454.0
    ],
    [
      1156.0,
      500.0
    ],
    [
      1178.5,
      500.0
    ],
    [
      1201.0,
      500.0
    ],
    [
      1223.5,
      500.0
    ],
    [
      1246.0,
      500.0
    ]
  ],
  "triangles": [
    [
      0,
      5,
      1
    ],
    [
      1,
      5,
      6
    ],
    [
      1,
      6,
      2
    ],
    [
      2,
      6,
      7
    ],
    [
      2,
      7,
      3
    ],
    [
      3,
      7,
      8
    ],
    [
      3,
      8,
      4
    ],
    [
      4,
      8,
      9
    ],
    [
      5,
      10,
      6
    ],
    [
      6,
      10,
      11
    ],
    [
      6,
      11,
      7
    ],
    [
      7,
      11,
      12
    ],
    [
      7,
      12,
      8
    ],
    [
      8,
      12,
      13
    ],
    [
      8,
      13,
      9
    ],
    [
      9,
      13,
      14
    ],
    [
      10,
      15,
      11
    ],
    [
      11,
      15,
      16
    ],
    [
      11,
      16,
      12
    ],
    [
      12,
      16,
      17
    ],
    [
      12,
      17,
      13
    ],
    [
      13,
      17,
      18
    ],
    [
      13,
      18,
      14
    ],
    [
      14,
      18,
      19
    ]
  ],
  "uvs": [
    [
      0.564453,
      0.176758
    ],
    [
      0.575439,
      0.176758
    ],
    [
      0.586426,
      0.176758
    ],
    [
      0.597412,
      0.176758
    ],
    [
      0.608398,
      0.176758
    ],
    [
      0.564453,
      0.199219
    ],
    [
      0.575439,
      0.199219
    ],
    [
      0.586426,
      0.199219
    ],
    [
      0.597412,
      0.199219
    ],
    [
      0.608398,
      0.199219
    ],
    [
      0.564453,
      0.22168
    ],
    [
      0.575439,
      0.22168
    ],
    [
      0.586426,
      0.22168
    ],
    [
      0.597412,
      0.22168
    ],
    [
      0.608398,
      0.22168
    ],
    [
      0.564453,
      0.244141
    ],
    [
      0.575439,
      0.244141
    ],
    [
      0.586426,
      0.244141
    ],
    [
      0.597412,
      0.244141
    ],
    [
      0.608398,
      0.244141
    ]
  ],
  "mesh_path": "meshes/L_ear_outer.json"
}
