{
  "part_id": "mouth_parts_lower_lip",
  "vertices": [
    [
      987.0,
      568.0
    ],
    [
      1006.0,
      568.0
    ],
    [
      1025.0,
      568.0
    ],
    [
      1044.0,
      568.0
    ],
    [
      1063.0,
      568.0
    ],
    [
      987.0,
      577.3
    ],
    [
      1006.0,
      577.3
    ],
    [
      1025.0,
      577.3
    ],
    [
      1044.0,
      577.3
    ],
    [
      1063.0,
      577.3
    ],
    [
      987.0,
      586.7
    ],
    [
      1006.0,
      586.7
    ],
    [
      1025.0,
      586.7
    ],
    [
      1044.0,
      586.7
    ],
    [
      1063.0,
      586.7
    ],
    [
      987.0,
      596.0
    ],
    [
      1006.0,
      596.0
    ],
    [
      1025.0,
      596.0
    ],
    [
      1044.0,
      596.0
    ],
    [
      1063.0,
      596.0
    ]
  ],
  "triangles": [
    [
      0,
      5,
      1
    ],
    [
      1,
      5,
      6
    ],
    [
      1,
      6,
      2
    ],
    [
      2,
      6,
      7
    ],
    [
      2,
      7,
      3
    ],
    [
      3,
      7,
      8
    ],
    [
      3,
      8,
      4
    ],
    [
      4,
      8,
      9
    ],
    [
      5,
      10,
      6
    ],
    [
      6,
      10,
      11
    ],
    [
      6,
      11,
      7
    ],
    [
      7,
      11,
      12
    ],
    [
      7,
      12,
      8
    ],
    [
      8,
      12,
      13
    ],
    [
      8,
      13,
      9
    ],
    [
      9,
      13,
      14
    ],
    [
      10,
      15,
      11
    ],
    [
      11,
      15,
      16
    ],
    [
      11,
      16,
      12
    ],
    [
      12,
      16,
      17
    ],
    [
      12,
      17,
      13
    ],
    [
      13,
      17,
      18
    ],
    [
      13,
      18,
      14
    ],
    [
      14,
      18,
      19
    ]
  ],
  "uvs": [
    [
      0.481934,
      0.277344
    ],
    [
      0.491211,
      0.277344
    ],
    [
      0.500488,
      0.277344
    ],
    [
      0.509766,
      0.277344
    ],
    [
      0.519043,
      0.277344
    ],
    [
      0.481934,
      0.281885
    ],
    [
      0.491211,
      0.281885
    ],
    [
      0.500488,
      0.281885
    ],
    [
      0.509766,
      0.281885
    ],
    [
      0.519043,
      0.281885
    ],
    [
      0.481934,
      0.286475
    ],
    [
      0.491211,
      0.286475
    ],
    [
      0.500488,
      0.286475
    ],
    [
      0.509766,
      0.286475
    ],
    [
      0.519043,
      0.286475
    ],
    [
      0.481934,
      0.291016
    ],
    [
      0.491211,
      0.291016
    ],
    [
      0.500488,
      0.291016
    ],
    [
      0.509766,
      0.291016
    ],
    [
      0.519043,
      0.291016
    ]
  ],
  "mesh_path": "meshes/mouth_parts_lower_lip.json",
  "vertex_keyforms": {
    "parameter_id": "ParamMouthOpenY",
    "keys": [
      {
        "value": 0.0,
        "vertices": [
          [
            987.0,
            530.6
          ],
          [
            1006.0,
            530.6
          ],
          [
            1025.0,
            530.6
          ],
          [
            1044.0,
            530.6
          ],
          [
            1063.0,
            530.6
          ],
          [
            987.0,
            530.9
          ],
          [
            1006.0,
            530.9
          ],
          [
            1025.0,
            530.9
          ],
          [
            1044.0,
            530.9
          ],
          [
            1063.0,
            530.9
          ],
          [
            987.0,
            531.3
          ],
          [
            1006.0,
            531.3
          ],
          [
            1025.0,
            531.3
          ],
          [
            1044.0,
            531.3
          ],
          [
            1063.0,
            531.3
          ],
          [
            987.0,
            531.7
          ],
          [
            1006.0,
            531.7
          ],
          [
            1025.0,
            531.7
          ],
          [
            1044.0,
            531.7
          ],
          [
            1063.0,
            531.7
          ]
        ]
      },
      {
        "value": 0.25,
        "vertices": [
          [
            987.0,
            540.7
          ],
          [
            1006.0,
            540.7
          ],
          [
            1025.0,
            540.7
          ],
          [
            1044.0,
            540.7
          ],
          [
            1063.0,
            540.7
          ],
          [
            987.0,
            543.5
          ],
          [
            1006.0,
            543.5
          ],
          [
            1025.0,
            543.5
          ],
          [
            1044.0,
            543.5
          ],
          [
            1063.0,
            543.5
          ],
          [
            987.0,
            546.3
          ],
          [
            1006.0,
            546.3
          ],
          [
            1025.0,
            546.3
          ],
          [
            1044.0,
            546.3
          ],
          [
            1063.0,
            546.3
          ],
          [
            987.0,
            549.1
          ],
          [
            1006.0,
            549.1
          ],
          [
            1025.0,
            549.1
          ],
          [
            1044.0,
            549.1
          ],
          [
            1063.0,
            549.1
          ]
        ]
      },
      {
        "value": 0.55,
        "vertices": [
          [
            987.0,
            553.2
          ],
          [
            1006.0,
            553.2
          ],
          [
            1025.0,
            553.2
          ],
          [
            1044.0,
            553.2
          ],
          [
            1063.0,
            553.2
          ],
          [
            987.0,
            558.9
          ],
          [
            1006.0,
            558.9
          ],
          [
            1025.0,
            558.9
          ],
          [
            1044.0,
            558.9
          ],
          [
            1063.0,
            558.9
          ],
          [
            987.0,
            564.8
          ],
          [
            1006.0,
            564.8
          ],
          [
            1025.0,
            564.8
          ],
          [
            1044.0,
            564.8
          ],
          [
            1063.0,
            564.8
          ],
          [
            987.0,
            570.5
          ],
          [
            1006.0,
            570.5
          ],
          [
            1025.0,
            570.5
          ],
          [
            1044.0,
            570.5
          ],
          [
            1063.0,
            570.5
          ]
        ]
      },
      {
        "value": 1.0,