{
  "part_id": "mouth_parts_lower_lip",
  "vertices": [
    [
      987.0,
      550.0
    ],
    [
      1006.0,
      550.0
    ],
    [
      1025.0,
      550.0
    ],
    [
      1044.0,
      550.0
    ],
    [
      1063.0,
      550.0
    ],
    [
      987.0,
      559.3
    ],
    [
      1006.0,
      559.3
    ],
    [
      1025.0,
      559.3
    ],
    [
      1044.0,
      559.3
    ],
    [
      1063.0,
      559.3
    ],
    [
      987.0,
      568.7
    ],
    [
      1006.0,
      568.7
    ],
    [
      1025.0,
      568.7
    ],
    [
      1044.0,
      568.7
    ],
    [
      1063.0,
      568.7
    ],
    [
      987.0,
      578.0
    ],
    [
      1006.0,
      578.0
    ],
    [
      1025.0,
      578.0
    ],
    [
      1044.0,
      578.0
    ],
    [
      1063.0,
      578.0
    ]
  ],
  "triangles": [
    [
      0,
      5,
      1
    ],
    [
      1,
      5,
      6
    ],
    [
      1,
      6,
      2
    ],
    [
      2,
      6,
      7
    ],
    [
      2,
      7,
      3
    ],
    [
      3,
      7,
      8
    ],
    [
      3,
      8,
      4
    ],
    [
      4,
      8,
      9
    ],
    [
      5,
      10,
      6
    ],
    [
      6,
      10,
      11
    ],
    [
      6,
      11,
      7
    ],
    [
      7,
      11,
      12
    ],
    [
      7,
      12,
      8
    ],
    [
      8,
      12,
      13
    ],
    [
      8,
      13,
      9
    ],
    [
      9,
      13,
      14
    ],
    [
      10,
      15,
      11
    ],
    [
      11,
      15,
      16
    ],
    [
      11,
      16,
      12
    ],
    [
      12,
      16,
      17
    ],
    [
      12,
      17,
      13
    ],
    [
      13,
      17,
      18
    ],
    [
      13,
      18,
      14
    ],
    [
      14,
      18,
      19
    ]
  ],
  "uvs": [
    [
      0.481934,
      0.268555
    ],
    [
      0.491211,
      0.268555
    ],
    [
      0.500488,
      0.268555
    ],
    [
      0.509766,
      0.268555
    ],
    [
      0.519043,
      0.268555
    ],
    [
      0.481934,
      0.273096
    ],
    [
      0.491211,
      0.273096
    ],
    [
      0.500488,
      0.273096
    ],
    [
      0.509766,
      0.273096
    ],
    [
      0.519043,
      0.273096
    ],
    [
      0.481934,
      0.277686
    ],
    [
      0.491211,
      0.277686
    ],
    [
      0.500488,
      0.277686
    ],
    [
      0.509766,
      0.277686
    ],
    [
      0.519043,
      0.277686
    ],
    [
      0.481934,
      0.282227
    ],
    [
      0.491211,
      0.282227
    ],
    [
      0.500488,
      0.282227
    ],
    [
      0.509766,
      0.282227
    ],
    [
      0.519043,
      0.282227
    ]
  ],
  "mesh_path": "meshes/mouth_parts_lower_lip.json",
  "vertex_keyforms": {
    "parameter_id": "ParamMouthOpenY",
    "keys": [
      {
        "value": 0.0,
        "vertices": [
          [
            987.0,
            511.6
          ],
          [
            1006.0,
            511.6
          ],
          [
            1025.0,
            511.6
          ],
          [
            1044.0,
            511.6
          ],
          [
            1063.0,
            511.6
          ],
          [
            987.0,
            512.0
          ],
          [
            1006.0,
            512.0
          ],
          [
            1025.0,
            512.0
          ],
          [
            1044.0,
            512.0
          ],
          [
            1063.0,
            512.0
          ],
          [
            987.0,
            512.3
          ],
          [
            1006.0,
            512.3
          ],
          [
            1025.0,
            512.3
          ],
          [
            1044.0,
            512.3
          ],
          [
            1063.0,
            512.3
          ],
          [
            987.0,
            512.7
          ],
          [
            1006.0,
            512.7
          ],
          [
            1025.0,
            512.7
          ],
          [
            1044.0,
            512.7
          ],
          [
            1063.0,
            512.7
          ]
        ]
      },
      {
        "value": 0.25,
        "vertices": [
          [
            987.0,
            522.0
          ],
          [
            1006.0,
            522.0
          ],
          [
            1025.0,
            522.0
          ],
          [
            1044.0,
            522.0
          ],
          [
            1063.0,
            522.0
          ],
          [
            987.0,
            524.8
          ],
          [
            1006.0,
            524.8
          ],
          [
            1025.0,
            524.8
          ],
          [
            1044.0,
            524.8
          ],
          [
            1063.0,
            524.8
          ],
          [
            987.0,
            527.6
          ],
          [
            1006.0,
            527.6
          ],
          [
            1025.0,
            527.6
          ],
          [
            1044.0,
            527.6
          ],
          [
            1063.0,
            527.6
          ],
          [
            987.0,
            530.4
          ],
          [
            1006.0,
            530.4
          ],
          [
            1025.0,
            530.4
          ],
          [
            1044.0,
            530.4
          ],
          [
            1063.0,
            530.4
          ]
        ]
      },
      {
        "value": 0.55,
        "vertices": [
          [
            987.0,
            534.8
          ],
          [
            1006.0,
            534.8
          ],
          [
            1025.0,
            534.8
          ],
          [
            1044.0,
            534.8
          ],
          [
            1063.0,
            534.8
          ],
          [
            987.0,
            540.6
          ],
          [
            1006.0,
            540.6
          ],
          [
            1025.0,
            540.6
          ],
          [
            1044.0,
            540.6
          ],
          [
            1063.0,
            540.6
          ],
          [
            987.0,
            546.4
          ],
          [
            1006.0,
            546.4
          ],
          [
            1025.0,
            546.4
          ],
          [
            1044.0,
            546.4
          ],
          [
            1063.0,
            546.4
          ],
          [
            987.0,
            552.2
          ],
          [
            1006.0,
            552.2
          ],
          [
            1025.0,
            552.2
          ],
          [
            1044.0,
            552.2
          ],
          [
            1063.0,
            552.2
          ]
        ]
      },
      {
        "value": 1.0,