{
  "part_id": "mouth_parts_interior",
  "vertices": [
    [
      972.0,
      511.0
    ],
    [
      998.2,
      511.0
    ],
    [
      1024.5,
      511.0
    ],
    [
      1050.8,
      511.0
    ],
    [
      1077.0,
      511.0
    ],
    [
      972.0,
      533.3
    ],
    [
      998.2,
      533.3
    ],
    [
      1024.5,
      533.3
    ],
    [
      1050.8,
      533.3
    ],
    [
      1077.0,
      533.3
    ],
    [
      972.0,
      555.7
    ],
    [
      998.2,
      555.7
    ],
    [
      1024.5,
      555.7
    ],
    [
      1050.8,
      555.7
    ],
    [
      1077.0,
      555.7
    ],
    [
      972.0,
      578.0
    ],
    [
      998.2,
      578.0
    ],
    [
      1024.5,
      578.0
    ],
    [
      1050.8,
      578.0
    ],
    [
      1077.0,
      578.0
    ]
  ],
  "triangles": [
    [
      0,
      5,
      1
    ],
    [
      1,
      5,
      6
    ],
    [
      1,
      6,
      2
    ],
    [
      2,
      6,
      7
    ],
    [
      2,
      7,
      3
    ],
    [
      3,
      7,
      8
    ],
    [
      3,
      8,
      4
    ],
    [
      4,
      8,
      9
    ],
    [
      5,
      10,
      6
    ],
    [
      6,
      10,
      11
    ],
    [
      6,
      11,
      7
    ],
    [
      7,
      11,
      12
    ],
    [
      7,
      12,
      8
    ],
    [
      8,
      12,
      13
    ],
    [
      8,
      13,
      9
    ],
    [
      9,
      13,
      14
    ],
    [
      10,
      15,
      11
    ],
    [
      11,
      15,
      16
    ],
    [
      11,
      16,
      12
    ],
    [
      12,
      16,
      17
    ],
    [
      12,
      17,
      13
    ],
    [
      13,
      17,
      18
    ],
    [
      13,
      18,
      14
    ],
    [
      14,
      18,
      19
    ]
  ],
  "uvs": [
    [
      0.474609,
      0.249512
    ],
    [
      0.487402,
      0.249512
    ],
    [
      0.500244,
      0.249512
    ],
    [
      0.513086,
      0.249512
    ],
    [
      0.525879,
      0.249512
    ],
    [
      0.474609,
      0.2604
    ],
    [
      0.487402,
      0.2604
    ],
    [
      0.500244,
      0.2604
    ],
    [
      0.513086,
      0.2604
    ],
    [
      0.525879,
      0.2604
    ],
    [
      0.474609,
      0.271338
    ],
    [
      0.487402,
      0.271338
    ],
    [
      0.500244,
      0.271338
    ],
    [
      0.513086,
      0.271338
    ],
    [
      0.525879,
      0.271338
    ],
    [
      0.474609,
      0.282227
    ],
    [
      0.487402,
      0.282227
    ],
    [
      0.500244,
      0.282227
    ],
    [
      0.513086,
      0.282227
    ],
    [
      0.525879,
      0.282227
    ]
  ],
  "mesh_path": "meshes/mouth_parts_interior.json",
  "vertex_keyforms": {
    "parameter_id": "ParamMouthOpenY",
    "keys": [
      {
        "value": 0.0,
        "vertices": [
          [
            972.0,
            510.0
          ],
          [
            998.2,
            510.0
          ],
          [
            1024.5,
            510.0
          ],
          [
            1050.8,
            510.0
          ],
          [
            1077.0,
            510.0
          ],
          [
            972.0,
            510.9
          ],
          [
            998.2,
            510.9
          ],
          [
            1024.5,
            510.9
          ],
          [
            1050.8,
            510.9
          ],
          [
            1077.0,
            510.9
          ],
          [
            972.0,
            511.8
          ],
          [
            998.2,
            511.8
          ],
          [
            1024.5,
            511.8
          ],
          [
            1050.8,
            511.8
          ],
          [
            1077.0,
            511.8
          ],
          [
            972.0,
            512.7
          ],
          [
            998.2,
            512.7
          ],
          [
            1024.5,
            512.7
          ],
          [
            1050.8,
            512.7
          ],
          [
            1077.0,
            512.7
          ]
        ]
      },
      {
        "value": 0.25,
        "vertices": [
          [
            972.0,
            510.3
          ],
          [
            998.2,
            510.3
          ],
          [
            1024.5,
            510.3
          ],
          [
            1050.8,
            510.3
          ],
          [
            1077.0,
            510.3
          ],
          [
            972.0,
            517.0
          ],
          [
            998.2,
            517.0
          ],
          [
            1024.5,
            517.0
          ],
          [
            1050.8,
            517.0
          ],
          [
            1077.0,
            517.0
          ],
          [
            972.0,
            523.7
          ],
          [
            998.2,
            523.7
          ],
          [
            1024.5,
            523.7
          ],
          [
            1050.8,
            523.7
          ],
          [
            1077.0,
            523.7
          ],
          [
            972.0,
            530.4
          ],
          [
            998.2,
            530.4
          ],
          [
            1024.5,
            530.4
          ],
          [
            1050.8,
            530.4
          ],
          [
            1077.0,
            530.4
          ]
        ]
      },
      {
        "value": 0.55,
        "vertices": [
          [
            972.0,
            510.6
          ],
          [
            998.2,
            510.6
          ],
          [
            1024.5,
            510.6
          ],
          [
            1050.8,
            510.6
          ],
          [
            1077.0,
            510.6
          ],
          [
            972.0,
            524.4
          ],
          [
            998.2,
            524.4
          ],
          [
            1024.5,
            524.4
          ],
          [
            1050.8,
            524.4
          ],
          [
            1077.0,
            524.4
          ],
          [
            972.0,
            538.3
          ],
          [
            998.2,
            538.3
          ],
          [
            1024.5,
            538.3
          ],
          [
            1050.8,
            538.3
          ],
          [
            1077.0,
            538.3
          ],
          [
            972.0,
            552.2
          ],
          [
            998.2,
            552.2
          ],
          [
            1024.5,
            552.2
          ],
          [
            1050.8,
            552.2
          ],
          [
            1077.0,
            552.2
          ]
        ]
      },
      {
        "value": 1.0,