{
  "part_id": "mouth_line",
  "vertices": [
    [
      971.0,
      510.0
    ],
    [
      998.0,
      510.0
    ],
    [
      1025.0,
      510.0
    ],
    [
      1052.0,
      510.0
    ],
    [
      1079.0,
      510.0
    ],
    [
      971.0,
      517.0
    ],
    [
      998.0,
      517.0
    ],
    [
      1025.0,
      517.0
    ],
    [
      1052.0,
      517.0
    ],
    [
      1079.0,
      517.0
    ],
    [
      971.0,
      524.0
    ],
    [
      998.0,
      524.0
    ],
    [
      1025.0,
      524.0
    ],
    [
      1052.0,
      524.0
    ],
    [
      1079.0,
      524.0
    ],
    [
      971.0,
      531.0
    ],
    [
      998.0,
      531.0
    ],
    [
      1025.0,
      531.0
    ],
    [
      1052.0,
      531.0
    ],
    [
      1079.0,
      531.0
    ]
  ],
  "triangles": [
    [
      0,
      5,
      1
    ],
    [
      1,
      5,
      6
    ],
    [
      1,
      6,
      2
    ],
    [
      2,
      6,
      7
    ],
    [
      2,
      7,
      3
    ],
    [
      3,
      7,
      8
    ],
    [
      3,
      8,
      4
    ],
    [
      4,
      8,
      9
    ],
    [
      5,
      10,
      6
    ],
    [
      6,
      10,
      11
    ],
    [
      6,
      11,
      7
    ],
    [
      7,
      11,
      12
    ],
    [
      7,
      12,
      8
    ],
    [
      8,
      12,
      13
    ],
    [
      8,
      13,
      9
    ],
    [
      9,
      13,
      14
    ],
    [
      10,
      15,
      11
    ],
    [
      11,
      15,
      16
    ],
    [
      11,
      16,
      12
    ],
    [
      12,
      16,
      17
    ],
    [
      12,
      17,
      13
    ],
    [
      13,
      17,
      18
    ],
    [
      13,
      18,
      14
    ],
    [
      14,
      18,
      19
    ]
  ],
  "uvs": [
    [
      0.474121,
      0.249023
    ],
    [
      0.487305,
      0.249023
    ],
    [
      0.500488,
      0.249023
    ],
    [
      0.513672,
      0.249023
    ],
    [
      0.526855,
      0.249023
    ],
    [
      0.474121,
      0.252441
    ],
    [
      0.487305,
      0.252441
    ],
    [
      0.500488,
      0.252441
    ],
    [
      0.513672,
      0.252441
    ],
    [
      0.526855,
      0.252441
    ],
    [
      0.474121,
      0.255859
    ],
    [
      0.487305,
      0.255859
    ],
    [
      0.500488,
      0.255859
    ],
    [
      0.513672,
      0.255859
    ],
    [
      0.526855,
      0.255859
    ],
    [
      0.474121,
      0.259277
    ],
    [
      0.487305,
      0.259277
    ],
    [
      0.500488,
      0.259277
    ],
    [
      0.513672,
      0.259277
    ],
    [
      0.526855,
      0.259277
    ]
  ],
  "mesh_path": "meshes/mouth_line.json",
  "vertex_keyforms": {
    "parameter_id": "ParamMouthForm",
    "keys": [
      {
        "value": -1,
        "vertices": [
          [
            971.0,
            516.0
          ],
          [
            998.0,
            512.0
          ],
          [
            1025.0,
            510.0
          ],
          [
            1052.0,
            512.0
          ],
          [
            1079.0,
            516.0
          ],
          [
            971.0,
            523.0
          ],
          [
            998.0,
            519.0
          ],
          [
            1025.0,
            517.0
          ],
          [
            1052.0,
            519.0
          ],
          [
            1079.0,
            523.0
          ],
          [
            971.0,
            530.0
          ],
          [
            998.0,
            526.0
          ],
          [
            1025.0,
            524.0
          ],
          [
            1052.0,
            526.0
          ],
          [
            1079.0,
            530.0
          ],
          [
            971.0,
            537.0
          ],
          [
            998.0,
            533.0
          ],
          [
            1025.0,
            531.0
          ],
          [
            1052.0,
            533.0
          ],
          [
            1079.0,
            537.0
          ]
        ]
      },
      {
        "value": 0,
        "vertices": [
          [
            971.0,
            510.0
          ],
          [
            998.0,
            510.0
          ],
          [
            1025.0,
            510.0
          ],
          [
            1052.0,
            510.0
          ],
          [
            1079.0,
            510.0
          ],
          [
            971.0,
            517.0
          ],
          [
            998.0,
            517.0
          ],
          [
            1025.0,
            517.0
          ],
          [
            1052.0,
            517.0
          ],
          [
            1079.0,
            517.0
          ],
          [
            971.0,
            524.0
          ],
          [
            998.0,
            524.0
          ],
          [
            1025.0,
            524.0
          ],
          [
            1052.0,
            524.0
          ],
          [
            1079.0,
            524.0
          ],
          [
            971.0,
            531.0
          ],
          [
            998.0,
            531.0
          ],
          [
            1025.0,
            531.0
          ],
          [
            1052.0,
            531.0
          ],
          [
            1079.0,
            531.0
          ]
        ]
      },
      {
        "value": 1,
        "vertices": [
          [
            971.0,
            503.0
          ],
          [
            998.0,
            507.7
          ],
          [
            1025.0,
            510.0
          ],
          [
            1052.0,
            507.7
          ],
          [
            1079.0,
            503.0
          ],
          [
            971.0,
            510.0
          ],
          [
            998.0,
            514.7
          ],
          [
            1025.0,
            517.0
          ],
          [
            1052.0,
            514.7
          ],
          [
            1079.0,
            510.0
          ],
          [
            971.0,
            517.0
          ],
          [
            998.0,
            521.7
          ],
          [
            1025.0,
            524.0
          ],
          [
            1052.0,
            521.7
          ],
          [
            1079.0,
            517.0
          ],
          [
            971.0,
            524.0
          ],
          [
            998.0,
            528.7
          ],
          [
            1025.0,
            531.0
          ],
          [
            1052.0,
            528.7
          ],
          [
            1079.0,
            524.0
          ]
        ]
      }
    ]
  }
}
