{
  "part_id": "mouth_parts_lower_lip",
  "vertices": [
    [
      987.0,
      561.0
    ],
    [
      1006.0,
      561.0
    ],
    [
      1025.0,
      561.0
    ],
    [
      1044.0,
      561.0
    ],
    [
      1063.0,
      561.0
    ],
    [
      987.0,
      570.3
    ],
    [
      1006.0,
      570.3
    ],
    [
      1025.0,
      570.3
    ],
    [
      1044.0,
      570.3
    ],
    [
      1063.0,
      570.3
    ],
    [
      987.0,
      579.7
    ],
    [
      1006.0,
      579.7
    ],
    [
      1025.0,
      579.7
    ],
    [
      1044.0,
      579.7
    ],
    [
      1063.0,
      579.7
    ],
    [
      987.0,
      589.0
    ],
    [
      1006.0,
      589.0
    ],
    [
      1025.0,
      589.0
    ],
    [
      1044.0,
      589.0
    ],
    [
      1063.0,
      589.0
    ]
  ],
  "triangles": [
    [
      0,
      5,
      1
    ],
    [
      1,
      5,
      6
    ],
    [
      1,
      6,
      2
    ],
    [
      2,
      6,
      7
    ],
    [
      2,
      7,
      3
    ],
    [
      3,
      7,
      8
    ],
    [
      3,
      8,
      4
    ],
    [
      4,
      8,
      9
    ],
    [
      5,
      10,
      6
    ],
    [
      6,
      10,
      11
    ],
    [
      6,
      11,
      7
    ],
    [
      7,
      11,
      12
    ],
    [
      7,
      12,
      8
    ],
    [
      8,
      12,
      13
    ],
    [
      8,
      13,
      9
    ],
    [
      9,
      13,
      14
    ],
    [
      10,
      15,
      11
    ],
    [
      11,
      15,
      16
    ],
    [
      11,
      16,
      12
    ],
    [
      12,
      16,
      17
    ],
    [
      12,
      17,
      13
    ],
    [
      13,
      17,
      18
    ],
    [
      13,
      18,
      14
    ],
    [
      14,
      18,
      19
    ]
  ],
  "uvs": [
    [
      0.481934,
      0.273926
    ],
    [
      0.491211,
      0.273926
    ],
    [
      0.500488,
      0.273926
    ],
    [
      0.509766,
      0.273926
    ],
    [
      0.519043,
      0.273926
    ],
    [
      0.481934,
      0.278467
    ],
    [
      0.491211,
      0.278467
    ],
    [
      0.500488,
      0.278467
    ],
    [
      0.509766,
      0.278467
    ],
    [
      0.519043,
      0.278467
    ],
    [
      0.481934,
      0.283057
    ],
    [
      0.491211,
      0.283057
    ],
    [
      0.500488,
      0.283057
    ],
    [
      0.509766,
      0.283057
    ],
    [
      0.519043,
      0.283057
    ],
    [
      0.481934,
      0.287598
    ],
    [
      0.491211,
      0.287598
    ],
    [
      0.500488,
      0.287598
    ],
    [
      0.509766,
      0.287598
    ],
    [
      0.519043,
      0.287598
    ]
  ],
  "mesh_path": "meshes/mouth_parts_lower_lip.json",
  "vertex_keyforms": {
    "parameter_id": "ParamMouthOpenY",
    "keys": [
      {
        "value": 0.0,
        "vertices": [
          [
            987.0,
            530.3
          ],
          [
            1006.0,
            530.3
          ],
          [
            1025.0,
            530.3
          ],
          [
            1044.0,
            530.3
          ],
          [
            1063.0,
            530.3
          ],
          [
            987.0,
            530.7
          ],
          [
            1006.0,
            530.7
          ],
          [
            1025.0,
            530.7
          ],
          [
            1044.0,
            530.7
          ],
          [
            1063.0,
            530.7
          ],
          [
            987.0,
            531.0
          ],
          [
            1006.0,
            531.0
          ],
          [
            1025.0,
            531.0
          ],
          [
            1044.0,
            531.0
          ],
          [
            1063.0,
            531.0
          ],
          [
            987.0,
            531.4
          ],
          [
            1006.0,
            531.4
          ],
          [
            1025.0,
            531.4
          ],
          [
            1044.0,
            531.4
          ],
          [
            1063.0,
            531.4
          ]
        ]
      },
      {
        "value": 0.25,
        "vertices": [
          [
            987.0,
            538.6
          ],
          [
            1006.0,
            538.6
          ],
          [
            1025.0,
            538.6
          ],
          [
            1044.0,
            538.6
          ],
          [
            1063.0,
            538.6
          ],
          [
            987.0,
            541.4
          ],
          [
            1006.0,
            541.4
          ],
          [
            1025.0,
            541.4
          ],
          [
            1044.0,
            541.4
          ],
          [
            1063.0,
            541.4
          ],
          [
            987.0,
            544.2
          ],
          [
            1006.0,
            544.2
          ],
          [
            1025.0,
            544.2
          ],
          [
            1044.0,
            544.2
          ],
          [
            1063.0,
            544.2
          ],
          [
            987.0,
            547.0
          ],
          [
            1006.0,
            547.0
          ],
          [
            1025.0,
            547.0
          ],
          [
            1044.0,
            547.0
          ],
          [
            1063.0,
            547.0
          ]
        ]
      },
      {
        "value": 0.55,
        "vertices": [
          [
            987.0,
            548.8
          ],
          [
            1006.0,
            548.8
          ],
          [
            1025.0,
            548.8
          ],
          [
            1044.0,
            548.8
          ],
          [
            1063.0,
            548.8
          ],
          [
            987.0,
            554.6
          ],
          [
            1006.0,
            554.6
          ],
          [
            1025.0,
            554.6
          ],
          [
            1044.0,
            554.6
          ],
          [
            1063.0,
            554.6
          ],
          [
            987.0,
            560.4
          ],
          [
            1006.0,
            560.4
          ],
          [
            1025.0,
            560.4
          ],
          [
            1044.0,
            560.4
          ],
          [
            1063.0,
            560.4
          ],
          [
            987.0,
            566.2
          ],
          [
            1006.0,
            566.2
          ],
          [
            1025.0,
            566.2
          ],
          [
            1044.0,
            566.2
          ],
          [
            1063.0,
            566.2
          ]
        ]
      },
      {
        "value": 1.0,