{
  "part_id": "mouth_parts_tongue",
  "vertices": [
    [
      991.0,
      541.0
    ],
    [
      1007.8,
      541.0
    ],
    [
      1024.5,
      541.0
    ],
    [
      1041.2,
      541.0
    ],
    [
      1058.0,
      541.0
    ],
    [
      991.0,
      550.7
    ],
    [
      1007.8,
      550.7
    ],
    [
      1024.5,
      550.7
    ],
    [
      1041.2,
      550.7
    ],
    [
      1058.0,
      550.7
    ],
    [
      991.0,
      560.3
    ],
    [
      1007.8,
      560.3
    ],
    [
      1024.5,
      560.3
    ],
    [
      1041.2,
      560.3
    ],
    [
      1058.0,
      560.3
    ],
    [
      991.0,
      570.0
    ],
    [
      1007.8,
      570.0
    ],
    [
      1024.5,
      570.0
    ],
    [
      1041.2,
      570.0
    ],
    [
      1058.0,
      570.0
    ]
  ],
  "triangles": [
    [
      0,
      5,
      1
    ],
    [
      1,
      5,
      6
    ],
    [
      1,
      6,
      2
    ],
    [
      2,
      6,
      7
    ],
    [
      2,
      7,
      3
    ],
    [
      3,
      7,
      8
    ],
    [
      3,
      8,
      4
    ],
    [
      4,
      8,
      9
    ],
    [
      5,
      10,
      6
    ],
    [
      6,
      10,
      11
    ],
    [
      6,
      11,
      7
    ],
    [
      7,
      11,
      12
    ],
    [
      7,
      12,
      8
    ],
    [
      8,
      12,
      13
    ],
    [
      8,
      13,
      9
    ],
    [
      9,
      13,
      14
    ],
    [
      10,
      15,
      11
    ],
    [
      11,
      15,
      16
    ],
    [
      11,
      16,
      12
    ],
    [
      12,
      16,
      17
    ],
    [
      12,
      17,
      13
    ],
    [
      13,
      17,
      18
    ],
    [
      13,
      18,
      14
    ],
    [
      14,
      18,
      19
    ]
  ],
  "uvs": [
    [
      0.483887,
      0.26416
    ],
    [
      0.49209,
      0.26416
    ],
    [
      0.500244,
      0.26416
    ],
    [
      0.508398,
      0.26416
    ],
    [
      0.516602,
      0.26416
    ],
    [
      0.483887,
      0.268896
    ],
    [
      0.49209,
      0.268896
    ],
    [
      0.500244,
      0.268896
    ],
    [
      0.508398,
      0.268896
    ],
    [
      0.516602,
      0.268896
    ],
    [
      0.483887,
      0.273584
    ],
    [
      0.49209,
      0.273584
    ],
    [
      0.500244,
      0.273584
    ],
    [
      0.508398,
      0.273584
    ],
    [
      0.516602,
      0.273584
    ],
    [
      0.483887,
      0.27832
    ],
    [
      0.49209,
      0.27832
    ],
    [
      0.500244,
      0.27832
    ],
    [
      0.508398,
      0.27832
    ],
    [
      0.516602,
      0.27832
    ]
  ],
  "mesh_path": "meshes/mouth_parts_tongue.json",
  "vertex_keyforms": {
    "parameter_id": "ParamMouthOpenY",
    "keys": [
      {
        "value": 0.0,
        "vertices": [
          [
            991.0,
            511.2
          ],
          [
            1007.8,
            511.2
          ],
          [
            1024.5,
            511.2
          ],
          [
            1041.2,
            511.2
          ],
          [
            1058.0,
            511.2
          ],
          [
            991.0,
            511.6
          ],
          [
            1007.8,
            511.6
          ],
          [
            1024.5,
            511.6
          ],
          [
            1041.2,
            511.6
          ],
          [
            1058.0,
            511.6
          ],
          [
            991.0,
            512.0
          ],
          [
            1007.8,
            512.0
          ],
          [
            1024.5,
            512.0
          ],
          [
            1041.2,
            512.0
          ],
          [
            1058.0,
            512.0
          ],
          [
            991.0,
            512.4
          ],
          [
            1007.8,
            512.4
          ],
          [
            1024.5,
            512.4
          ],
          [
            1041.2,
            512.4
          ],
          [
            1058.0,
            512.4
          ]
        ]
      },
      {
        "value": 0.25,
        "vertices": [
          [
            991.0,
            519.3
          ],
          [
            1007.8,
            519.3
          ],
          [
            1024.5,
            519.3
          ],
          [
            1041.2,
            519.3
          ],
          [
            1058.0,
            519.3
          ],
          [
            991.0,
            522.2
          ],
          [
            1007.8,
            522.2
          ],
          [
            1024.5,
            522.2
          ],
          [
            1041.2,
            522.2
          ],
          [
            1058.0,
            522.2
          ],
          [
            991.0,
            525.1
          ],
          [
            1007.8,
            525.1
          ],
          [
            1024.5,
            525.1
          ],
          [
            1041.2,
            525.1
          ],
          [
            1058.0,
            525.1
          ],
          [
            991.0,
            528.0
          ],
          [
            1007.8,
            528.0
          ],
          [
            1024.5,
            528.0
          ],
          [
            1041.2,
            528.0
          ],
          [
            1058.0,
            528.0
          ]
        ]
      },
      {
        "value": 0.55,
        "vertices": [
          [
            991.0,
            529.2
          ],
          [
            1007.8,
            529.2
          ],
          [
            1024.5,
            529.2
          ],
          [
            1041.2,
            529.2
          ],
          [
            1058.0,
            529.2
          ],
          [
            991.0,
            535.2
          ],
          [
            1007.8,
            535.2
          ],
          [
            1024.5,
            535.2
          ],
          [
            1041.2,
            535.2
          ],
          [
            1058.0,
            535.2
          ],
          [
            991.0,
            541.2
          ],
          [
            1007.8,
            541.2
          ],
          [
            1024.5,
            541.2
          ],
          [
            1041.2,
            541.2
          ],
          [
            1058.0,
            541.2
          ],
          [
            991.0,
            547.2
          ],
          [
            1007.8,
            547.2
          ],
          [
            1024.5,
            547.2
          ],
          [
            1041.2,
            547.2
          ],
          [
            1058.0,
            547.2
          ]
        ]
      },
      {
        "value": 1.0,