{
  "part_id": "mouth_parts_interior",
  "vertices": [
    [
      972.0,
      522.0
    ],
    [
      998.2,
      522.0
    ],
    [
      1024.5,
      522.0
    ],
    [
      1050.8,
      522.0
    ],
    [
      1077.0,
      522.0
    ],
    [
      972.0,
      544.3
    ],
    [
      998.2,
      544.3
    ],
    [
      1024.5,
      544.3
    ],
    [
      1050.8,
      544.3
    ],
    [
      1077.0,
      544.3
    ],
    [
      972.0,
      566.7
    ],
    [
      998.2,
      566.7
    ],
    [
      1024.5,
      566.7
    ],
    [
      1050.8,
      566.7
    ],
    [
      1077.0,
      566.7
    ],
    [
      972.0,
      589.0
    ],
    [
      998.2,
      589.0
    ],
    [
      1024.5,
      589.0
    ],
    [
      1050.8,
      589.0
    ],
    [
      1077.0,
      589.0
    ]
  ],
  "triangles": [
    [
      0,
      5,
      1
    ],
    [
      1,
      5,
      6
    ],
    [
      1,
      6,
      2
    ],
    [
      2,
      6,
      7
    ],
    [
      2,
      7,
      3
    ],
    [
      3,
      7,
      8
    ],
    [
      3,
      8,
      4
    ],
    [
      4,
      8,
      9
    ],
    [
      5,
      10,
      6
    ],
    [
      6,
      10,
      11
    ],
    [
      6,
      11,
      7
    ],
    [
      7,
      11,
      12
    ],
    [
      7,
      12,
      8
    ],
    [
      8,
      12,
      13
    ],
    [
      8,
      13,
      9
    ],
    [
      9,
      13,
      14
    ],
    [
      10,
      15,
      11
    ],
    [
      11,
      15,
      16
    ],
    [
      11,
      16,
      12
    ],
    [
      12,
      16,
      17
    ],
    [
      12,
      17,
      13
    ],
    [
      13,
      17,
      18
    ],
    [
      13,
      18,
      14
    ],
    [
      14,
      18,
      19
    ]
  ],
  "uvs": [
    [
      0.474609,
      0.254883
    ],
    [
      0.487402,
      0.254883
    ],
    [
      0.500244,
      0.254883
    ],
    [
      0.513086,
      0.254883
    ],
    [
      0.525879,
      0.254883
    ],
    [
      0.474609,
      0.265771
    ],
    [
      0.487402,
      0.265771
    ],
    [
      0.500244,
      0.265771
    ],
    [
      0.513086,
      0.265771
    ],
    [
      0.525879,
      0.265771
    ],
    [
      0.474609,
      0.276709
    ],
    [
      0.487402,
      0.276709
    ],
    [
      0.500244,
      0.276709
    ],
    [
      0.513086,
      0.276709
    ],
    [
      0.525879,
      0.276709
    ],
    [
      0.474609,
      0.287598
    ],
    [
      0.487402,
      0.287598
    ],
    [
      0.500244,
      0.287598
    ],
    [
      0.513086,
      0.287598
    ],
    [
      0.525879,
      0.287598
    ]
  ],
  "mesh_path": "meshes/mouth_parts_interior.json",
  "vertex_keyforms": {
    "parameter_id": "ParamMouthOpenY",
    "keys": [
      {
        "value": 0.0,
        "vertices": [
          [
            972.0,
            528.7
          ],
          [
            998.2,
            528.7
          ],
          [
            1024.5,
            528.7
          ],
          [
            1050.8,
            528.7
          ],
          [
            1077.0,
            528.7
          ],
          [
            972.0,
            529.6
          ],
          [
            998.2,
            529.6
          ],
          [
            1024.5,
            529.6
          ],
          [
            1050.8,
            529.6
          ],
          [
            1077.0,
            529.6
          ],
          [
            972.0,
            530.5
          ],
          [
            998.2,
            530.5
          ],
          [
            1024.5,
            530.5
          ],
          [
            1050.8,
            530.5
          ],
          [
            1077.0,
            530.5
          ],
          [
            972.0,
            531.4
          ],
          [
            998.2,
            531.4
          ],
          [
            1024.5,
            531.4
          ],
          [
            1050.8,
            531.4
          ],
          [
            1077.0,
            531.4
          ]
        ]
      },
      {
        "value": 0.25,
        "vertices": [
          [
            972.0,
            526.9
          ],
          [
            998.2,
            526.9
          ],
          [
            1024.5,
            526.9
          ],
          [
            1050.8,
            526.9
          ],
          [
            1077.0,
            526.9
          ],
          [
            972.0,
            533.6
          ],
          [
            998.2,
            533.6
          ],
          [
            1024.5,
            533.6
          ],
          [
            1050.8,
            533.6
          ],
          [
            1077.0,
            533.6
          ],
          [
            972.0,
            540.3
          ],
          [
            998.2,
            540.3
          ],
          [
            1024.5,
            540.3
          ],
          [
            1050.8,
            540.3
          ],
          [
            1077.0,
            540.3
          ],
          [
            972.0,
            547.0
          ],
          [
            998.2,
            547.0
          ],
          [
            1024.5,
            547.0
          ],
          [
            1050.8,
            547.0
          ],
          [
            1077.0,
            547.0
          ]
        ]
      },
      {
        "value": 0.55,
        "vertices": [
          [
            972.0,
            524.7
          ],
          [
            998.2,
            524.7
          ],
          [
            1024.5,
            524.7
          ],
          [
            1050.8,
            524.7
          ],
          [
            1077.0,
            524.7
          ],
          [
            972.0,
            538.5
          ],
          [
            998.2,
            538.5
          ],
          [
            1024.5,
            538.5
          ],
          [
            1050.8,
            538.5
          ],
          [
            1077.0,
            538.5
          ],
          [
            972.0,
            552.4
          ],
          [
            998.2,
            552.4
          ],
          [
            1024.5,
            552.4
          ],
          [
            1050.8,
            552.4
          ],
          [
            1077.0,
            552.4
          ],
          [
            972.0,
            566.2
          ],
          [
            998.2,
            566.2
          ],
          [
            1024.5,
            566.2
          ],
          [
            1050.8,
            566.2
          ],
          [
            1077.0,
            566.2
          ]
        ]
      },
      {
        "value": 1.0,