{
  "part_id": "mouth_parts_lower_lip",
  "vertices": [
    [
      982.0,
      530.0
    ],
    [
      1003.8,
      530.0
    ],
    [
      1025.5,
      530.0
    ],
    [
      1047.2,
      530.0
    ],
    [
      1069.0,
      530.0
    ],
    [
      982.0,
      543.0
    ],
    [
      1003.8,
      543.0
    ],
    [
      1025.5,
      543.0
    ],
    [
      1047.2,
      543.0
    ],
    [
      1069.0,
      543.0
    ],
    [
      982.0,
      556.0
    ],
    [
      1003.8,
      556.0
    ],
    [
      1025.5,
      556.0
    ],
    [
      1047.2,
      556.0
    ],
    [
      1069.0,
      556.0
    ],
    [
      982.0,
      569.0
    ],
    [
      1003.8,
      569.0
    ],
    [
      1025.5,
      569.0
    ],
    [
      1047.2,
      569.0
    ],
    [
      1069.0,
      569.0
    ]
  ],
  "triangles": [
    [
      0,
      5,
      1
    ],
    [
      1,
      5,
      6
    ],
    [
      1,
      6,
      2
    ],
    [
      2,
      6,
      7
    ],
    [
      2,
      7,
      3
    ],
    [
      3,
      7,
      8
    ],
    [
      3,
      8,
      4
    ],
    [
      4,
      8,
      9
    ],
    [
      5,
      10,
      6
    ],
    [
      6,
      10,
      11
    ],
    [
      6,
      11,
      7
    ],
    [
      7,
      11,
      12
    ],
    [
      7,
      12,
      8
    ],
    [
      8,
      12,
      13
    ],
    [
      8,
      13,
      9
    ],
    [
      9,
      13,
      14
    ],
    [
      10,
      15,
      11
    ],
    [
      11,
      15,
      16
    ],
    [
      11,
      16,
      12
    ],
    [
      12,
      16,
      17
    ],
    [
      12,
      17,
      13
    ],
    [
      13,
      17,
      18
    ],
    [
      13,
      18,
      14
    ],
    [
      14,
      18,
      19
    ]
  ],
  "uvs": [
    [
      0.479492,
      0.258789
    ],
    [
      0.490137,
      0.258789
    ],
    [
      0.500732,
      0.258789
    ],
    [
      0.511328,
      0.258789
    ],
    [
      0.521973,
      0.258789
    ],
    [
      0.479492,
      0.265137
    ],
    [
      0.490137,
      0.265137
    ],
    [
      0.500732,
      0.265137
    ],
    [
      0.511328,
      0.265137
    ],
    [
      0.521973,
      0.265137
    ],
    [
      0.479492,
      0.271484
    ],
    [
      0.490137,
      0.271484
    ],
    [
      0.500732,
      0.271484
    ],
    [
      0.511328,
      0.271484
    ],
    [
      0.521973,
      0.271484
    ],
    [
      0.479492,
      0.277832
    ],
    [
      0.490137,
      0.277832
    ],
    [
      0.500732,
      0.277832
    ],
    [
      0.511328,
      0.277832
    ],
    [
      0.521973,
      0.277832
    ]
  ],
  "mesh_path": "meshes/mouth_parts_lower_lip.json",
  "vertex_keyforms": {
    "parameter_id": "ParamMouthOpenY",
    "keys": [
      {
        "value": 0.0,
        "vertices": [
          [
            982.0,
            519.4
          ],
          [
            1003.8,
            519.4
          ],
          [
            1025.5,
            519.4
          ],
          [
            1047.2,
            519.4
          ],
          [
            1069.0,
            519.4
          ],
          [
            982.0,
            520.0
          ],
          [
            1003.8,
            520.0
          ],
          [
            1025.5,
            520.0
          ],
          [
            1047.2,
            520.0
          ],
          [
            1069.0,
            520.0
          ],
          [
            982.0,
            520.5
          ],
          [
            1003.8,
            520.5
          ],
          [
            1025.5,
            520.5
          ],
          [
            1047.2,
            520.5
          ],
          [
            1069.0,
            520.5
          ],
          [
            982.0,
            521.0
          ],
          [
            1003.8,
            521.0
          ],
          [
            1025.5,
            521.0
          ],
          [
            1047.2,
            521.0
          ],
          [
            1069.0,
            521.0
          ]
        ]
      },
      {
        "value": 0.25,
        "vertices": [
          [
            982.0,
            522.3
          ],
          [
            1003.8,
            522.3
          ],
          [
            1025.5,
            522.3
          ],
          [
            1047.2,
            522.3
          ],
          [
            1069.0,
            522.3
          ],
          [
            982.0,
            526.2
          ],
          [
            1003.8,
            526.2
          ],
          [
            1025.5,
            526.2
          ],
          [
            1047.2,
            526.2
          ],
          [
            1069.0,
            526.2
          ],
          [
            982.0,
            530.1
          ],
          [
            1003.8,
            530.1
          ],
          [
            1025.5,
            530.1
          ],
          [
            1047.2,
            530.1
          ],
          [
            1069.0,
            530.1
          ],
          [
            982.0,
            534.0
          ],
          [
            1003.8,
            534.0
          ],
          [
            1025.5,
            534.0
          ],
          [
            1047.2,
            534.0
          ],
          [
            1069.0,
            534.0
          ]
        ]
      },
      {
        "value": 0.55,
        "vertices": [
          [
            982.0,
            525.8
          ],
          [
            1003.8,
            525.8
          ],
          [
            1025.5,
            525.8
          ],
          [
            1047.2,
            525.8
          ],
          [
            1069.0,
            525.8
          ],
          [
            982.0,
            533.9
          ],
          [
            1003.8,
            533.9
          ],
          [
            1025.5,
            533.9
          ],
          [
            1047.2,
            533.9
          ],
          [
            1069.0,
            533.9
          ],
          [
            982.0,
            541.9
          ],
          [
            1003.8,
            541.9
          ],
          [
            1025.5,
            541.9
          ],
          [
            1047.2,
            541.9
          ],
          [
            1069.0,
            541.9
          ],
          [
            982.0,
            550.0
          ],
          [
            1003.8,
            550.0
          ],
          [
            1025.5,
            550.0
          ],
          [
            1047.2,
            550.0
          ],
          [
            1069.0,
            550.0
          ]
        ]
      },
      {
        "value": 1.0,