{
  "part_id": "mouth_parts_teeth",
  "vertices": [
    [
      977.0,
      522.0
    ],
    [
      1000.8,
      522.0
    ],
    [
      1024.5,
      522.0
    ],
    [
      1048.2,
      522.0
    ],
    [
      1072.0,
      522.0
    ],
    [
      977.0,
      527.0
    ],
    [
      1000.8,
      527.0
    ],
    [
      1024.5,
      527.0
    ],
    [
      1048.2,
      527.0
    ],
    [
      1072.0,
      527.0
    ],
    [
      977.0,
      532.0
    ],
    [
      1000.8,
      532.0
    ],
    [
      1024.5,
      532.0
    ],
    [
      1048.2,
      532.0
    ],
    [
      1072.0,
      532.0
    ],
    [
      977.0,
      537.0
    ],
    [
      1000.8,
      537.0
    ],
    [
      1024.5,
      537.0
    ],
    [
      1048.2,
      537.0
    ],
    [
      1072.0,
      537.0
    ]
  ],
  "triangles": [
    [
      0,
      5,
      1
    ],
    [
      1,
      5,
      6
    ],
    [
      1,
      6,
      2
    ],
    [
      2,
      6,
      7
    ],
    [
      2,
      7,
      3
    ],
    [
      3,
      7,
      8
    ],
    [
      3,
      8,
      4
    ],
    [
      4,
      8,
      9
    ],
    [
      5,
      10,
      6
    ],
    [
      6,
      10,
      11
    ],
    [
      6,
      11,
      7
    ],
    [
      7,
      11,
      12
    ],
    [
      7,
      12,
      8
    ],
    [
      8,
      12,
      13
    ],
    [
      8,
      13,
      9
    ],
    [
      9,
      13,
      14
    ],
    [
      10,
      15,
      11
    ],
    [
      11,
      15,
      16
    ],
    [
      11,
      16,
      12
    ],
    [
      12,
      16,
      17
    ],
    [
      12,
      17,
      13
    ],
    [
      13,
      17,
      18
    ],
    [
      13,
      18,
      14
    ],
    [
      14,
      18,
      19
    ]
  ],
  "uvs": [
    [
      0.477051,
      0.254883
    ],
    [
      0.488672,
      0.254883
    ],
    [
      0.500244,
      0.254883
    ],
    [
      0.511816,
      0.254883
    ],
    [
      0.523438,
      0.254883
    ],
    [
      0.477051,
      0.257324
    ],
    [
      0.488672,
      0.257324
    ],
    [
      0.500244,
      0.257324
    ],
    [
      0.511816,
      0.257324
    ],
    [
      0.523438,
      0.257324
    ],
    [
      0.477051,
      0.259766
    ],
    [
      0.488672,
      0.259766
    ],
    [
      0.500244,
      0.259766
    ],
    [
      0.511816,
      0.259766
    ],
    [
      0.523438,
      0.259766
    ],
    [
      0.477051,
      0.262207
    ],
    [
      0.488672,
      0.262207
    ],
    [
      0.500244,
      0.262207
    ],
    [
      0.511816,
      0.262207
    ],
    [
      0.523438,
      0.262207
    ]
  ],
  "mesh_path": "meshes/mouth_parts_teeth.json",
  "vertex_keyforms": {
    "parameter_id": "ParamMouthOpenY",
    "keys": [
      {
        "value": 0.0,
        "vertices": [
          [
            977.0,
            528.7
          ],
          [
            1000.8,
            528.7
          ],
          [
            1024.5,
            528.7
          ],
          [
            1048.2,
            528.7
          ],
          [
            1072.0,
            528.7
          ],
          [
            977.0,
            528.9
          ],
          [
            1000.8,
            528.9
          ],
          [
            1024.5,
            528.9
          ],
          [
            1048.2,
            528.9
          ],
          [
            1072.0,
            528.9
          ],
          [
            977.0,
            529.1
          ],
          [
            1000.8,
            529.1
          ],
          [
            1024.5,
            529.1
          ],
          [
            1048.2,
            529.1
          ],
          [
            1072.0,
            529.1
          ],
          [
            977.0,
            529.3
          ],
          [
            1000.8,
            529.3
          ],
          [
            1024.5,
            529.3
          ],
          [
            1048.2,
            529.3
          ],
          [
            1072.0,
            529.3
          ]
        ]
      },
      {
        "value": 0.25,
        "vertices": [
          [
            977.0,
            526.9
          ],
          [
            1000.8,
            526.9
          ],
          [
            1024.5,
            526.9
          ],
          [
            1048.2,
            526.9
          ],
          [
            1072.0,
            526.9
          ],
          [
            977.0,
            528.4
          ],
          [
            1000.8,
            528.4
          ],
          [
            1024.5,
            528.4
          ],
          [
            1048.2,
            528.4
          ],
          [
            1072.0,
            528.4
          ],
          [
            977.0,
            529.9
          ],
          [
            1000.8,
            529.9
          ],
          [
            1024.5,
            529.9
          ],
          [
            1048.2,
            529.9
          ],
          [
            1072.0,
            529.9
          ],
          [
            977.0,
            531.4
          ],
          [
            1000.8,
            531.4
          ],
          [
            1024.5,
            531.4
          ],
          [
            1048.2,
            531.4
          ],
          [
            1072.0,
            531.4
          ]
        ]
      },
      {
        "value": 0.55,
        "vertices": [
          [
            977.0,
            524.7
          ],
          [
            1000.8,
            524.7
          ],
          [
            1024.5,
            524.7
          ],
          [
            1048.2,
            524.7
          ],
          [
            1072.0,
            524.7
          ],
          [
            977.0,
            527.8
          ],
          [
            1000.8,
            527.8
          ],
          [
            1024.5,
            527.8
          ],
          [
            1048.2,
            527.8
          ],
          [
            1072.0,
            527.8
          ],
          [
            977.0,
            530.9
          ],
          [
            1000.8,
            530.9
          ],
          [
            1024.5,
            530.9
          ],
          [
            1048.2,
            530.9
          ],
          [
            1072.0,
            530.9
          ],
          [
            977.0,
            534.0
          ],
          [
            1000.8,
            534.0
          ],
          [
            1024.5,
            534.0
          ],
          [
            1048.2,
            534.0
          ],
          [
            1072.0,
            534.0
          ]
        ]
      },
      {
        "value": 1.0,