{
  "part_id": "mouth_parts_upper_lip",
  "vertices": [
    [
      978.0,
      528.0
    ],
    [
      1001.2,
      528.0
    ],
    [
      1024.5,
      528.0
    ],
    [
      1047.8,
      528.0
    ],
    [
      1071.0,
      528.0
    ],
    [
      978.0,
      531.7
    ],
    [
      1001.2,
      531.7
    ],
    [
      1024.5,
      531.7
    ],
    [
      1047.8,
      531.7
    ],
    [
      1071.0,
      531.7
    ],
    [
      978.0,
      535.3
    ],
    [
      1001.2,
      535.3
    ],
    [
      1024.5,
      535.3
    ],
    [
      1047.8,
      535.3
    ],
    [
      1071.0,
      535.3
    ],
    [
      978.0,
      539.0
    ],
    [
      1001.2,
      539.0
    ],
    [
      1024.5,
      539.0
    ],
    [
      1047.8,
      539.0
    ],
    [
      1071.0,
      539.0
    ]
  ],
  "triangles": [
    [
      0,
      5,
      1
    ],
    [
      1,
      5,
      6
    ],
    [
      1,
      6,
      2
    ],
    [
      2,
      6,
      7
    ],
    [
      2,
      7,
      3
    ],
    [
      3,
      7,
      8
    ],
    [
      3,
      8,
      4
    ],
    [
      4,
      8,
      9
    ],
    [
      5,
      10,
      6
    ],
    [
      6,
      10,
      11
    ],
    [
      6,
      11,
      7
    ],
    [
      7,
      11,
      12
    ],
    [
      7,
      12,
      8
    ],
    [
      8,
      12,
      13
    ],
    [
      8,
      13,
      9
    ],
    [
      9,
      13,
      14
    ],
    [
      10,
      15,
      11
    ],
    [
      11,
      15,
      16
    ],
    [
      11,
      16,
      12
    ],
    [
      12,
      16,
      17
    ],
    [
      12,
      17,
      13
    ],
    [
      13,
      17,
      18
    ],
    [
      13,
      18,
      14
    ],
    [
      14,
      18,
      19
    ]
  ],
  "uvs": [
    [
      0.477539,
      0.257812
    ],
    [
      0.488867,
      0.257812
    ],
    [
      0.500244,
      0.257812
    ],
    [
      0.511621,
      0.257812
    ],
    [
      0.522949,
      0.257812
    ],
    [
      0.477539,
      0.259619
    ],
    [
      0.488867,
      0.259619
    ],
    [
      0.500244,
      0.259619
    ],
    [
      0.511621,
      0.259619
    ],
    [
      0.522949,
      0.259619
    ],
    [
      0.477539,
      0.261377
    ],
    [
      0.488867,
      0.261377
    ],
    [
      0.500244,
      0.261377
    ],
    [
      0.511621,
      0.261377
    ],
    [
      0.522949,
      0.261377
    ],
    [
      0.477539,
      0.263184
    ],
    [
      0.488867,
      0.263184
    ],
    [
      0.500244,
      0.263184
    ],
    [
      0.511621,
      0.263184
    ],
    [
      0.522949,
      0.263184
    ]
  ],
  "mesh_path": "meshes/mouth_parts_upper_lip.json",
  "vertex_keyforms": {
    "parameter_id": "ParamMouthOpenY",
    "keys": [
      {
        "value": 0.0,
        "vertices": [
          [
            978.0,
            529.0
          ],
          [
            1001.2,
            529.0
          ],
          [
            1024.5,
            529.0
          ],
          [
            1047.8,
            529.0
          ],
          [
            1071.0,
            529.0
          ],
          [
            978.0,
            529.1
          ],
          [
            1001.2,
            529.1
          ],
          [
            1024.5,
            529.1
          ],
          [
            1047.8,
            529.1
          ],
          [
            1071.0,
            529.1
          ],
          [
            978.0,
            529.3
          ],
          [
            1001.2,
            529.3
          ],
          [
            1024.5,
            529.3
          ],
          [
            1047.8,
            529.3
          ],
          [
            1071.0,
            529.3
          ],
          [
            978.0,
            529.4
          ],
          [
            1001.2,
            529.4
          ],
          [
            1024.5,
            529.4
          ],
          [
            1047.8,
            529.4
          ],
          [
            1071.0,
            529.4
          ]
        ]
      },
      {
        "value": 0.25,
        "vertices": [
          [
            978.0,
            528.7
          ],
          [
            1001.2,
            528.7
          ],
          [
            1024.5,
            528.7
          ],
          [
            1047.8,
            528.7
          ],
          [
            1071.0,
            528.7
          ],
          [
            978.0,
            529.8
          ],
          [
            1001.2,
            529.8
          ],
          [
            1024.5,
            529.8
          ],
          [
            1047.8,
            529.8
          ],
          [
            1071.0,
            529.8
          ],
          [
            978.0,
            530.9
          ],
          [
            1001.2,
            530.9
          ],
          [
            1024.5,
            530.9
          ],
          [
            1047.8,
            530.9
          ],
          [
            1071.0,
            530.9
          ],
          [
            978.0,
            532.0
          ],
          [
            1001.2,
            532.0
          ],
          [
            1024.5,
            532.0
          ],
          [
            1047.8,
            532.0
          ],
          [
            1071.0,
            532.0
          ]
        ]
      },
      {
        "value": 0.55,
        "vertices": [
          [
            978.0,
            528.4
          ],
          [
            1001.2,
            528.4
          ],
          [
            1024.5,
            528.4
          ],
          [
            1047.8,
            528.4
          ],
          [
            1071.0,
            528.4
          ],
          [
            978.0,
            530.7
          ],
          [
            1001.2,
            530.7
          ],
          [
            1024.5,
            530.7
          ],
          [
            1047.8,
            530.7
          ],
          [
            1071.0,
            530.7
          ],
          [
            978.0,
            532.9
          ],
          [
            1001.2,
            532.9
          ],
          [
            1024.5,
            532.9
          ],
          [
            1047.8,
            532.9
          ],
          [
            1071.0,
            532.9
          ],
          [
            978.0,
            535.2
          ],
          [
            1001.2,
            535.2
          ],
          [
            1024.5,
            535.2
          ],
          [
            1047.8,
            535.2
          ],
          [
            1071.0,
            535.2
          ]
        ]
      },
      {
        "value": 1.0,