{
  "part_id": "mouth_parts_tongue",
  "vertices": [
    [
      991.0,
      559.0
    ],
    [
      1007.8,
      559.0
    ],
    [
      1024.5,
      559.0
    ],
    [
      1041.2,
      559.0
    ],
    [
      1058.0,
      559.0
    ],
    [
      991.0,
      568.7
    ],
    [
      1007.8,
      568.7
    ],
    [
      1024.5,
      568.7
    ],
    [
      1041.2,
      568.7
    ],
    [
      1058.0,
      568.7
    ],
    [
      991.0,
      578.3
    ],
    [
      1007.8,
      578.3
    ],
    [
      1024.5,
      578.3
    ],
    [
      1041.2,
      578.3
    ],
    [
      1058.0,
      578.3
    ],
    [
      991.0,
      588.0
    ],
    [
      1007.8,
      588.0
    ],
    [
      1024.5,
      588.0
    ],
    [
      1041.2,
      588.0
    ],
    [
      1058.0,
      588.0
    ]
  ],
  "triangles": [
    [
      0,
      5,
      1
    ],
    [
      1,
      5,
      6
    ],
    [
      1,
      6,
      2
    ],
    [
      2,
      6,
      7
    ],
    [
      2,
      7,
      3
    ],
    [
      3,
      7,
      8
    ],
    [
      3,
      8,
      4
    ],
    [
      4,
      8,
      9
    ],
    [
      5,
      10,
      6
    ],
    [
      6,
      10,
      11
    ],
    [
      6,
      11,
      7
    ],
    [
      7,
      11,
      12
    ],
    [
      7,
      12,
      8
    ],
    [
      8,
      12,
      13
    ],
    [
      8,
      13,
      9
    ],
    [
      9,
      13,
      14
    ],
    [
      10,
      15,
      11
    ],
    [
      11,
      15,
      16
    ],
    [
      11,
      16,
      12
    ],
    [
      12,
      16,
      17
    ],
    [
      12,
      17,
      13
    ],
    [
      13,
      17,
      18
    ],
    [
      13,
      18,
      14
    ],
    [
      14,
      18,
      19
    ]
  ],
  "uvs": [
    [
      0.483887,
      0.272949
    ],
    [
      0.49209,
      0.272949
    ],
    [
      0.500244,
      0.272949
    ],
    [
      0.508398,
      0.272949
    ],
    [
      0.516602,
      0.272949
    ],
    [
      0.483887,
      0.277686
    ],
    [
      0.49209,
      0.277686
    ],
    [
      0.500244,
      0.277686
    ],
    [
      0.508398,
      0.277686
    ],
    [
      0.516602,
      0.277686
    ],
    [
      0.483887,
      0.282373
    ],
    [
      0.49209,
      0.282373
    ],
    [
      0.500244,
      0.282373
    ],
    [
      0.508398,
      0.282373
    ],
    [
      0.516602,
      0.282373
    ],
    [
      0.483887,
      0.287109
    ],
    [
      0.49209,
      0.287109
    ],
    [
      0.500244,
      0.287109
    ],
    [
      0.508398,
      0.287109
    ],
    [
      0.516602,
      0.287109
    ]
  ],
  "mesh_path": "meshes/mouth_parts_tongue.json",
  "vertex_keyforms": {
    "parameter_id": "ParamMouthOpenY",
    "keys": [
      {
        "value": 0.0,
        "vertices": [
          [
            991.0,
            530.2
          ],
          [
            1007.8,
            530.2
          ],
          [
            1024.5,
            530.2
          ],
          [
            1041.2,
            530.2
          ],
          [
            1058.0,
            530.2
          ],
          [
            991.0,
            530.6
          ],
          [
            1007.8,
            530.6
          ],
          [
            1024.5,
            530.6
          ],
          [
            1041.2,
            530.6
          ],
          [
            1058.0,
            530.6
          ],
          [
            991.0,
            531.0
          ],
          [
            1007.8,
            531.0
          ],
          [
            1024.5,
            531.0
          ],
          [
            1041.2,
            531.0
          ],
          [
            1058.0,
            531.0
          ],
          [
            991.0,
            531.4
          ],
          [
            1007.8,
            531.4
          ],
          [
            1024.5,
            531.4
          ],
          [
            1041.2,
            531.4
          ],
          [
            1058.0,
            531.4
          ]
        ]
      },
      {
        "value": 0.25,
        "vertices": [
          [
            991.0,
            538.0
          ],
          [
            1007.8,
            538.0
          ],
          [
            1024.5,
            538.0
          ],
          [
            1041.2,
            538.0
          ],
          [
            1058.0,
            538.0
          ],
          [
            991.0,
            540.9
          ],
          [
            1007.8,
            540.9
          ],
          [
            1024.5,
            540.9
          ],
          [
            1041.2,
            540.9
          ],
          [
            1058.0,
            540.9
          ],
          [
            991.0,
            543.8
          ],
          [
            1007.8,
            543.8
          ],
          [
            1024.5,
            543.8
          ],
          [
            1041.2,
            543.8
          ],
          [
            1058.0,
            543.8
          ],
          [
            991.0,
            546.7
          ],
          [
            1007.8,
            546.7
          ],
          [
            1024.5,
            546.7
          ],
          [
            1041.2,
            546.7
          ],
          [
            1058.0,
            546.7
          ]
        ]
      },
      {
        "value": 0.55,
        "vertices": [
          [
            991.0,
            547.6
          ],
          [
            1007.8,
            547.6
          ],
          [
            1024.5,
            547.6
          ],
          [
            1041.2,
            547.6
          ],
          [
            1058.0,
            547.6
          ],
          [
            991.0,
            553.6
          ],
          [
            1007.8,
            553.6
          ],
          [
            1024.5,
            553.6
          ],
          [
            1041.2,
            553.6
          ],
          [
            1058.0,
            553.6
          ],
          [
            991.0,
            559.6
          ],
          [
            1007.8,
            559.6
          ],
          [
            1024.5,
            559.6
          ],
          [
            1041.2,
            559.6
          ],
          [
            1058.0,
            559.6
          ],
          [
            991.0,
            565.6
          ],
          [
            1007.8,
            565.6
          ],
          [
            1024.5,
            565.6
          ],
          [
            1041.2,
            565.6
          ],
          [
            1058.0,
            565.6
          ]
        ]
      },
      {
        "value": 1.0,