{
  "part_id": "mouth_parts_tongue",
  "vertices": [
    [
      991.0,
      552.0
    ],
    [
      1007.8,
      552.0
    ],
    [
      1024.5,
      552.0
    ],
    [
      1041.2,
      552.0
    ],
    [
      1058.0,
      552.0
    ],
    [
      991.0,
      561.7
    ],
    [
      1007.8,
      561.7
    ],
    [
      1024.5,
      561.7
    ],
    [
      1041.2,
      561.7
    ],
    [
      1058.0,
      561.7
    ],
    [
      991.0,
      571.3
    ],
    [
      1007.8,
      571.3
    ],
    [
      1024.5,
      571.3
    ],
    [
      1041.2,
      571.3
    ],
    [
      1058.0,
      571.3
    ],
    [
      991.0,
      581.0
    ],
    [
      1007.8,
      581.0
    ],
    [
      1024.5,
      581.0
    ],
    [
      1041.2,
      581.0
    ],
    [
      1058.0,
      581.0
    ]
  ],
  "triangles": [
    [
      0,
      5,
      1
    ],
    [
      1,
      5,
      6
    ],
    [
      1,
      6,
      2
    ],
    [
      2,
      6,
      7
    ],
    [
      2,
      7,
      3
    ],
    [
      3,
      7,
      8
    ],
    [
      3,
      8,
      4
    ],
    [
      4,
      8,
      9
    ],
    [
      5,
      10,
      6
    ],
    [
      6,
      10,
      11
    ],
    [
      6,
      11,
      7
    ],
    [
      7,
      11,
      12
    ],
    [
      7,
      12,
      8
    ],
    [
      8,
      12,
      13
    ],
    [
      8,
      13,
      9
    ],
    [
      9,
      13,
      14
    ],
    [
      10,
      15,
      11
    ],
    [
      11,
      15,
      16
    ],
    [
      11,
      16,
      12
    ],
    [
      12,
      16,
      17
    ],
    [
      12,
      17,
      13
    ],
    [
      13,
      17,
      18
    ],
    [
      13,
      18,
      14
    ],
    [
      14,
      18,
      19
    ]
  ],
  "uvs": [
    [
      0.483887,
      0.269531
    ],
    [
      0.49209,
      0.269531
    ],
    [
      0.500244,
      0.269531
    ],
    [
      0.508398,
      0.269531
    ],
    [
      0.516602,
      0.269531
    ],
    [
      0.483887,
      0.274268
    ],
    [
      0.49209,
      0.274268
    ],
    [
      0.500244,
      0.274268
    ],
    [
      0.508398,
      0.274268
    ],
    [
      0.516602,
      0.274268
    ],
    [
      0.483887,
      0.278955
    ],
    [
      0.49209,
      0.278955
    ],
    [
      0.500244,
      0.278955
    ],
    [
      0.508398,
      0.278955
    ],
    [
      0.516602,
      0.278955
    ],
    [
      0.483887,
      0.283691
    ],
    [
      0.49209,
      0.283691
    ],
    [
      0.500244,
      0.283691
    ],
    [
      0.508398,
      0.283691
    ],
    [
      0.516602,
      0.283691
    ]
  ],
  "mesh_path": "meshes/mouth_parts_tongue.json",
  "vertex_keyforms": {
    "parameter_id": "ParamMouthOpenY",
    "keys": [
      {
        "value": 0.0,
        "vertices": [
          [
            991.0,
            529.9
          ],
          [
            1007.8,
            529.9
          ],
          [
            1024.5,
            529.9
          ],
          [
            1041.2,
            529.9
          ],
          [
            1058.0,
            529.9
          ],
          [
            991.0,
            530.3
          ],
          [
            1007.8,
            530.3
          ],
          [
            1024.5,
            530.3
          ],
          [
            1041.2,
            530.3
          ],
          [
            1058.0,
            530.3
          ],
          [
            991.0,
            530.7
          ],
          [
            1007.8,
            530.7
          ],
          [
            1024.5,
            530.7
          ],
          [
            1041.2,
            530.7
          ],
          [
            1058.0,
            530.7
          ],
          [
            991.0,
            531.1
          ],
          [
            1007.8,
            531.1
          ],
          [
            1024.5,
            531.1
          ],
          [
            1041.2,
            531.1
          ],
          [
            1058.0,
            531.1
          ]
        ]
      },
      {
        "value": 0.25,
        "vertices": [
          [
            991.0,
            535.9
          ],
          [
            1007.8,
            535.9
          ],
          [
            1024.5,
            535.9
          ],
          [
            1041.2,
            535.9
          ],
          [
            1058.0,
            535.9
          ],
          [
            991.0,
            538.8
          ],
          [
            1007.8,
            538.8
          ],
          [
            1024.5,
            538.8
          ],
          [
            1041.2,
            538.8
          ],
          [
            1058.0,
            538.8
          ],
          [
            991.0,
            541.7
          ],
          [
            1007.8,
            541.7
          ],
          [
            1024.5,
            541.7
          ],
          [
            1041.2,
            541.7
          ],
          [
            1058.0,
            541.7
          ],
          [
            991.0,
            544.6
          ],
          [
            1007.8,
            544.6
          ],
          [
            1024.5,
            544.6
          ],
          [
            1041.2,
            544.6
          ],
          [
            1058.0,
            544.6
          ]
        ]
      },
      {
        "value": 0.55,
        "vertices": [
          [
            991.0,
            543.3
          ],
          [
            1007.8,
            543.3
          ],
          [
            1024.5,
            543.3
          ],
          [
            1041.2,
            543.3
          ],
          [
            1058.0,
            543.3
          ],
          [
            991.0,
            549.3
          ],
          [
            1007.8,
            549.3
          ],
          [
            1024.5,
            549.3
          ],
          [
            1041.2,
            549.3
          ],
          [
            1058.0,
            549.3
          ],
          [
            991.0,
            555.2
          ],
          [
            1007.8,
            555.2
          ],
          [
            1024.5,
            555.2
          ],
          [
            1041.2,
            555.2
          ],
          [
            1058.0,
            555.2
          ],
          [
            991.0,
            561.2
          ],
          [
            1007.8,
            561.2
          ],
          [
            1024.5,
            561.2
          ],
          [
            1041.2,
            561.2
          ],
          [
            1058.0,
            561.2
          ]
        ]
      },
      {
        "value": 1.0,