{
  "part_id": "mouth_parts_teeth",
  "vertices": [
    [
      977.0,
      511.0
    ],
    [
      1000.8,
      511.0
    ],
    [
      1024.5,
      511.0
    ],
    [
      1048.2,
      511.0
    ],
    [
      1072.0,
      511.0
    ],
    [
      977.0,
      516.0
    ],
    [
      1000.8,
      516.0
    ],
    [
      1024.5,
      516.0
    ],
    [
      1048.2,
      516.0
    ],
    [
      1072.0,
      516.0
    ],
    [
      977.0,
      521.0
    ],
    [
      1000.8,
      521.0
    ],
    [
      1024.5,
      521.0
    ],
    [
      1048.2,
      521.0
    ],
    [
      1072.0,
      521.0
    ],
    [
      977.0,
      526.0
    ],
    [
      1000.8,
      526.0
    ],
    [
      1024.5,
      526.0
    ],
    [
      1048.2,
      526.0
    ],
    [
      1072.0,
      526.0
    ]
  ],
  "triangles": [
    [
      0,
      5,
      1
    ],
    [
      1,
      5,
      6
    ],
    [
      1,
      6,
      2
    ],
    [
      2,
      6,
      7
    ],
    [
      2,
      7,
      3
    ],
    [
      3,
      7,
      8
    ],
    [
      3,
      8,
      4
    ],
    [
      4,
      8,
      9
    ],
    [
      5,
      10,
      6
    ],
    [
      6,
      10,
      11
    ],
    [
      6,
      11,
      7
    ],
    [
      7,
      11,
      12
    ],
    [
      7,
      12,
      8
    ],
    [
      8,
      12,
      13
    ],
    [
      8,
      13,
      9
    ],
    [
      9,
      13,
      14
    ],
    [
      10,
      15,
      11
    ],
    [
      11,
      15,
      16
    ],
    [
      11,
      16,
      12
    ],
    [
      12,
      16,
      17
    ],
    [
      12,
      17,
      13
    ],
    [
      13,
      17,
      18
    ],
    [
      13,
      18,
      14
    ],
    [
      14,
      18,
      19
    ]
  ],
  "uvs": [
    [
      0.477051,
      0.249512
    ],
    [
      0.488672,
      0.249512
    ],
    [
      0.500244,
      0.249512
    ],
    [
      0.511816,
      0.249512
    ],
    [
      0.523438,
      0.249512
    ],
    [
      0.477051,
      0.251953
    ],
    [
      0.488672,
      0.251953
    ],
    [
      0.500244,
      0.251953
    ],
    [
      0.511816,
      0.251953
    ],
    [
      0.523438,
      0.251953
    ],
    [
      0.477051,
      0.254395
    ],
    [
      0.488672,
      0.254395
    ],
    [
      0.500244,
      0.254395
    ],
    [
      0.511816,
      0.254395
    ],
    [
      0.523438,
      0.254395
    ],
    [
      0.477051,
      0.256836
    ],
    [
      0.488672,
      0.256836
    ],
    [
      0.500244,
      0.256836
    ],
    [
      0.511816,
      0.256836
    ],
    [
      0.523438,
      0.256836
    ]
  ],
  "mesh_path": "meshes/mouth_parts_teeth.json",
  "vertex_keyforms": {
    "parameter_id": "ParamMouthOpenY",
    "keys": [
      {
        "value": 0.0,
        "vertices": [
          [
            977.0,
            510.0
          ],
          [
            1000.8,
            510.0
          ],
          [
            1024.5,
            510.0
          ],
          [
            1048.2,
            510.0
          ],
          [
            1072.0,
            510.0
          ],
          [
            977.0,
            510.2
          ],
          [
            1000.8,
            510.2
          ],
          [
            1024.5,
            510.2
          ],
          [
            1048.2,
            510.2
          ],
          [
            1072.0,
            510.2
          ],
          [
            977.0,
            510.4
          ],
          [
            1000.8,
            510.4
          ],
          [
            1024.5,
            510.4
          ],
          [
            1048.2,
            510.4
          ],
          [
            1072.0,
            510.4
          ],
          [
            977.0,
            510.6
          ],
          [
            1000.8,
            510.6
          ],
          [
            1024.5,
            510.6
          ],
          [
            1048.2,
            510.6
          ],
          [
            1072.0,
            510.6
          ]
        ]
      },
      {
        "value": 0.25,
        "vertices": [
          [
            977.0,
            510.3
          ],
          [
            1000.8,
            510.3
          ],
          [
            1024.5,
            510.3
          ],
          [
            1048.2,
            510.3
          ],
          [
            1072.0,
            510.3
          ],
          [
            977.0,
            511.8
          ],
          [
            1000.8,
            511.8
          ],
          [
            1024.5,
            511.8
          ],
          [
            1048.2,
            511.8
          ],
          [
            1072.0,
            511.8
          ],
          [
            977.0,
            513.3
          ],
          [
            1000.8,
            513.3
          ],
          [
            1024.5,
            513.3
          ],
          [
            1048.2,
            513.3
          ],
          [
            1072.0,
            513.3
          ],
          [
            977.0,
            514.8
          ],
          [
            1000.8,
            514.8
          ],
          [
            1024.5,
            514.8
          ],
          [
            1048.2,
            514.8
          ],
          [
            1072.0,
            514.8
          ]
        ]
      },
      {
        "value": 0.55,
        "vertices": [
          [
            977.0,
            510.6
          ],
          [
            1000.8,
            510.6
          ],
          [
            1024.5,
            510.6
          ],
          [
            1048.2,
            510.6
          ],
          [
            1072.0,
            510.6
          ],
          [
            977.0,
            513.7
          ],
          [
            1000.8,
            513.7
          ],
          [
            1024.5,
            513.7
          ],
          [
            1048.2,
            513.7
          ],
          [
            1072.0,
            513.7
          ],
          [
            977.0,
            516.8
          ],
          [
            1000.8,
            516.8
          ],
          [
            1024.5,
            516.8
          ],
          [
            1048.2,
            516.8
          ],
          [
            1072.0,
            516.8
          ],
          [
            977.0,
            519.9
          ],
          [
            1000.8,
            519.9
          ],
          [
            1024.5,
            519.9
          ],
          [
            1048.2,
            519.9
          ],
          [
            1072.0,
            519.9
          ]
        ]
      },
      {
        "value": 1.0,