{
  "part_id": "mouth_parts_upper_lip",
  "vertices": [
    [
      978.0,
      510.0
    ],
    [
      1001.2,
      510.0
    ],
    [
      1024.5,
      510.0
    ],
    [
      1047.8,
      510.0
    ],
    [
      1071.0,
      510.0
    ],
    [
      978.0,
      513.7
    ],
    [
      1001.2,
      513.7
    ],
    [
      1024.5,
      513.7
    ],
    [
      1047.8,
      513.7
    ],
    [
      1071.0,
      513.7
    ],
    [
      978.0,
      517.3
    ],
    [
      1001.2,
      517.3
    ],
    [
      1024.5,
      517.3
    ],
    [
      1047.8,
      517.3
    ],
    [
      1071.0,
      517.3
    ],
    [
      978.0,
      521.0
    ],
    [
      1001.2,
      521.0
    ],
    [
      1024.5,
      521.0
    ],
    [
      1047.8,
      521.0
    ],
    [
      1071.0,
      521.0
    ]
  ],
  "triangles": [
    [
      0,
      5,
      1
    ],
    [
      1,
      5,
      6
    ],
    [
      1,
      6,
      2
    ],
    [
      2,
      6,
      7
    ],
    [
      2,
      7,
      3
    ],
    [
      3,
      7,
      8
    ],
    [
      3,
      8,
      4
    ],
    [
      4,
      8,
      9
    ],
    [
      5,
      10,
      6
    ],
    [
      6,
      10,
      11
    ],
    [
      6,
      11,
      7
    ],
    [
      7,
      11,
      12
    ],
    [
      7,
      12,
      8
    ],
    [
      8,
      12,
      13
    ],
    [
      8,
      13,
      9
    ],
    [
      9,
      13,
      14
    ],
    [
      10,
      15,
      11
    ],
    [
      11,
      15,
      16
    ],
    [
      11,
      16,
      12
    ],
    [
      12,
      16,
      17
    ],
    [
      12,
      17,
      13
    ],
    [
      13,
      17,
      18
    ],
    [
      13,
      18,
      14
    ],
    [
      14,
      18,
      19
    ]
  ],
  "uvs": [
    [
      0.477539,
      0.249023
    ],
    [
      0.488867,
      0.249023
    ],
    [
      0.500244,
      0.249023
    ],
    [
      0.511621,
      0.249023
    ],
    [
      0.522949,
      0.249023
    ],
    [
      0.477539,
      0.25083
    ],
    [
      0.488867,
      0.25083
    ],
    [
      0.500244,
      0.25083
    ],
    [
      0.511621,
      0.25083
    ],
    [
      0.522949,
      0.25083
    ],
    [
      0.477539,
      0.252588
    ],
    [
      0.488867,
      0.252588
    ],
    [
      0.500244,
      0.252588
    ],
    [
      0.511621,
      0.252588
    ],
    [
      0.522949,
      0.252588
    ],
    [
      0.477539,
      0.254395
    ],
    [
      0.488867,
      0.254395
    ],
    [
      0.500244,
      0.254395
    ],
    [
      0.511621,
      0.254395
    ],
    [
      0.522949,
      0.254395
    ]
  ],
  "mesh_path": "meshes/mouth_parts_upper_lip.json",
  "vertex_keyforms": {
    "parameter_id": "ParamMouthOpenY",
    "keys": [
      {
        "value": 0.0,
        "vertices": [
          [
            978.0,
            510.0
          ],
          [
            1001.2,
            510.0
          ],
          [
            1024.5,
            510.0
          ],
          [
            1047.8,
            510.0
          ],
          [
            1071.0,
            510.0
          ],
          [
            978.0,
            510.1
          ],
          [
            1001.2,
            510.1
          ],
          [
            1024.5,
            510.1
          ],
          [
            1047.8,
            510.1
          ],
          [
            1071.0,
            510.1
          ],
          [
            978.0,
            510.3
          ],
          [
            1001.2,
            510.3
          ],
          [
            1024.5,
            510.3
          ],
          [
            1047.8,
            510.3
          ],
          [
            1071.0,
            510.3
          ],
          [
            978.0,
            510.4
          ],
          [
            1001.2,
            510.4
          ],
          [
            1024.5,
            510.4
          ],
          [
            1047.8,
            510.4
          ],
          [
            1071.0,
            510.4
          ]
        ]
      },
      {
        "value": 0.25,
        "vertices": [
          [
            978.0,
            510.0
          ],
          [
            1001.2,
            510.0
          ],
          [
            1024.5,
            510.0
          ],
          [
            1047.8,
            510.0
          ],
          [
            1071.0,
            510.0
          ],
          [
            978.0,
            511.1
          ],
          [
            1001.2,
            511.1
          ],
          [
            1024.5,
            511.1
          ],
          [
            1047.8,
            511.1
          ],
          [
            1071.0,
            511.1
          ],
          [
            978.0,
            512.2
          ],
          [
            1001.2,
            512.2
          ],
          [
            1024.5,
            512.2
          ],
          [
            1047.8,
            512.2
          ],
          [
            1071.0,
            512.2
          ],
          [
            978.0,
            513.3
          ],
          [
            1001.2,
            513.3
          ],
          [
            1024.5,
            513.3
          ],
          [
            1047.8,
            513.3
          ],
          [
            1071.0,
            513.3
          ]
        ]
      },
      {
        "value": 0.55,
        "vertices": [
          [
            978.0,
            510.0
          ],
          [
            1001.2,
            510.0
          ],
          [
            1024.5,
            510.0
          ],
          [
            1047.8,
            510.0
          ],
          [
            1071.0,
            510.0
          ],
          [
            978.0,
            512.3
          ],
          [
            1001.2,
            512.3
          ],
          [
            1024.5,
            512.3
          ],
          [
            1047.8,
            512.3
          ],
          [
            1071.0,
            512.3
          ],
          [
            978.0,
            514.5
          ],
          [
            1001.2,
            514.5
          ],
          [
            1024.5,
            514.5
          ],
          [
            1047.8,
            514.5
          ],
          [
            1071.0,
            514.5
          ],
          [
            978.0,
            516.8
          ],
          [
            1001.2,
            516.8
          ],
          [
            1024.5,
            516.8
          ],
          [
            1047.8,
            516.8
          ],
          [
            1071.0,
            516.8
          ]
        ]
      },
      {
        "value": 1.0,