{
  "part_id": "mouth_parts_interior",
  "vertices": [
    [
      972.0,
      529.0
    ],
    [
      998.2,
      529.0
    ],
    [
      1024.5,
      529.0
    ],
    [
      1050.8,
      529.0
    ],
    [
      1077.0,
      529.0
    ],
    [
      972.0,
      551.3
    ],
    [
      998.2,
      551.3
    ],
    [
      1024.5,
      551.3
    ],
    [
      1050.8,
      551.3
    ],
    [
      1077.0,
      551.3
    ],
    [
      972.0,
      573.7
    ],
    [
      998.2,
      573.7
    ],
    [
      1024.5,
      573.7
    ],
    [
      1050.8,
      573.7
    ],
    [
      1077.0,
      573.7
    ],
    [
      972.0,
      596.0
    ],
    [
      998.2,
      596.0
    ],
    [
      1024.5,
      596.0
    ],
    [
      1050.8,
      596.0
    ],
    [
      1077.0,
      596.0
    ]
  ],
  "triangles": [
    [
      0,
      5,
      1
    ],
    [
      1,
      5,
      6
    ],
    [
      1,
      6,
      2
    ],
    [
      2,
      6,
      7
    ],
    [
      2,
      7,
      3
    ],
    [
      3,
      7,
      8
    ],
    [
      3,
      8,
      4
    ],
    [
      4,
      8,
      9
    ],
    [
      5,
      10,
      6
    ],
    [
      6,
      10,
      11
    ],
    [
      6,
      11,
      7
    ],
    [
      7,
      11,
      12
    ],
    [
      7,
      12,
      8
    ],
    [
      8,
      12,
      13
    ],
    [
      8,
      13,
      9
    ],
    [
      9,
      13,
      14
    ],
    [
      10,
      15,
      11
    ],
    [
      11,
      15,
      16
    ],
    [
      11,
      16,
      12
    ],
    [
      12,
      16,
      17
    ],
    [
      12,
      17,
      13
    ],
    [
      13,
      17,
      18
    ],
    [
      13,
      18,
      14
    ],
    [
      14,
      18,
      19
    ]
  ],
  "uvs": [
    [
      0.474609,
      0.258301
    ],
    [
      0.487402,
      0.258301
    ],
    [
      0.500244,
      0.258301
    ],
    [
      0.513086,
      0.258301
    ],
    [
      0.525879,
      0.258301
    ],
    [
      0.474609,
      0.269189
    ],
    [
      0.487402,
      0.269189
    ],
    [
      0.500244,
      0.269189
    ],
    [
      0.513086,
      0.269189
    ],
    [
      0.525879,
      0.269189
    ],
    [
      0.474609,
      0.280127
    ],
    [
      0.487402,
      0.280127
    ],
    [
      0.500244,
      0.280127
    ],
    [
      0.513086,
      0.280127
    ],
    [
      0.525879,
      0.280127
    ],
    [
      0.474609,
      0.291016
    ],
    [
      0.487402,
      0.291016
    ],
    [
      0.500244,
      0.291016
    ],
    [
      0.513086,
      0.291016
    ],
    [
      0.525879,
      0.291016
    ]
  ],
  "mesh_path": "meshes/mouth_parts_interior.json",
  "vertex_keyforms": {
    "parameter_id": "ParamMouthOpenY",
    "keys": [
      {
        "value": 0.0,
        "vertices": [
          [
            972.0,
            529.0
          ],
          [
            998.2,
            529.0
          ],
          [
            1024.5,
            529.0
          ],
          [
            1050.8,
            529.0
          ],
          [
            1077.0,
            529.0
          ],
          [
            972.0,
            529.9
          ],
          [
            998.2,
            529.9
          ],
          [
            1024.5,
            529.9
          ],
          [
            1050.8,
            529.9
          ],
          [
            1077.0,
            529.9
          ],
          [
            972.0,
            530.8
          ],
          [
            998.2,
            530.8
          ],
          [
            1024.5,
            530.8
          ],
          [
            1050.8,
            530.8
          ],
          [
            1077.0,
            530.8
          ],
          [
            972.0,
            531.7
          ],
          [
            998.2,
            531.7
          ],
          [
            1024.5,
            531.7
          ],
          [
            1050.8,
            531.7
          ],
          [
            1077.0,
            531.7
          ]
        ]
      },
      {
        "value": 0.25,
        "vertices": [
          [
            972.0,
            529.0
          ],
          [
            998.2,
            529.0
          ],
          [
            1024.5,
            529.0
          ],
          [
            1050.8,
            529.0
          ],
          [
            1077.0,
            529.0
          ],
          [
            972.0,
            535.7
          ],
          [
            998.2,
            535.7
          ],
          [
            1024.5,
            535.7
          ],
          [
            1050.8,
            535.7
          ],
          [
            1077.0,
            535.7
          ],
          [
            972.0,
            542.4
          ],
          [
            998.2,
            542.4
          ],
          [
            1024.5,
            542.4
          ],
          [
            1050.8,
            542.4
          ],
          [
            1077.0,
            542.4
          ],
          [
            972.0,
            549.1
          ],
          [
            998.2,
            549.1
          ],
          [
            1024.5,
            549.1
          ],
          [
            1050.8,
            549.1
          ],
          [
            1077.0,
            549.1
          ]
        ]
      },
      {
        "value": 0.55,
        "vertices": [
          [
            972.0,
            529.0
          ],
          [
            998.2,
            529.0
          ],
          [
            1024.5,
            529.0
          ],
          [
            1050.8,
            529.0
          ],
          [
            1077.0,
            529.0
          ],
          [
            972.0,
            542.8
          ],
          [
            998.2,
            542.8
          ],
          [
            1024.5,
            542.8
          ],
          [
            1050.8,
            542.8
          ],
          [
            1077.0,
            542.8
          ],
          [
            972.0,
            556.7
          ],
          [
            998.2,
            556.7
          ],
          [
            1024.5,
            556.7
          ],
          [
            1050.8,
            556.7
          ],
          [
            1077.0,
            556.7
          ],
          [
            972.0,
            570.5
          ],
          [
            998.2,
            570.5
          ],
          [
            1024.5,
            570.5
          ],
          [
            1050.8,
            570.5
          ],
          [
            1077.0,
            570.5
          ]
        ]
      },
      {
        "value": 1.0,