{
  "part_id": "mouth_parts_teeth",
  "vertices": [
    [
      977.0,
      529.0
    ],
    [
      1000.8,
      529.0
    ],
    [
      1024.5,
      529.0
    ],
    [
      1048.2,
      529.0
    ],
    [
      1072.0,
      529.0
    ],
    [
      977.0,
      534.0
    ],
    [
      1000.8,
      534.0
    ],
    [
      1024.5,
      534.0
    ],
    [
      1048.2,
      534.0
    ],
    [
      1072.0,
      534.0
    ],
    [
      977.0,
      539.0
    ],
    [
      1000.8,
      539.0
    ],
    [
      1024.5,
      539.0
    ],
    [
      1048.2,
      539.0
    ],
    [
      1072.0,
      539.0
    ],
    [
      977.0,
      544.0
    ],
    [
      1000.8,
      544.0
    ],
    [
      1024.5,
      544.0
    ],
    [
      1048.2,
      544.0
    ],
    [
      1072.0,
      544.0
    ]
  ],
  "triangles": [
    [
      0,
      5,
      1
    ],
    [
      1,
      5,
      6
    ],
    [
      1,
      6,
      2
    ],
    [
      2,
      6,
      7
    ],
    [
      2,
      7,
      3
    ],
    [
      3,
      7,
      8
    ],
    [
      3,
      8,
      4
    ],
    [
      4,
      8,
      9
    ],
    [
      5,
      10,
      6
    ],
    [
      6,
      10,
      11
    ],
    [
      6,
      11,
      7
    ],
    [
      7,
      11,
      12
    ],
    [
      7,
      12,
      8
    ],
    [
      8,
      12,
      13
    ],
    [
      8,
      13,
      9
    ],
    [
      9,
      13,
      14
    ],
    [
      10,
      15,
      11
    ],
    [
      11,
      15,
      16
    ],
    [
      11,
      16,
      12
    ],
    [
      12,
      16,
      17
    ],
    [
      12,
      17,
      13
    ],
    [
      13,
      17,
      18
    ],
    [
      13,
      18,
      14
    ],
    [
      14,
      18,
      19
    ]
  ],
  "uvs": [
    [
      0.477051,
      0.258301
    ],
    [
      0.488672,
      0.258301
    ],
    [
      0.500244,
      0.258301
    ],
    [
      0.511816,
      0.258301
    ],
    [
      0.523438,
      0.258301
    ],
    [
      0.477051,
      0.260742
    ],
    [
      0.488672,
      0.260742
    ],
    [
      0.500244,
      0.260742
    ],
    [
      0.511816,
      0.260742
    ],
    [
      0.523438,
      0.260742
    ],
    [
      0.477051,
      0.263184
    ],
    [
      0.488672,
      0.263184
    ],
    [
      0.500244,
      0.263184
    ],
    [
      0.511816,
      0.263184
    ],
    [
      0.523438,
      0.263184
    ],
    [
      0.477051,
      0.265625
    ],
    [
      0.488672,
      0.265625
    ],
    [
      0.500244,
      0.265625
    ],
    [
      0.511816,
      0.265625
    ],
    [
      0.523438,
      0.265625
    ]
  ],
  "mesh_path": "meshes/mouth_parts_teeth.json",
  "vertex_keyforms": {
    "parameter_id": "ParamMouthOpenY",
    "keys": [
      {
        "value": 0.0,
        "vertices": [
          [
            977.0,
            529.0
          ],
          [
            1000.8,
            529.0
          ],
          [
            1024.5,
            529.0
          ],
          [
            1048.2,
            529.0
          ],
          [
            1072.0,
            529.0
          ],
          [
            977.0,
            529.2
          ],
          [
            1000.8,
            529.2
          ],
          [
            1024.5,
            529.2
          ],
          [
            1048.2,
            529.2
          ],
          [
            1072.0,
            529.2
          ],
          [
            977.0,
            529.4
          ],
          [
            1000.8,
            529.4
          ],
          [
            1024.5,
            529.4
          ],
          [
            1048.2,
            529.4
          ],
          [
            1072.0,
            529.4
          ],
          [
            977.0,
            529.6
          ],
          [
            1000.8,
            529.6
          ],
          [
            1024.5,
            529.6
          ],
          [
            1048.2,
            529.6
          ],
          [
            1072.0,
            529.6
          ]
        ]
      },
      {
        "value": 0.25,
        "vertices": [
          [
            977.0,
            529.0
          ],
          [
            1000.8,
            529.0
          ],
          [
            1024.5,
            529.0
          ],
          [
            1048.2,
            529.0
          ],
          [
            1072.0,
            529.0
          ],
          [
            977.0,
            530.5
          ],
          [
            1000.8,
            530.5
          ],
          [
            1024.5,
            530.5
          ],
          [
            1048.2,
            530.5
          ],
          [
            1072.0,
            530.5
          ],
          [
            977.0,
            532.0
          ],
          [
            1000.8,
            532.0
          ],
          [
            1024.5,
            532.0
          ],
          [
            1048.2,
            532.0
          ],
          [
            1072.0,
            532.0
          ],
          [
            977.0,
            533.5
          ],
          [
            1000.8,
            533.5
          ],
          [
            1024.5,
            533.5
          ],
          [
            1048.2,
            533.5
          ],
          [
            1072.0,
            533.5
          ]
        ]
      },
      {
        "value": 0.55,
        "vertices": [
          [
            977.0,
            529.0
          ],
          [
            1000.8,
            529.0
          ],
          [
            1024.5,
            529.0
          ],
          [
            1048.2,
            529.0
          ],
          [
            1072.0,
            529.0
          ],
          [
            977.0,
            532.1
          ],
          [
            1000.8,
            532.1
          ],
          [
            1024.5,
            532.1
          ],
          [
            1048.2,
            532.1
          ],
          [
            1072.0,
            532.1
          ],
          [
            977.0,
            535.2
          ],
          [
            1000.8,
            535.2
          ],
          [
            1024.5,
            535.2
          ],
          [
            1048.2,
            535.2
          ],
          [
            1072.0,
            535.2
          ],
          [
            977.0,
            538.3
          ],
          [
            1000.8,
            538.3
          ],
          [
            1024.5,
            538.3
          ],
          [
            1048.2,
            538.3
          ],
          [
            1072.0,
            538.3
          ]
        ]
      },
      {
        "value": 1.0,