{
  "part_id": "neck_under",
  "vertices": [
    [
      959.0,
      628.0
    ],
    [
      992.0,
      628.0
    ],
    [
      1025.0,
      628.0
    ],
    [
      1058.0,
      628.0
    ],
    [
      1091.0,
      628.0
    ],
    [
      959.0,
      645.0
    ],
    [
      992.0,
      645.0
    ],
    [
      1025.0,
      645.0
    ],
    [
      1058.0,
      645.0
    ],
    [
      1091.0,
      645.0
    ],
    [
      959.0,
      662.0
    ],
    [
      992.0,
      662.0
    ],
    [
      1025.0,
      662.0
    ],
    [
      1058.0,
      662.0
    ],
    [
      1091.0,
      662.0
    ],
    [
      959.0,
      679.0
    ],
    [
      992.0,
      679.0
    ],
    [
      1025.0,
      679.0
    ],
    [
      1058.0,
      679.0
    ],
    [
      1091.0,
      679.0
    ]
  ],
  "triangles": [
    [
      0,
      5,
      1
    ],
    [
      1,
      5,
      6
    ],
    [
      1,
      6,
      2
    ],
    [
      2,
      6,
      7
    ],
    [
      2,
      7,
      3
    ],
    [
      3,
      7,
      8
    ],
    [
      3,
      8,
      4
    ],
    [
      4,
      8,
      9
    ],
    [
      5,
      10,
      6
    ],
    [
      6,
      10,
      11
    ],
    [
      6,
      11,
      7
    ],
    [
      7,
      11,
      12
    ],
    [
      7,
      12,
      8
    ],
    [
      8,
      12,
      13
    ],
    [
      8,
      13,
      9
    ],
    [
      9,
      13,
      14
    ],
    [
      10,
      15,
      11
    ],
    [
      11,
      15,
      16
    ],
    [
      11,
      16,
      12
    ],
    [
      12,
      16,
      17
    ],
    [
      12,
      17,
      13
    ],
    [
      13,
      17,
      18
    ],
    [
      13,
      18,
      14
    ],
    [
      14,
      18,
      19
    ]
  ],
  "uvs": [
    [
      0.468262,
      0.306641
    ],
    [
      0.484375,
      0.306641
    ],
    [
      0.500488,
      0.306641
    ],
    [
      0.516602,
      0.306641
    ],
    [
      0.532715,
      0.306641
    ],
    [
      0.468262,
      0.314941
    ],
    [
      0.484375,
      0.314941
    ],
    [
      0.500488,
      0.314941
    ],
    [
      0.516602,
      0.314941
    ],
    [
      0.532715,
      0.314941
    ],
    [
      0.468262,
      0.323242
    ],
    [
      0.484375,
      0.323242
    ],
    [
      0.500488,
      0.323242
    ],
    [
      0.516602,
      0.323242
    ],
    [
      0.532715,
      0.323242
    ],
    [
      0.468262,
      0.331543
    ],
    [
      0.484375,
      0.331543
    ],
    [
      0.500488,
      0.331543
    ],
    [
      0.516602,
      0.331543
    ],
    [
      0.532715,
      0.331543
    ]
  ],
  "mesh_path": "meshes/neck_under.json"
}
