{
  "part_id": "neck",
  "vertices": [
    [
      952.0,
      467.0
    ],
    [
      993.8,
      467.0
    ],
    [
      1035.5,
      467.0
    ],
    [
      1077.2,
      467.0
    ],
    [
      1119.0,
      467.0
    ],
    [
      952.0,
      551.7
    ],
    [
      993.8,
      551.7
    ],
    [
      1035.5,
      551.7
    ],
    [
      1077.2,
      551.7
    ],
    [
      1119.0,
      551.7
    ],
    [
      952.0,
      636.3
    ],
    [
      993.8,
      636.3
    ],
    [
      1035.5,
      636.3
    ],
    [
      1077.2,
      636.3
    ],
    [
      1119.0,
      636.3
    ],
    [
      952.0,
      721.0
    ],
    [
      993.8,
      721.0
    ],
    [
      1035.5,
      721.0
    ],
    [
      1077.2,
      721.0
    ],
    [
      1119.0,
      721.0
    ]
  ],
  "triangles": [
    [
      0,
      5,
      1
    ],
    [
      1,
      5,
      6
    ],
    [
      1,
      6,
      2
    ],
    [
      2,
      6,
      7
    ],
    [
      2,
      7,
      3
    ],
    [
      3,
      7,
      8
    ],
    [
      3,
      8,
      4
    ],
    [
      4,
      8,
      9
    ],
    [
      5,
      10,
      6
    ],
    [
      6,
      10,
      11
    ],
    [
      6,
      11,
      7
    ],
    [
      7,
      11,
      12
    ],
    [
      7,
      12,
      8
    ],
    [
      8,
      12,
      13
    ],
    [
      8,
      13,
      9
    ],
    [
      9,
      13,
      14
    ],
    [
      10,
      15,
      11
    ],
    [
      11,
      15,
      16
    ],
    [
      11,
      16,
      12
    ],
    [
      12,
      16,
      17
    ],
    [
      12,
      17,
      13
    ],
    [
      13,
      17,
      18
    ],
    [
      13,
      18,
      14
    ],
    [
      14,
      18,
      19
    ]
  ],
  "uvs": [
    [
      0.464844,
      0.228027
    ],
    [
      0.485254,
      0.228027
    ],
    [
      0.505615,
      0.228027
    ],
    [
      0.525977,
      0.228027
    ],
    [
      0.546387,
      0.228027
    ],
    [
      0.464844,
      0.269385
    ],
    [
      0.485254,
      0.269385
    ],
    [
      0.505615,
      0.269385
    ],
    [
      0.525977,
      0.269385
    ],
    [
      0.546387,
      0.269385
    ],
    [
      0.464844,
      0.310693
    ],
    [
      0.485254,
      0.310693
    ],
    [
      0.505615,
      0.310693
    ],
    [
      0.525977,
      0.310693
    ],
    [
      0.546387,
      0.310693
    ],
    [
      0.464844,
      0.352051
    ],
    [
      0.485254,
      0.352051
    ],
    [
      0.505615,
      0.352051
    ],
    [
      0.525977,
      0.352051
    ],
    [
      0.546387,
      0.352051
    ]
  ],
  "mesh_path": "meshes/neck.json"
}
