{
  "part_id": "nose_reference",
  "vertices": [
    [
      1001.0,
      441.0
    ],
    [
      1007.2,
      441.0
    ],
    [
      1013.5,
      441.0
    ],
    [
      1019.8,
      441.0
    ],
    [
      1026.0,
      441.0
    ],
    [
      1001.0,
      452.7
    ],
    [
      1007.2,
      452.7
    ],
    [
      1013.5,
      452.7
    ],
    [
      1019.8,
      452.7
    ],
    [
      1026.0,
      452.7
    ],
    [
      1001.0,
      464.3
    ],
    [
      1007.2,
      464.3
    ],
    [
      1013.5,
      464.3
    ],
    [
      1019.8,
      464.3
    ],
    [
      1026.0,
      464.3
    ],
    [
      1001.0,
      476.0
    ],
    [
      1007.2,
      476.0
    ],
    [
      1013.5,
      476.0
    ],
    [
      1019.8,
      476.0
    ],
    [
      1026.0,
      476.0
    ]
  ],
  "triangles": [
    [
      0,
      5,
      1
    ],
    [
      1,
      5,
      6
    ],
    [
      1,
      6,
      2
    ],
    [
      2,
      6,
      7
    ],
    [
      2,
      7,
      3
    ],
    [
      3,
      7,
      8
    ],
    [
      3,
      8,
      4
    ],
    [
      4,
      8,
      9
    ],
    [
      5,
      10,
      6
    ],
    [
      6,
      10,
      11
    ],
    [
      6,
      11,
      7
    ],
    [
      7,
      11,
      12
    ],
    [
      7,
      12,
      8
    ],
    [
      8,
      12,
      13
    ],
    [
      8,
      13,
      9
    ],
    [
      9,
      13,
      14
    ],
    [
      10,
      15,
      11
    ],
    [
      11,
      15,
      16
    ],
    [
      11,
      16,
      12
    ],
    [
      12,
      16,
      17
    ],
    [
      12,
      17,
      13
    ],
    [
      13,
      17,
      18
    ],
    [
      13,
      18,
      14
    ],
    [
      14,
      18,
      19
    ]
  ],
  "uvs": [
    [
      0.48877,
      0.215332
    ],
    [
      0.491797,
      0.215332
    ],
    [
      0.494873,
      0.215332
    ],
    [
      0.497949,
      0.215332
    ],
    [
      0.500977,
      0.215332
    ],
    [
      0.48877,
      0.221045
    ],
    [
      0.491797,
      0.221045
    ],
    [
      0.494873,
      0.221045
    ],
    [
      0.497949,
      0.221045
    ],
    [
      0.500977,
      0.221045
    ],
    [
      0.48877,
      0.226709
    ],
    [
      0.491797,
      0.226709
    ],
    [
      0.494873,
      0.226709
    ],
    [
      0.497949,
      0.226709
    ],
    [
      0.500977,
      0.226709
    ],
    [
      0.48877,
      0.232422
    ],
    [
      0.491797,
      0.232422
    ],
    [
      0.494873,
      0.232422
    ],
    [
      0.497949,
      0.232422
    ],
    [
      0.500977,
      0.232422
    ]
  ],
  "mesh_path": "meshes/nose_reference.json"
}
