{
  "part_id": "R_arm",
  "vertices": [
    [
      626.0,
      722.0
    ],
    [
      677.5,
      722.0
    ],
    [
      729.0,
      722.0
    ],
    [
      780.5,
      722.0
    ],
    [
      832.0,
      722.0
    ],
    [
      626.0,
      1071.0
    ],
    [
      677.5,
      1071.0
    ],
    [
      729.0,
      1071.0
    ],
    [
      780.5,
      1071.0
    ],
    [
      832.0,
      1071.0
    ],
    [
      626.0,
      1420.0
    ],
    [
      677.5,
      1420.0
    ],
    [
      729.0,
      1420.0
    ],
    [
      780.5,
      1420.0
    ],
    [
      832.0,
      1420.0
    ],
    [
      626.0,
      1769.0
    ],
    [
      677.5,
      1769.0
    ],
    [
      729.0,
      1769.0
    ],
    [
      780.5,
      1769.0
    ],
    [
      832.0,
      1769.0
    ]
  ],
  "triangles": [
    [
      0,
      5,
      1
    ],
    [
      1,
      5,
      6
    ],
    [
      1,
      6,
      2
    ],
    [
      2,
      6,
      7
    ],
    [
      2,
      7,
      3
    ],
    [
      3,
      7,
      8
    ],
    [
      3,
      8,
      4
    ],
    [
      4,
      8,
      9
    ],
    [
      5,
      10,
      6
    ],
    [
      6,
      10,
      11
    ],
    [
      6,
      11,
      7
    ],
    [
      7,
      11,
      12
    ],
    [
      7,
      12,
      8
    ],
    [
      8,
      12,
      13
    ],
    [
      8,
      13,
      9
    ],
    [
      9,
      13,
      14
    ],
    [
      10,
      15,
      11
    ],
    [
      11,
      15,
      16
    ],
    [
      11,
      16,
      12
    ],
    [
      12,
      16,
      17
    ],
    [
      12,
      17,
      13
    ],
    [
      13,
      17,
      18
    ],
    [
      13,
      18,
      14
    ]
  ],
  "uvs": [
    [
      0.305664,
      0.352539
    ],
    [
      0.330811,
      0.352539
    ],
    [
      0.355957,
      0.352539
    ],
    [
      0.381104,
      0.352539
    ],
    [
      0.40625,
      0.352539
    ],
    [
      0.305664,
      0.522949
    ],
    [
      0.330811,
      0.522949
    ],
    [
      0.355957,
      0.522949
    ],
    [
      0.381104,
      0.522949
    ],
    [
      0.40625,
      0.522949
    ],
    [
      0.305664,
      0.693359
    ],
    [
      0.330811,
      0.693359
    ],
    [
      0.355957,
      0.693359
    ],
    [
      0.381104,
      0.693359
    ],
    [
      0.40625,
      0.693359
    ],
    [
      0.305664,
      0.86377
    ],
    [
      0.330811,
      0.86377
    ],
    [
      0.355957,
      0.86377
    ],
    [
      0.381104,
      0.86377
    ],
    [
      0.40625,
      0.86377
    ]
  ],
  "mesh_path": "meshes/R_arm.json"
}
