{
  "part_id": "R_eye_white",
  "vertices": [
    [
      880.0,
      388.0
    ],
    [
      901.8,
      388.0
    ],
    [
      923.5,
      388.0
    ],
    [
      945.2,
      388.0
    ],
    [
      967.0,
      388.0
    ],
    [
      880.0,
      401.7
    ],
    [
      901.8,
      401.7
    ],
    [
      923.5,
      401.7
    ],
    [
      945.2,
      401.7
    ],
    [
      967.0,
      401.7
    ],
    [
      880.0,
      415.3
    ],
    [
      901.8,
      415.3
    ],
    [
      923.5,
      415.3
    ],
    [
      945.2,
      415.3
    ],
    [
      967.0,
      415.3
    ],
    [
      880.0,
      429.0
    ],
    [
      901.8,
      429.0
    ],
    [
      923.5,
      429.0
    ],
    [
      945.2,
      429.0
    ],
    [
      967.0,
      429.0
    ]
  ],
  "triangles": [
    [
      0,
      5,
      1
    ],
    [
      1,
      5,
      6
    ],
    [
      1,
      6,
      2
    ],
    [
      2,
      6,
      7
    ],
    [
      2,
      7,
      3
    ],
    [
      3,
      7,
      8
    ],
    [
      3,
      8,
      4
    ],
    [
      4,
      8,
      9
    ],
    [
      5,
      10,
      6
    ],
    [
      6,
      10,
      11
    ],
    [
      6,
      11,
      7
    ],
    [
      7,
      11,
      12
    ],
    [
      7,
      12,
      8
    ],
    [
      8,
      12,
      13
    ],
    [
      8,
      13,
      9
    ],
    [
      9,
      13,
      14
    ],
    [
      10,
      15,
      11
    ],
    [
      11,
      15,
      16
    ],
    [
      11,
      16,
      12
    ],
    [
      12,
      16,
      17
    ],
    [
      12,
      17,
      13
    ],
    [
      13,
      17,
      18
    ],
    [
      13,
      18,
      14
    ],
    [
      14,
      18,
      19
    ]
  ],
  "uvs": [
    [
      0.429688,
      0.189453
    ],
    [
      0.440332,
      0.189453
    ],
    [
      0.450928,
      0.189453
    ],
    [
      0.461523,
      0.189453
    ],
    [
      0.472168,
      0.189453
    ],
    [
      0.429688,
      0.196143
    ],
    [
      0.440332,
      0.196143
    ],
    [
      0.450928,
      0.196143
    ],
    [
      0.461523,
      0.196143
    ],
    [
      0.472168,
      0.196143
    ],
    [
      0.429688,
      0.202783
    ],
    [
      0.440332,
      0.202783
    ],
    [
      0.450928,
      0.202783
    ],
    [
      0.461523,
      0.202783
    ],
    [
      0.472168,
      0.202783
    ],
    [
      0.429688,
      0.209473
    ],
    [
      0.440332,
      0.209473
    ],
    [
      0.450928,
      0.209473
    ],
    [
      0.461523,
      0.209473
    ],
    [
      0.472168,
      0.209473
    ]
  ],
  "mesh_path": "meshes/R_eye_white.json"
}
