{
  "part_id": "R_iris",
  "vertices": [
    [
      912.0,
      382.0
    ],
    [
      924.0,
      382.0
    ],
    [
      936.0,
      382.0
    ],
    [
      948.0,
      382.0
    ],
    [
      960.0,
      382.0
    ],
    [
      912.0,
      397.7
    ],
    [
      924.0,
      397.7
    ],
    [
      936.0,
      397.7
    ],
    [
      948.0,
      397.7
    ],
    [
      960.0,
      397.7
    ],
    [
      912.0,
      413.3
    ],
    [
      924.0,
      413.3
    ],
    [
      936.0,
      413.3
    ],
    [
      948.0,
      413.3
    ],
    [
      960.0,
      413.3
    ],
    [
      912.0,
      429.0
    ],
    [
      924.0,
      429.0
    ],
    [
      936.0,
      429.0
    ],
    [
      948.0,
      429.0
    ],
    [
      960.0,
      429.0
    ]
  ],
  "triangles": [
    [
      0,
      5,
      1
    ],
    [
      1,
      5,
      6
    ],
    [
      1,
      6,
      2
    ],
    [
      2,
      6,
      7
    ],
    [
      2,
      7,
      3
    ],
    [
      3,
      7,
      8
    ],
    [
      3,
      8,
      4
    ],
    [
      4,
      8,
      9
    ],
    [
      5,
      10,
      6
    ],
    [
      6,
      10,
      11
    ],
    [
      6,
      11,
      7
    ],
    [
      7,
      11,
      12
    ],
    [
      7,
      12,
      8
    ],
    [
      8,
      12,
      13
    ],
    [
      8,
      13,
      9
    ],
    [
      9,
      13,
      14
    ],
    [
      10,
      15,
      11
    ],
    [
      11,
      15,
      16
    ],
    [
      11,
      16,
      12
    ],
    [
      12,
      16,
      17
    ],
    [
      12,
      17,
      13
    ],
    [
      13,
      17,
      18
    ],
    [
      13,
      18,
      14
    ],
    [
      14,
      18,
      19
    ]
  ],
  "uvs": [
    [
      0.445312,
      0.186523
    ],
    [
      0.451172,
      0.186523
    ],
    [
      0.457031,
      0.186523
    ],
    [
      0.462891,
      0.186523
    ],
    [
      0.46875,
      0.186523
    ],
    [
      0.445312,
      0.194189
    ],
    [
      0.451172,
      0.194189
    ],
    [
      0.457031,
      0.194189
    ],
    [
      0.462891,
      0.194189
    ],
    [
      0.46875,
      0.194189
    ],
    [
      0.445312,
      0.201807
    ],
    [
      0.451172,
      0.201807
    ],
    [
      0.457031,
      0.201807
    ],
    [
      0.462891,
      0.201807
    ],
    [
      0.46875,
      0.201807
    ],
    [
      0.445312,
      0.209473
    ],
    [
      0.451172,
      0.209473
    ],
    [
      0.457031,
      0.209473
    ],
    [
      0.462891,
      0.209473
    ],
    [
      0.46875,
      0.209473
    ]
  ],
  "mesh_path": "meshes/R_iris.json"
}
