{
  "part_id": "R_upper_lash",
  "vertices": [
    [
      856.0,
      361.0
    ],
    [
      885.2,
      361.0
    ],
    [
      914.5,
      361.0
    ],
    [
      943.8,
      361.0
    ],
    [
      973.0,
      361.0
    ],
    [
      856.0,
      381.0
    ],
    [
      885.2,
      381.0
    ],
    [
      914.5,
      381.0
    ],
    [
      943.8,
      381.0
    ],
    [
      973.0,
      381.0
    ],
    [
      856.0,
      401.0
    ],
    [
      885.2,
      401.0
    ],
    [
      914.5,
      401.0
    ],
    [
      943.8,
      401.0
    ],
    [
      973.0,
      401.0
    ],
    [
      856.0,
      421.0
    ],
    [
      885.2,
      421.0
    ],
    [
      914.5,
      421.0
    ],
    [
      943.8,
      421.0
    ],
    [
      973.0,
      421.0
    ]
  ],
  "triangles": [
    [
      0,
      5,
      1
    ],
    [
      1,
      5,
      6
    ],
    [
      1,
      6,
      2
    ],
    [
      2,
      6,
      7
    ],
    [
      2,
      7,
      3
    ],
    [
      3,
      7,
      8
    ],
    [
      3,
      8,
      4
    ],
    [
      4,
      8,
      9
    ],
    [
      5,
      10,
      6
    ],
    [
      6,
      10,
      11
    ],
    [
      6,
      11,
      7
    ],
    [
      7,
      11,
      12
    ],
    [
      7,
      12,
      8
    ],
    [
      8,
      12,
      13
    ],
    [
      8,
      13,
      9
    ],
    [
      9,
      13,
      14
    ],
    [
      10,
      15,
      11
    ],
    [
      11,
      15,
      16
    ],
    [
      11,
      16,
      12
    ],
    [
      12,
      16,
      17
    ],
    [
      12,
      17,
      13
    ],
    [
      13,
      17,
      18
    ],
    [
      13,
      18,
      14
    ],
    [
      14,
      18,
      19
    ]
  ],
  "uvs": [
    [
      0.417969,
      0.17627
    ],
    [
      0.432227,
      0.17627
    ],
    [
      0.446533,
      0.17627
    ],
    [
      0.46084,
      0.17627
    ],
    [
      0.475098,
      0.17627
    ],
    [
      0.417969,
      0.186035
    ],
    [
      0.432227,
      0.186035
    ],
    [
      0.446533,
      0.186035
    ],
    [
      0.46084,
      0.186035
    ],
    [
      0.475098,
      0.186035
    ],
    [
      0.417969,
      0.195801
    ],
    [
      0.432227,
      0.195801
    ],
    [
      0.446533,
      0.195801
    ],
    [
      0.46084,
      0.195801
    ],
    [
      0.475098,
      0.195801
    ],
    [
      0.417969,
      0.205566
    ],
    [
      0.432227,
      0.205566
    ],
    [
      0.446533,
      0.205566
    ],
    [
      0.46084,
      0.205566
    ],
    [
      0.475098,
      0.205566
    ]
  ],
  "mesh_path": "meshes/R_upper_lash.json"
}
