{
  "part_id": "cheek_blush",
  "vertices": [
    [
      783.0,
      735.0
    ],
    [
      902.0,
      735.0
    ],
    [
      1021.0,
      735.0
    ],
    [
      1140.0,
      735.0
    ],
    [
      1259.0,
      735.0
    ],
    [
      783.0,
      761.0
    ],
    [
      902.0,
      761.0
    ],
    [
      1021.0,
      761.0
    ],
    [
      1140.0,
      761.0
    ],
    [
      1259.0,
      761.0
    ],
    [
      783.0,
      787.0
    ],
    [
      902.0,
      787.0
    ],
    [
      1021.0,
      787.0
    ],
    [
      1140.0,
      787.0
    ],
    [
      1259.0,
      787.0
    ],
    [
      783.0,
      813.0
    ],
    [
      902.0,
      813.0
    ],
    [
      1021.0,
      813.0
    ],
    [
      1140.0,
      813.0
    ],
    [
      1259.0,
      813.0
    ]
  ],
  "triangles": [
    [
      0,
      5,
      1
    ],
    [
      1,
      5,
      6
    ],
    [
      1,
      6,
      2
    ],
    [
      2,
      6,
      7
    ],
    [
      2,
      7,
      3
    ],
    [
      3,
      7,
      8
    ],
    [
      3,
      8,
      4
    ],
    [
      4,
      8,
      9
    ],
    [
      5,
      10,
      6
    ],
    [
      6,
      10,
      11
    ],
    [
      6,
      11,
      7
    ],
    [
      7,
      11,
      12
    ],
    [
      7,
      12,
      8
    ],
    [
      8,
      12,
      13
    ],
    [
      8,
      13,
      9
    ],
    [
      9,
      13,
      14
    ],
    [
      10,
      15,
      11
    ],
    [
      11,
      15,
      16
    ],
    [
      11,
      16,
      12
    ],
    [
      12,
      16,
      17
    ],
    [
      12,
      17,
      13
    ],
    [
      13,
      17,
      18
    ],
    [
      13,
      18,
      14
    ],
    [
      14,
      18,
      19
    ]
  ],
  "uvs": [
    [
      0.382324,
      0.358887
    ],
    [
      0.44043,
      0.358887
    ],
    [
      0.498535,
      0.358887
    ],
    [
      0.556641,
      0.358887
    ],
    [
      0.614746,
      0.358887
    ],
    [
      0.382324,
      0.371582
    ],
    [
      0.44043,
      0.371582
    ],
    [
      0.498535,
      0.371582
    ],
    [
      0.556641,
      0.371582
    ],
    [
      0.614746,
      0.371582
    ],
    [
      0.382324,
      0.384277
    ],
    [
      0.44043,
      0.384277
    ],
    [
      0.498535,
      0.384277
    ],
    [
      0.556641,
      0.384277
    ],
    [
      0.614746,
      0.384277
    ],
    [
      0.382324,
      0.396973
    ],
    [
      0.44043,
      0.396973
    ],
    [
      0.498535,
      0.396973
    ],
    [
      0.556641,
      0.396973
    ],
    [
      0.614746,
      0.396973
    ]
  ],
  "mesh_path": "meshes/cheek_blush.json"
}
