{
  "part_id": "eye_L_arap_075",
  "vertices": [
    [
      1083.0,
      494.0
    ],
    [
      1132.8,
      494.0
    ],
    [
      1182.5,
      494.0
    ],
    [
      1232.2,
      494.0
    ],
    [
      1282.0,
      494.0
    ],
    [
      1083.0,
      588.7
    ],
    [
      1132.8,
      588.7
    ],
    [
      1182.5,
      588.7
    ],
    [
      1232.2,
      588.7
    ],
    [
      1282.0,
      588.7
    ],
    [
      1083.0,
      683.3
    ],
    [
      1132.8,
      683.3
    ],
    [
      1182.5,
      683.3
    ],
    [
      1232.2,
      683.3
    ],
    [
      1282.0,
      683.3
    ],
    [
      1083.0,
      778.0
    ],
    [
      1132.8,
      778.0
    ],
    [
      1182.5,
      778.0
    ],
    [
      1232.2,
      778.0
    ],
    [
      1282.0,
      778.0
    ]
  ],
  "triangles": [
    [
      0,
      5,
      1
    ],
    [
      1,
      5,
      6
    ],
    [
      1,
      6,
      2
    ],
    [
      2,
      6,
      7
    ],
    [
      2,
      7,
      3
    ],
    [
      3,
      7,
      8
    ],
    [
      3,
      8,
      4
    ],
    [
      4,
      8,
      9
    ],
    [
      5,
      10,
      6
    ],
    [
      6,
      10,
      11
    ],
    [
      6,
      11,
      7
    ],
    [
      7,
      11,
      12
    ],
    [
      7,
      12,
      8
    ],
    [
      8,
      12,
      13
    ],
    [
      8,
      13,
      9
    ],
    [
      9,
      13,
      14
    ],
    [
      10,
      15,
      11
    ],
    [
      11,
      15,
      16
    ],
    [
      11,
      16,
      12
    ],
    [
      12,
      16,
      17
    ],
    [
      12,
      17,
      13
    ],
    [
      13,
      17,
      18
    ],
    [
      13,
      18,
      14
    ],
    [
      14,
      18,
      19
    ]
  ],
  "uvs": [
    [
      0.528809,
      0.241211
    ],
    [
      0.553125,
      0.241211
    ],
    [
      0.577393,
      0.241211
    ],
    [
      0.60166,
      0.241211
    ],
    [
      0.625977,
      0.241211
    ],
    [
      0.528809,
      0.287451
    ],
    [
      0.553125,
      0.287451
    ],
    [
      0.577393,
      0.287451
    ],
    [
      0.60166,
      0.287451
    ],
    [
      0.625977,
      0.287451
    ],
    [
      0.528809,
      0.333643
    ],
    [
      0.553125,
      0.333643
    ],
    [
      0.577393,
      0.333643
    ],
    [
      0.60166,
      0.333643
    ],
    [
      0.625977,
      0.333643
    ],
    [
      0.528809,
      0.379883
    ],
    [
      0.553125,
      0.379883
    ],
    [
      0.577393,
      0.379883
    ],
    [
      0.60166,
      0.379883
    ],
    [
      0.625977,
      0.379883
    ]
  ],
  "mesh_path": "meshes/eye_L_arap_075.json"
}
