{
  "part_id": "eye_R_arap_050",
  "vertices": [
    [
      761.0,
      493.0
    ],
    [
      810.2,
      493.0
    ],
    [
      859.5,
      493.0
    ],
    [
      908.8,
      493.0
    ],
    [
      958.0,
      493.0
    ],
    [
      761.0,
      588.3
    ],
    [
      810.2,
      588.3
    ],
    [
      859.5,
      588.3
    ],
    [
      908.8,
      588.3
    ],
    [
      958.0,
      588.3
    ],
    [
      761.0,
      683.7
    ],
    [
      810.2,
      683.7
    ],
    [
      859.5,
      683.7
    ],
    [
      908.8,
      683.7
    ],
    [
      958.0,
      683.7
    ],
    [
      761.0,
      779.0
    ],
    [
      810.2,
      779.0
    ],
    [
      859.5,
      779.0
    ],
    [
      908.8,
      779.0
    ],
    [
      958.0,
      779.0
    ]
  ],
  "triangles": [
    [
      0,
      5,
      1
    ],
    [
      1,
      5,
      6
    ],
    [
      1,
      6,
      2
    ],
    [
      2,
      6,
      7
    ],
    [
      2,
      7,
      3
    ],
    [
      3,
      7,
      8
    ],
    [
      3,
      8,
      4
    ],
    [
      4,
      8,
      9
    ],
    [
      5,
      10,
      6
    ],
    [
      6,
      10,
      11
    ],
    [
      6,
      11,
      7
    ],
    [
      7,
      11,
      12
    ],
    [
      7,
      12,
      8
    ],
    [
      8,
      12,
      13
    ],
    [
      8,
      13,
      9
    ],
    [
      9,
      13,
      14
    ],
    [
      10,
      15,
      11
    ],
    [
      11,
      15,
      16
    ],
    [
      11,
      16,
      12
    ],
    [
      12,
      16,
      17
    ],
    [
      12,
      17,
      13
    ],
    [
      13,
      17,
      18
    ],
    [
      13,
      18,
      14
    ],
    [
      14,
      18,
      19
    ]
  ],
  "uvs": [
    [
      0.371582,
      0.240723
    ],
    [
      0.395605,
      0.240723
    ],
    [
      0.419678,
      0.240723
    ],
    [
      0.44375,
      0.240723
    ],
    [
      0.467773,
      0.240723
    ],
    [
      0.371582,
      0.287256
    ],
    [
      0.395605,
      0.287256
    ],
    [
      0.419678,
      0.287256
    ],
    [
      0.44375,
      0.287256
    ],
    [
      0.467773,
      0.287256
    ],
    [
      0.371582,
      0.333838
    ],
    [
      0.395605,
      0.333838
    ],
    [
      0.419678,
      0.333838
    ],
    [
      0.44375,
      0.333838
    ],
    [
      0.467773,
      0.333838
    ],
    [
      0.371582,
      0.380371
    ],
    [
      0.395605,
      0.380371
    ],
    [
      0.419678,
      0.380371
    ],
    [
      0.44375,
      0.380371
    ],
    [
      0.467773,
      0.380371
    ]
  ],
  "mesh_path": "meshes/eye_R_arap_050.json"
}
