{
  "part_id": "L_arm",
  "vertices": [
    [
      1321.0,
      1165.0
    ],
    [
      1405.2,
      1165.0
    ],
    [
      1489.5,
      1165.0
    ],
    [
      1573.8,
      1165.0
    ],
    [
      1658.0,
      1165.0
    ],
    [
      1321.0,
      1459.3
    ],
    [
      1405.2,
      1459.3
    ],
    [
      1489.5,
      1459.3
    ],
    [
      1573.8,
      1459.3
    ],
    [
      1658.0,
      1459.3
    ],
    [
      1321.0,
      1753.7
    ],
    [
      1405.2,
      1753.7
    ],
    [
      1489.5,
      1753.7
    ],
    [
      1573.8,
      1753.7
    ],
    [
      1658.0,
      1753.7
    ],
    [
      1321.0,
      2048.0
    ],
    [
      1405.2,
      2048.0
    ],
    [
      1489.5,
      2048.0
    ],
    [
      1573.8,
      2048.0
    ],
    [
      1658.0,
      2048.0
    ]
  ],
  "triangles": [
    [
      0,
      5,
      1
    ],
    [
      1,
      5,
      6
    ],
    [
      1,
      6,
      2
    ],
    [
      2,
      6,
      7
    ],
    [
      2,
      7,
      3
    ],
    [
      3,
      7,
      8
    ],
    [
      3,
      8,
      4
    ],
    [
      4,
      8,
      9
    ],
    [
      5,
      10,
      6
    ],
    [
      6,
      10,
      11
    ],
    [
      6,
      11,
      7
    ],
    [
      7,
      11,
      12
    ],
    [
      7,
      12,
      8
    ],
    [
      8,
      12,
      13
    ],
    [
      8,
      13,
      9
    ],
    [
      9,
      13,
      14
    ],
    [
      10,
      15,
      11
    ],
    [
      11,
      15,
      16
    ],
    [
      11,
      16,
      12
    ],
    [
      12,
      16,
      17
    ],
    [
      12,
      17,
      13
    ],
    [
      13,
      17,
      18
    ],
    [
      13,
      18,
      14
    ],
    [
      14,
      18,
      19
    ]
  ],
  "uvs": [
    [
      0.64502,
      0.568848
    ],
    [
      0.686133,
      0.568848
    ],
    [
      0.727295,
      0.568848
    ],
    [
      0.768457,
      0.568848
    ],
    [
      0.80957,
      0.568848
    ],
    [
      0.64502,
      0.712549
    ],
    [
      0.686133,
      0.712549
    ],
    [
      0.727295,
      0.712549
    ],
    [
      0.768457,
      0.712549
    ],
    [
      0.80957,
      0.712549
    ],
    [
      0.64502,
      0.856299
    ],
    [
      0.686133,
      0.856299
    ],
    [
      0.727295,
      0.856299
    ],
    [
      0.768457,
      0.856299
    ],
    [
      0.80957,
      0.856299
    ],
    [
      0.64502,
      1.0
    ],
    [
      0.686133,
      1.0
    ],
    [
      0.727295,
      1.0
    ],
    [
      0.768457,
      1.0
    ],
    [
      0.80957,
      1.0
    ]
  ],
  "mesh_path": "meshes/L_arm.json"
}
