{
  "part_id": "L_brow",
  "vertices": [
    [
      1099.0,
      534.0
    ],
    [
      1142.5,
      534.0
    ],
    [
      1186.0,
      534.0
    ],
    [
      1229.5,
      534.0
    ],
    [
      1273.0,
      534.0
    ],
    [
      1099.0,
      546.0
    ],
    [
      1142.5,
      546.0
    ],
    [
      1186.0,
      546.0
    ],
    [
      1229.5,
      546.0
    ],
    [
      1273.0,
      546.0
    ],
    [
      1099.0,
      558.0
    ],
    [
      1142.5,
      558.0
    ],
    [
      1186.0,
      558.0
    ],
    [
      1229.5,
      558.0
    ],
    [
      1273.0,
      558.0
    ],
    [
      1099.0,
      570.0
    ],
    [
      1142.5,
      570.0
    ],
    [
      1186.0,
      570.0
    ],
    [
      1229.5,
      570.0
    ],
    [
      1273.0,
      570.0
    ]
  ],
  "triangles": [
    [
      0,
      5,
      1
    ],
    [
      1,
      5,
      6
    ],
    [
      1,
      6,
      2
    ],
    [
      2,
      6,
      7
    ],
    [
      2,
      7,
      3
    ],
    [
      3,
      7,
      8
    ],
    [
      3,
      8,
      4
    ],
    [
      4,
      8,
      9
    ],
    [
      5,
      10,
      6
    ],
    [
      6,
      10,
      11
    ],
    [
      6,
      11,
      7
    ],
    [
      7,
      11,
      12
    ],
    [
      7,
      12,
      8
    ],
    [
      8,
      12,
      13
    ],
    [
      8,
      13,
      9
    ],
    [
      9,
      13,
      14
    ],
    [
      10,
      15,
      11
    ],
    [
      11,
      15,
      16
    ],
    [
      11,
      16,
      12
    ],
    [
      12,
      16,
      17
    ],
    [
      12,
      17,
      13
    ],
    [
      13,
      17,
      18
    ],
    [
      13,
      18,
      14
    ],
    [
      14,
      18,
      19
    ]
  ],
  "uvs": [
    [
      0.536621,
      0.260742
    ],
    [
      0.557861,
      0.260742
    ],
    [
      0.579102,
      0.260742
    ],
    [
      0.600342,
      0.260742
    ],
    [
      0.621582,
      0.260742
    ],
    [
      0.536621,
      0.266602
    ],
    [
      0.557861,
      0.266602
    ],
    [
      0.579102,
      0.266602
    ],
    [
      0.600342,
      0.266602
    ],
    [
      0.621582,
      0.266602
    ],
    [
      0.536621,
      0.272461
    ],
    [
      0.557861,
      0.272461
    ],
    [
      0.579102,
      0.272461
    ],
    [
      0.600342,
      0.272461
    ],
    [
      0.621582,
      0.272461
    ],
    [
      0.536621,
      0.27832
    ],
    [
      0.557861,
      0.27832
    ],
    [
      0.579102,
      0.27832
    ],
    [
      0.600342,
      0.27832
    ],
    [
      0.621582,
      0.27832
    ]
  ],
  "mesh_path": "meshes/L_brow.json"
}
