{
  "part_id": "L_ear_outer",
  "vertices": [
    [
      1229.0,
      605.0
    ],
    [
      1263.5,
      605.0
    ],
    [
      1298.0,
      605.0
    ],
    [
      1332.5,
      605.0
    ],
    [
      1367.0,
      605.0
    ],
    [
      1229.0,
      670.0
    ],
    [
      1263.5,
      670.0
    ],
    [
      1298.0,
      670.0
    ],
    [
      1332.5,
      670.0
    ],
    [
      1367.0,
      670.0
    ],
    [
      1229.0,
      735.0
    ],
    [
      1263.5,
      735.0
    ],
    [
      1298.0,
      735.0
    ],
    [
      1332.5,
      735.0
    ],
    [
      1367.0,
      735.0
    ],
    [
      1229.0,
      800.0
    ],
    [
      1263.5,
      800.0
    ],
    [
      1298.0,
      800.0
    ],
    [
      1332.5,
      800.0
    ],
    [
      1367.0,
      800.0
    ]
  ],
  "triangles": [
    [
      0,
      5,
      1
    ],
    [
      1,
      5,
      6
    ],
    [
      1,
      6,
      2
    ],
    [
      2,
      6,
      7
    ],
    [
      2,
      7,
      3
    ],
    [
      3,
      7,
      8
    ],
    [
      3,
      8,
      4
    ],
    [
      4,
      8,
      9
    ],
    [
      5,
      10,
      6
    ],
    [
      6,
      10,
      11
    ],
    [
      6,
      11,
      7
    ],
    [
      7,
      11,
      12
    ],
    [
      7,
      12,
      8
    ],
    [
      8,
      12,
      13
    ],
    [
      8,
      13,
      9
    ],
    [
      9,
      13,
      14
    ],
    [
      10,
      15,
      11
    ],
    [
      11,
      15,
      16
    ],
    [
      11,
      16,
      12
    ],
    [
      12,
      16,
      17
    ],
    [
      12,
      17,
      13
    ],
    [
      13,
      17,
      18
    ],
    [
      13,
      18,
      14
    ],
    [
      14,
      18,
      19
    ]
  ],
  "uvs": [
    [
      0.600098,
      0.29541
    ],
    [
      0.616943,
      0.29541
    ],
    [
      0.633789,
      0.29541
    ],
    [
      0.650635,
      0.29541
    ],
    [
      0.66748,
      0.29541
    ],
    [
      0.600098,
      0.327148
    ],
    [
      0.616943,
      0.327148
    ],
    [
      0.633789,
      0.327148
    ],
    [
      0.650635,
      0.327148
    ],
    [
      0.66748,
      0.327148
    ],
    [
      0.600098,
      0.358887
    ],
    [
      0.616943,
      0.358887
    ],
    [
      0.633789,
      0.358887
    ],
    [
      0.650635,
      0.358887
    ],
    [
      0.66748,
      0.358887
    ],
    [
      0.600098,
      0.390625
    ],
    [
      0.616943,
      0.390625
    ],
    [
      0.633789,
      0.390625
    ],
    [
      0.650635,
      0.390625
    ],
    [
      0.66748,
      0.390625
    ]
  ],
  "mesh_path": "meshes/L_ear_outer.json"
}
