{
  "part_id": "L_eye_white",
  "vertices": [
    [
      1109.0,
      613.0
    ],
    [
      1145.8,
      613.0
    ],
    [
      1182.5,
      613.0
    ],
    [
      1219.2,
      613.0
    ],
    [
      1256.0,
      613.0
    ],
    [
      1109.0,
      647.3
    ],
    [
      1145.8,
      647.3
    ],
    [
      1182.5,
      647.3
    ],
    [
      1219.2,
      647.3
    ],
    [
      1256.0,
      647.3
    ],
    [
      1109.0,
      681.7
    ],
    [
      1145.8,
      681.7
    ],
    [
      1182.5,
      681.7
    ],
    [
      1219.2,
      681.7
    ],
    [
      1256.0,
      681.7
    ],
    [
      1109.0,
      716.0
    ],
    [
      1145.8,
      716.0
    ],
    [
      1182.5,
      716.0
    ],
    [
      1219.2,
      716.0
    ],
    [
      1256.0,
      716.0
    ]
  ],
  "triangles": [
    [
      0,
      5,
      1
    ],
    [
      1,
      5,
      6
    ],
    [
      1,
      6,
      2
    ],
    [
      2,
      6,
      7
    ],
    [
      2,
      7,
      3
    ],
    [
      3,
      7,
      8
    ],
    [
      3,
      8,
      4
    ],
    [
      4,
      8,
      9
    ],
    [
      5,
      10,
      6
    ],
    [
      6,
      10,
      11
    ],
    [
      6,
      11,
      7
    ],
    [
      7,
      11,
      12
    ],
    [
      7,
      12,
      8
    ],
    [
      8,
      12,
      13
    ],
    [
      8,
      13,
      9
    ],
    [
      9,
      13,
      14
    ],
    [
      10,
      15,
      11
    ],
    [
      11,
      15,
      16
    ],
    [
      11,
      16,
      12
    ],
    [
      12,
      16,
      17
    ],
    [
      12,
      17,
      13
    ],
    [
      13,
      17,
      18
    ],
    [
      13,
      18,
      14
    ],
    [
      14,
      18,
      19
    ]
  ],
  "uvs": [
    [
      0.541504,
      0.299316
    ],
    [
      0.559473,
      0.299316
    ],
    [
      0.577393,
      0.299316
    ],
    [
      0.595313,
      0.299316
    ],
    [
      0.613281,
      0.299316
    ],
    [
      0.541504,
      0.316064
    ],
    [
      0.559473,
      0.316064
    ],
    [
      0.577393,
      0.316064
    ],
    [
      0.595313,
      0.316064
    ],
    [
      0.613281,
      0.316064
    ],
    [
      0.541504,
      0.332861
    ],
    [
      0.559473,
      0.332861
    ],
    [
      0.577393,
      0.332861
    ],
    [
      0.595313,
      0.332861
    ],
    [
      0.613281,
      0.332861
    ],
    [
      0.541504,
      0.349609
    ],
    [
      0.559473,
      0.349609
    ],
    [
      0.577393,
      0.349609
    ],
    [
      0.595313,
      0.349609
    ],
    [
      0.613281,
      0.349609
    ]
  ],
  "mesh_path": "meshes/L_eye_white.json"
}
