{
  "part_id": "L_upper_lash",
  "vertices": [
    [
      1097.0,
      597.0
    ],
    [
      1144.0,
      597.0
    ],
    [
      1191.0,
      597.0
    ],
    [
      1238.0,
      597.0
    ],
    [
      1285.0,
      597.0
    ],
    [
      1097.0,
      636.0
    ],
    [
      1144.0,
      636.0
    ],
    [
      1191.0,
      636.0
    ],
    [
      1238.0,
      636.0
    ],
    [
      1285.0,
      636.0
    ],
    [
      1097.0,
      675.0
    ],
    [
      1144.0,
      675.0
    ],
    [
      1191.0,
      675.0
    ],
    [
      1238.0,
      675.0
    ],
    [
      1285.0,
      675.0
    ],
    [
      1097.0,
      714.0
    ],
    [
      1144.0,
      714.0
    ],
    [
      1191.0,
      714.0
    ],
    [
      1238.0,
      714.0
    ],
    [
      1285.0,
      714.0
    ]
  ],
  "triangles": [
    [
      0,
      5,
      1
    ],
    [
      1,
      5,
      6
    ],
    [
      1,
      6,
      2
    ],
    [
      2,
      6,
      7
    ],
    [
      2,
      7,
      3
    ],
    [
      3,
      7,
      8
    ],
    [
      3,
      8,
      4
    ],
    [
      4,
      8,
      9
    ],
    [
      5,
      10,
      6
    ],
    [
      6,
      10,
      11
    ],
    [
      6,
      11,
      7
    ],
    [
      7,
      11,
      12
    ],
    [
      7,
      12,
      8
    ],
    [
      8,
      12,
      13
    ],
    [
      8,
      13,
      9
    ],
    [
      9,
      13,
      14
    ],
    [
      10,
      15,
      11
    ],
    [
      11,
      15,
      16
    ],
    [
      11,
      16,
      12
    ],
    [
      12,
      16,
      17
    ],
    [
      12,
      17,
      13
    ],
    [
      13,
      17,
      18
    ],
    [
      13,
      18,
      14
    ],
    [
      14,
      18,
      19
    ]
  ],
  "uvs": [
    [
      0.535645,
      0.291504
    ],
    [
      0.558594,
      0.291504
    ],
    [
      0.581543,
      0.291504
    ],
    [
      0.604492,
      0.291504
    ],
    [
      0.627441,
      0.291504
    ],
    [
      0.535645,
      0.310547
    ],
    [
      0.558594,
      0.310547
    ],
    [
      0.581543,
      0.310547
    ],
    [
      0.604492,
      0.310547
    ],
    [
      0.627441,
      0.310547
    ],
    [
      0.535645,
      0.32959
    ],
    [
      0.558594,
      0.32959
    ],
    [
      0.581543,
      0.32959
    ],
    [
      0.604492,
      0.32959
    ],
    [
      0.627441,
      0.32959
    ],
    [
      0.535645,
      0.348633
    ],
    [
      0.558594,
      0.348633
    ],
    [
      0.581543,
      0.348633
    ],
    [
      0.604492,
      0.348633
    ],
    [
      0.627441,
      0.348633
    ]
  ],
  "mesh_path": "meshes/L_upper_lash.json"
}
