{
  "part_id": "mouth_state_small",
  "vertices": [
    [
      978.0,
      865.0
    ],
    [
      999.2,
      865.0
    ],
    [
      1020.5,
      865.0
    ],
    [
      1041.8,
      865.0
    ],
    [
      1063.0,
      865.0
    ],
    [
      978.0,
      876.0
    ],
    [
      999.2,
      876.0
    ],
    [
      1020.5,
      876.0
    ],
    [
      1041.8,
      876.0
    ],
    [
      1063.0,
      876.0
    ],
    [
      978.0,
      887.0
    ],
    [
      999.2,
      887.0
    ],
    [
      1020.5,
      887.0
    ],
    [
      1041.8,
      887.0
    ],
    [
      1063.0,
      887.0
    ],
    [
      978.0,
      898.0
    ],
    [
      999.2,
      898.0
    ],
    [
      1020.5,
      898.0
    ],
    [
      1041.8,
      898.0
    ],
    [
      1063.0,
      898.0
    ]
  ],
  "triangles": [
    [
      0,
      5,
      1
    ],
    [
      1,
      5,
      6
    ],
    [
      1,
      6,
      2
    ],
    [
      2,
      6,
      7
    ],
    [
      2,
      7,
      3
    ],
    [
      3,
      7,
      8
    ],
    [
      3,
      8,
      4
    ],
    [
      4,
      8,
      9
    ],
    [
      5,
      10,
      6
    ],
    [
      6,
      10,
      11
    ],
    [
      6,
      11,
      7
    ],
    [
      7,
      11,
      12
    ],
    [
      7,
      12,
      8
    ],
    [
      8,
      12,
      13
    ],
    [
      8,
      13,
      9
    ],
    [
      9,
      13,
      14
    ],
    [
      10,
      15,
      11
    ],
    [
      11,
      15,
      16
    ],
    [
      11,
      16,
      12
    ],
    [
      12,
      16,
      17
    ],
    [
      12,
      17,
      13
    ],
    [
      13,
      17,
      18
    ],
    [
      13,
      18,
      14
    ],
    [
      14,
      18,
      19
    ]
  ],
  "uvs": [
    [
      0.477539,
      0.422363
    ],
    [
      0.487891,
      0.422363
    ],
    [
      0.498291,
      0.422363
    ],
    [
      0.508691,
      0.422363
    ],
    [
      0.519043,
      0.422363
    ],
    [
      0.477539,
      0.427734
    ],
    [
      0.487891,
      0.427734
    ],
    [
      0.498291,
      0.427734
    ],
    [
      0.508691,
      0.427734
    ],
    [
      0.519043,
      0.427734
    ],
    [
      0.477539,
      0.433105
    ],
    [
      0.487891,
      0.433105
    ],
    [
      0.498291,
      0.433105
    ],
    [
      0.508691,
      0.433105
    ],
    [
      0.519043,
      0.433105
    ],
    [
      0.477539,
      0.438477
    ],
    [
      0.487891,
      0.438477
    ],
    [
      0.498291,
      0.438477
    ],
    [
      0.508691,
      0.438477
    ],
    [
      0.519043,
      0.438477
    ]
  ],
  "mesh_path": "meshes/mouth_state_small.json",
  "vertex_keyforms": {
    "parameter_id": "ParamMouthOpenY",
    "keys": [
      {
        "value": 0.18,
        "vertices": [
          [
            978.0,
            865.0
          ],
          [
            999.2,
            865.0
          ],
          [
            1020.5,
            865.0
          ],
          [
            1041.8,
            865.0
          ],
          [
            1063.0,
            865.0
          ],
          [
            978.0,
            871.0
          ],
          [
            999.2,
            871.0
          ],
          [
            1020.5,
            871.0
          ],
          [
            1041.8,
            871.0
          ],
          [
            1063.0,
            871.0
          ],
          [
            978.0,
            877.1
          ],
          [
            999.2,
            877.1
          ],
          [
            1020.5,
            877.1
          ],
          [
            1041.8,
            877.1
          ],
          [
            1063.0,
            877.1
          ],
          [
            978.0,
            883.1
          ],
          [
            999.2,
            883.1
          ],
          [
            1020.5,
            883.1
          ],
          [
            1041.8,
            883.1
          ],
          [
            1063.0,
            883.1
          ]
        ]
      },
      {
        "value": 0.35,
        "vertices": [
          [
            978.0,
            865.0
          ],
          [
            999.2,
            865.0
          ],
          [
            1020.5,
            865.0
          ],
          [
            1041.8,
            865.0
          ],
          [
            1063.0,
            865.0
          ],
          [
            978.0,
            876.0
          ],
          [
            999.2,
            876.0
          ],
          [
            1020.5,
            876.0
          ],
          [
            1041.8,
            876.0
          ],
          [
            1063.0,
            876.0
          ],
          [
            978.0,
            887.0
          ],
          [
            999.2,
            887.0
          ],
          [
            1020.5,
            887.0
          ],
          [
            1041.8,
            887.0
          ],
          [
            1063.0,
            887.0
          ],
          [
            978.0,
            898.0
          ],
          [
            999.2,
            898.0
          ],
          [
            1020.5,
            898.0
          ],
          [
            1041.8,
            898.0
          ],
          [
            1063.0,
            898.0
          ]
        ]
      },
      {
        "value": 0.58,
        "vertices": [
          [
            978.0,
            865.0
          ],
          [
            999.2,
            865.0
          ],
          [
            1020.5,
            865.0
          ],
          [
            1041.8,
            865.0
          ],
          [
            1063.0,
            865.0
          ],
          [
            978.0,
            879.0
          ],
          [
            999.2,
            879.0
          ],
          [
            1020.5,
            879.0
          ],
          [
            1041.8,
            879.0
          ],
          [
            1063.0,
            879.0
          ],
          [
            978.0,
            893.0
          ],
          [
            999.2,
            893.0
          ],
          [
            1020.5,
            893.0
          ],
          [
            1041.8,
            893.0
          ],
          [
            1063.0,
            893.0
          ],
          [
            978.0,
            907.0
          ],
          [
            999.2,
            907.0
          ],
          [
            1020.5,
            907.0
          ],
          [
            1041.8,
            907.0
          ],
          [
            1063.0,
            907.0
          ]
        ]
      },
      {
        "value": 0.85,