{
  "part_id": "mouth_state_wide",
  "vertices": [
    [
      972.0,
      849.0
    ],
    [
      995.8,
      849.0
    ],
    [
      1019.5,
      849.0
    ],
    [
      1043.2,
      849.0
    ],
    [
      1067.0,
      849.0
    ],
    [
      972.0,
      876.0
    ],
    [
      995.8,
      876.0
    ],
    [
      1019.5,
      876.0
    ],
    [
      1043.2,
      876.0
    ],
    [
      1067.0,
      876.0
    ],
    [
      972.0,
      903.0
    ],
    [
      995.8,
      903.0
    ],
    [
      1019.5,
      903.0
    ],
    [
      1043.2,
      903.0
    ],
    [
      1067.0,
      903.0
    ],
    [
      972.0,
      930.0
    ],
    [
      995.8,
      930.0
    ],
    [
      1019.5,
      930.0
    ],
    [
      1043.2,
      930.0
    ],
    [
      1067.0,
      930.0
    ]
  ],
  "triangles": [
    [
      0,
      5,
      1
    ],
    [
      1,
      5,
      6
    ],
    [
      1,
      6,
      2
    ],
    [
      2,
      6,
      7
    ],
    [
      2,
      7,
      3
    ],
    [
      3,
      7,
      8
    ],
    [
      3,
      8,
      4
    ],
    [
      4,
      8,
      9
    ],
    [
      5,
      10,
      6
    ],
    [
      6,
      10,
      11
    ],
    [
      6,
      11,
      7
    ],
    [
      7,
      11,
      12
    ],
    [
      7,
      12,
      8
    ],
    [
      8,
      12,
      13
    ],
    [
      8,
      13,
      9
    ],
    [
      9,
      13,
      14
    ],
    [
      10,
      15,
      11
    ],
    [
      11,
      15,
      16
    ],
    [
      11,
      16,
      12
    ],
    [
      12,
      16,
      17
    ],
    [
      12,
      17,
      13
    ],
    [
      13,
      17,
      18
    ],
    [
      13,
      18,
      14
    ],
    [
      14,
      18,
      19
    ]
  ],
  "uvs": [
    [
      0.474609,
      0.414551
    ],
    [
      0.48623,
      0.414551
    ],
    [
      0.497803,
      0.414551
    ],
    [
      0.509375,
      0.414551
    ],
    [
      0.520996,
      0.414551
    ],
    [
      0.474609,
      0.427734
    ],
    [
      0.48623,
      0.427734
    ],
    [
      0.497803,
      0.427734
    ],
    [
      0.509375,
      0.427734
    ],
    [
      0.520996,
      0.427734
    ],
    [
      0.474609,
      0.440918
    ],
    [
      0.48623,
      0.440918
    ],
    [
      0.497803,
      0.440918
    ],
    [
      0.509375,
      0.440918
    ],
    [
      0.520996,
      0.440918
    ],
    [
      0.474609,
      0.454102
    ],
    [
      0.48623,
      0.454102
    ],
    [
      0.497803,
      0.454102
    ],
    [
      0.509375,
      0.454102
    ],
    [
      0.520996,
      0.454102
    ]
  ],
  "mesh_path": "meshes/mouth_state_wide.json"
}
