{
  "part_id": "mouth_state_mid",
  "vertices": [
    [
      975.0,
      864.0
    ],
    [
      997.8,
      864.0
    ],
    [
      1020.5,
      864.0
    ],
    [
      1043.2,
      864.0
    ],
    [
      1066.0,
      864.0
    ],
    [
      975.0,
      878.0
    ],
    [
      997.8,
      878.0
    ],
    [
      1020.5,
      878.0
    ],
    [
      1043.2,
      878.0
    ],
    [
      1066.0,
      878.0
    ],
    [
      975.0,
      892.0
    ],
    [
      997.8,
      892.0
    ],
    [
      1020.5,
      892.0
    ],
    [
      1043.2,
      892.0
    ],
    [
      1066.0,
      892.0
    ],
    [
      975.0,
      906.0
    ],
    [
      997.8,
      906.0
    ],
    [
      1020.5,
      906.0
    ],
    [
      1043.2,
      906.0
    ],
    [
      1066.0,
      906.0
    ]
  ],
  "triangles": [
    [
      0,
      5,
      1
    ],
    [
      1,
      5,
      6
    ],
    [
      1,
      6,
      2
    ],
    [
      2,
      6,
      7
    ],
    [
      2,
      7,
      3
    ],
    [
      3,
      7,
      8
    ],
    [
      3,
      8,
      4
    ],
    [
      4,
      8,
      9
    ],
    [
      5,
      10,
      6
    ],
    [
      6,
      10,
      11
    ],
    [
      6,
      11,
      7
    ],
    [
      7,
      11,
      12
    ],
    [
      7,
      12,
      8
    ],
    [
      8,
      12,
      13
    ],
    [
      8,
      13,
      9
    ],
    [
      9,
      13,
      14
    ],
    [
      10,
      15,
      11
    ],
    [
      11,
      15,
      16
    ],
    [
      11,
      16,
      12
    ],
    [
      12,
      16,
      17
    ],
    [
      12,
      17,
      13
    ],
    [
      13,
      17,
      18
    ],
    [
      13,
      18,
      14
    ],
    [
      14,
      18,
      19
    ]
  ],
  "uvs": [
    [
      0.476074,
      0.421875
    ],
    [
      0.487207,
      0.421875
    ],
    [
      0.498291,
      0.421875
    ],
    [
      0.509375,
      0.421875
    ],
    [
      0.520508,
      0.421875
    ],
    [
      0.476074,
      0.428711
    ],
    [
      0.487207,
      0.428711
    ],
    [
      0.498291,
      0.428711
    ],
    [
      0.509375,
      0.428711
    ],
    [
      0.520508,
      0.428711
    ],
    [
      0.476074,
      0.435547
    ],
    [
      0.487207,
      0.435547
    ],
    [
      0.498291,
      0.435547
    ],
    [
      0.509375,
      0.435547
    ],
    [
      0.520508,
      0.435547
    ],
    [
      0.476074,
      0.442383
    ],
    [
      0.487207,
      0.442383
    ],
    [
      0.498291,
      0.442383
    ],
    [
      0.509375,
      0.442383
    ],
    [
      0.520508,
      0.442383
    ]
  ],
  "mesh_path": "meshes/mouth_state_mid.json"
}
