{
  "part_id": "mouth_line",
  "vertices": [
    [
      946.0,
      819.0
    ],
    [
      983.2,
      819.0
    ],
    [
      1020.5,
      819.0
    ],
    [
      1057.8,
      819.0
    ],
    [
      1095.0,
      819.0
    ],
    [
      946.0,
      853.3
    ],
    [
      983.2,
      853.3
    ],
    [
      1020.5,
      853.3
    ],
    [
      1057.8,
      853.3
    ],
    [
      1095.0,
      853.3
    ],
    [
      946.0,
      887.7
    ],
    [
      983.2,
      887.7
    ],
    [
      1020.5,
      887.7
    ],
    [
      1057.8,
      887.7
    ],
    [
      1095.0,
      887.7
    ],
    [
      946.0,
      922.0
    ],
    [
      983.2,
      922.0
    ],
    [
      1020.5,
      922.0
    ],
    [
      1057.8,
      922.0
    ],
    [
      1095.0,
      922.0
    ]
  ],
  "triangles": [
    [
      0,
      5,
      1
    ],
    [
      1,
      5,
      6
    ],
    [
      1,
      6,
      2
    ],
    [
      2,
      6,
      7
    ],
    [
      2,
      7,
      3
    ],
    [
      3,
      7,
      8
    ],
    [
      3,
      8,
      4
    ],
    [
      4,
      8,
      9
    ],
    [
      5,
      10,
      6
    ],
    [
      6,
      10,
      11
    ],
    [
      6,
      11,
      7
    ],
    [
      7,
      11,
      12
    ],
    [
      7,
      12,
      8
    ],
    [
      8,
      12,
      13
    ],
    [
      8,
      13,
      9
    ],
    [
      9,
      13,
      14
    ],
    [
      10,
      15,
      11
    ],
    [
      11,
      15,
      16
    ],
    [
      11,
      16,
      12
    ],
    [
      12,
      16,
      17
    ],
    [
      12,
      17,
      13
    ],
    [
      13,
      17,
      18
    ],
    [
      13,
      18,
      14
    ],
    [
      14,
      18,
      19
    ]
  ],
  "uvs": [
    [
      0.461914,
      0.399902
    ],
    [
      0.480078,
      0.399902
    ],
    [
      0.498291,
      0.399902
    ],
    [
      0.516504,
      0.399902
    ],
    [
      0.534668,
      0.399902
    ],
    [
      0.461914,
      0.41665
    ],
    [
      0.480078,
      0.41665
    ],
    [
      0.498291,
      0.41665
    ],
    [
      0.516504,
      0.41665
    ],
    [
      0.534668,
      0.41665
    ],
    [
      0.461914,
      0.433447
    ],
    [
      0.480078,
      0.433447
    ],
    [
      0.498291,
      0.433447
    ],
    [
      0.516504,
      0.433447
    ],
    [
      0.534668,
      0.433447
    ],
    [
      0.461914,
      0.450195
    ],
    [
      0.480078,
      0.450195
    ],
    [
      0.498291,
      0.450195
    ],
    [
      0.516504,
      0.450195
    ],
    [
      0.534668,
      0.450195
    ]
  ],
  "mesh_path": "meshes/mouth_line.json"
}
