{
  "part_id": "mouth_state_mid",
  "vertices": [
    [
      975.0,
      864.0
    ],
    [
      997.8,
      864.0
    ],
    [
      1020.5,
      864.0
    ],
    [
      1043.2,
      864.0
    ],
    [
      1066.0,
      864.0
    ],
    [
      975.0,
      878.0
    ],
    [
      997.8,
      878.0
    ],
    [
      1020.5,
      878.0
    ],
    [
      1043.2,
      878.0
    ],
    [
      1066.0,
      878.0
    ],
    [
      975.0,
      892.0
    ],
    [
      997.8,
      892.0
    ],
    [
      1020.5,
      892.0
    ],
    [
      1043.2,
      892.0
    ],
    [
      1066.0,
      892.0
    ],
    [
      975.0,
      906.0
    ],
    [
      997.8,
      906.0
    ],
    [
      1020.5,
      906.0
    ],
    [
      1043.2,
      906.0
    ],
    [
      1066.0,
      906.0
    ]
  ],
  "triangles": [
    [
      0,
      5,
      1
    ],
    [
      1,
      5,
      6
    ],
    [
      1,
      6,
      2
    ],
    [
      2,
      6,
      7
    ],
    [
      2,
      7,
      3
    ],
    [
      3,
      7,
      8
    ],
    [
      3,
      8,
      4
    ],
    [
      4,
      8,
      9
    ],
    [
      5,
      10,
      6
    ],
    [
      6,
      10,
      11
    ],
    [
      6,
      11,
      7
    ],
    [
      7,
      11,
      12
    ],
    [
      7,
      12,
      8
    ],
    [
      8,
      12,
      13
    ],
    [
      8,
      13,
      9
    ],
    [
      9,
      13,
      14
    ],
    [
      10,
      15,
      11
    ],
    [
      11,
      15,
      16
    ],
    [
      11,
      16,
      12
    ],
    [
      12,
      16,
      17
    ],
    [
      12,
      17,
      13
    ],
    [
      13,
      17,
      18
    ],
    [
      13,
      18,
      14
    ],
    [
      14,
      18,
      19
    ]
  ],
  "uvs": [
    [
      0.476074,
      0.421875
    ],
    [
      0.487207,
      0.421875
    ],
    [
      0.498291,
      0.421875
    ],
    [
      0.509375,
      0.421875
    ],
    [
      0.520508,
      0.421875
    ],
    [
      0.476074,
      0.428711
    ],
    [
      0.487207,
      0.428711
    ],
    [
      0.498291,
      0.428711
    ],
    [
      0.509375,
      0.428711
    ],
    [
      0.520508,
      0.428711
    ],
    [
      0.476074,
      0.435547
    ],
    [
      0.487207,
      0.435547
    ],
    [
      0.498291,
      0.435547
    ],
    [
      0.509375,
      0.435547
    ],
    [
      0.520508,
      0.435547
    ],
    [
      0.476074,
      0.442383
    ],
    [
      0.487207,
      0.442383
    ],
    [
      0.498291,
      0.442383
    ],
    [
      0.509375,
      0.442383
    ],
    [
      0.520508,
      0.442383
    ]
  ],
  "mesh_path": "meshes/mouth_state_mid.json",
  "vertex_keyforms": {
    "parameter_id": "ParamMouthOpenY",
    "keys": [
      {
        "value": 0.18,
        "vertices": [
          [
            975.0,
            864.0
          ],
          [
            997.8,
            864.0
          ],
          [
            1020.5,
            864.0
          ],
          [
            1043.2,
            864.0
          ],
          [
            1066.0,
            864.0
          ],
          [
            975.0,
            870.0
          ],
          [
            997.8,
            870.0
          ],
          [
            1020.5,
            870.0
          ],
          [
            1043.2,
            870.0
          ],
          [
            1066.0,
            870.0
          ],
          [
            975.0,
            876.1
          ],
          [
            997.8,
            876.1
          ],
          [
            1020.5,
            876.1
          ],
          [
            1043.2,
            876.1
          ],
          [
            1066.0,
            876.1
          ],
          [
            975.0,
            882.1
          ],
          [
            997.8,
            882.1
          ],
          [
            1020.5,
            882.1
          ],
          [
            1043.2,
            882.1
          ],
          [
            1066.0,
            882.1
          ]
        ]
      },
      {
        "value": 0.35,
        "vertices": [
          [
            975.0,
            864.0
          ],
          [
            997.8,
            864.0
          ],
          [
            1020.5,
            864.0
          ],
          [
            1043.2,
            864.0
          ],
          [
            1066.0,
            864.0
          ],
          [
            975.0,
            875.0
          ],
          [
            997.8,
            875.0
          ],
          [
            1020.5,
            875.0
          ],
          [
            1043.2,
            875.0
          ],
          [
            1066.0,
            875.0
          ],
          [
            975.0,
            886.0
          ],
          [
            997.8,
            886.0
          ],
          [
            1020.5,
            886.0
          ],
          [
            1043.2,
            886.0
          ],
          [
            1066.0,
            886.0
          ],
          [
            975.0,
            897.0
          ],
          [
            997.8,
            897.0
          ],
          [
            1020.5,
            897.0
          ],
          [
            1043.2,
            897.0
          ],
          [
            1066.0,
            897.0
          ]
        ]
      },
      {
        "value": 0.58,
        "vertices": [
          [
            975.0,
            864.0
          ],
          [
            997.8,
            864.0
          ],
          [
            1020.5,
            864.0
          ],
          [
            1043.2,
            864.0
          ],
          [
            1066.0,
            864.0
          ],
          [
            975.0,
            878.0
          ],
          [
            997.8,
            878.0
          ],
          [
            1020.5,
            878.0
          ],
          [
            1043.2,
            878.0
          ],
          [
            1066.0,
            878.0
          ],
          [
            975.0,
            892.0
          ],
          [
            997.8,
            892.0
          ],
          [
            1020.5,
            892.0
          ],
          [
            1043.2,
            892.0
          ],
          [
            1066.0,
            892.0
          ],
          [
            975.0,
            906.0
          ],
          [
            997.8,
            906.0
          ],
          [
            1020.5,
            906.0
          ],
          [
            1043.2,
            906.0
          ],
          [
            1066.0,
            906.0
          ]
        ]
      },
      {
        "value": 0.85,