{
  "part_id": "neck_under",
  "vertices": [
    [
      928.0,
      1007.0
    ],
    [
      974.2,
      1007.0
    ],
    [
      1020.5,
      1007.0
    ],
    [
      1066.8,
      1007.0
    ],
    [
      1113.0,
      1007.0
    ],
    [
      928.0,
      1035.0
    ],
    [
      974.2,
      1035.0
    ],
    [
      1020.5,
      1035.0
    ],
    [
      1066.8,
      1035.0
    ],
    [
      1113.0,
      1035.0
    ],
    [
      928.0,
      1063.0
    ],
    [
      974.2,
      1063.0
    ],
    [
      1020.5,
      1063.0
    ],
    [
      1066.8,
      1063.0
    ],
    [
      1113.0,
      1063.0
    ],
    [
      928.0,
      1091.0
    ],
    [
      974.2,
      1091.0
    ],
    [
      1020.5,
      1091.0
    ],
    [
      1066.8,
      1091.0
    ],
    [
      1113.0,
      1091.0
    ]
  ],
  "triangles": [
    [
      0,
      5,
      1
    ],
    [
      1,
      5,
      6
    ],
    [
      1,
      6,
      2
    ],
    [
      2,
      6,
      7
    ],
    [
      2,
      7,
      3
    ],
    [
      3,
      7,
      8
    ],
    [
      3,
      8,
      4
    ],
    [
      4,
      8,
      9
    ],
    [
      5,
      10,
      6
    ],
    [
      6,
      10,
      11
    ],
    [
      6,
      11,
      7
    ],
    [
      7,
      11,
      12
    ],
    [
      7,
      12,
      8
    ],
    [
      8,
      12,
      13
    ],
    [
      8,
      13,
      9
    ],
    [
      9,
      13,
      14
    ],
    [
      10,
      15,
      11
    ],
    [
      11,
      15,
      16
    ],
    [
      11,
      16,
      12
    ],
    [
      12,
      16,
      17
    ],
    [
      12,
      17,
      13
    ],
    [
      13,
      17,
      18
    ],
    [
      13,
      18,
      14
    ],
    [
      14,
      18,
      19
    ]
  ],
  "uvs": [
    [
      0.453125,
      0.491699
    ],
    [
      0.475684,
      0.491699
    ],
    [
      0.498291,
      0.491699
    ],
    [
      0.520898,
      0.491699
    ],
    [
      0.543457,
      0.491699
    ],
    [
      0.453125,
      0.505371
    ],
    [
      0.475684,
      0.505371
    ],
    [
      0.498291,
      0.505371
    ],
    [
      0.520898,
      0.505371
    ],
    [
      0.543457,
      0.505371
    ],
    [
      0.453125,
      0.519043
    ],
    [
      0.475684,
      0.519043
    ],
    [
      0.498291,
      0.519043
    ],
    [
      0.520898,
      0.519043
    ],
    [
      0.543457,
      0.519043
    ],
    [
      0.453125,
      0.532715
    ],
    [
      0.475684,
      0.532715
    ],
    [
      0.498291,
      0.532715
    ],
    [
      0.520898,
      0.532715
    ],
    [
      0.543457,
      0.532715
    ]
  ],
  "mesh_path": "meshes/neck_under.json"
}
