{
  "part_id": "nose_reference",
  "vertices": [
    [
      1001.0,
      756.0
    ],
    [
      1006.8,
      756.0
    ],
    [
      1012.5,
      756.0
    ],
    [
      1018.2,
      756.0
    ],
    [
      1024.0,
      756.0
    ],
    [
      1001.0,
      768.3
    ],
    [
      1006.8,
      768.3
    ],
    [
      1012.5,
      768.3
    ],
    [
      1018.2,
      768.3
    ],
    [
      1024.0,
      768.3
    ],
    [
      1001.0,
      780.7
    ],
    [
      1006.8,
      780.7
    ],
    [
      1012.5,
      780.7
    ],
    [
      1018.2,
      780.7
    ],
    [
      1024.0,
      780.7
    ],
    [
      1001.0,
      793.0
    ],
    [
      1006.8,
      793.0
    ],
    [
      1012.5,
      793.0
    ],
    [
      1018.2,
      793.0
    ],
    [
      1024.0,
      793.0
    ]
  ],
  "triangles": [
    [
      0,
      5,
      1
    ],
    [
      1,
      5,
      6
    ],
    [
      1,
      6,
      2
    ],
    [
      2,
      6,
      7
    ],
    [
      2,
      7,
      3
    ],
    [
      3,
      7,
      8
    ],
    [
      3,
      8,
      4
    ],
    [
      4,
      8,
      9
    ],
    [
      5,
      10,
      6
    ],
    [
      6,
      10,
      11
    ],
    [
      6,
      11,
      7
    ],
    [
      7,
      11,
      12
    ],
    [
      7,
      12,
      8
    ],
    [
      8,
      12,
      13
    ],
    [
      8,
      13,
      9
    ],
    [
      9,
      13,
      14
    ],
    [
      10,
      15,
      11
    ],
    [
      11,
      15,
      16
    ],
    [
      11,
      16,
      12
    ],
    [
      12,
      16,
      17
    ],
    [
      12,
      17,
      13
    ],
    [
      13,
      17,
      18
    ],
    [
      13,
      18,
      14
    ],
    [
      14,
      18,
      19
    ]
  ],
  "uvs": [
    [
      0.48877,
      0.369141
    ],
    [
      0.491602,
      0.369141
    ],
    [
      0.494385,
      0.369141
    ],
    [
      0.497168,
      0.369141
    ],
    [
      0.5,
      0.369141
    ],
    [
      0.48877,
      0.375146
    ],
    [
      0.491602,
      0.375146
    ],
    [
      0.494385,
      0.375146
    ],
    [
      0.497168,
      0.375146
    ],
    [
      0.5,
      0.375146
    ],
    [
      0.48877,
      0.381201
    ],
    [
      0.491602,
      0.381201
    ],
    [
      0.494385,
      0.381201
    ],
    [
      0.497168,
      0.381201
    ],
    [
      0.5,
      0.381201
    ],
    [
      0.48877,
      0.387207
    ],
    [
      0.491602,
      0.387207
    ],
    [
      0.494385,
      0.387207
    ],
    [
      0.497168,
      0.387207
    ],
    [
      0.5,
      0.387207
    ]
  ],
  "mesh_path": "meshes/nose_reference.json"
}
