{
  "part_id": "R_arm",
  "vertices": [
    [
      387.0,
      1164.0
    ],
    [
      469.8,
      1164.0
    ],
    [
      552.5,
      1164.0
    ],
    [
      635.2,
      1164.0
    ],
    [
      718.0,
      1164.0
    ],
    [
      387.0,
      1458.7
    ],
    [
      469.8,
      1458.7
    ],
    [
      552.5,
      1458.7
    ],
    [
      635.2,
      1458.7
    ],
    [
      718.0,
      1458.7
    ],
    [
      387.0,
      1753.3
    ],
    [
      469.8,
      1753.3
    ],
    [
      552.5,
      1753.3
    ],
    [
      635.2,
      1753.3
    ],
    [
      718.0,
      1753.3
    ],
    [
      387.0,
      2048.0
    ],
    [
      469.8,
      2048.0
    ],
    [
      552.5,
      2048.0
    ],
    [
      635.2,
      2048.0
    ],
    [
      718.0,
      2048.0
    ]
  ],
  "triangles": [
    [
      0,
      5,
      1
    ],
    [
      1,
      5,
      6
    ],
    [
      1,
      6,
      2
    ],
    [
      2,
      6,
      7
    ],
    [
      2,
      7,
      3
    ],
    [
      3,
      7,
      8
    ],
    [
      3,
      8,
      4
    ],
    [
      4,
      8,
      9
    ],
    [
      5,
      10,
      6
    ],
    [
      6,
      10,
      11
    ],
    [
      6,
      11,
      7
    ],
    [
      7,
      11,
      12
    ],
    [
      7,
      12,
      8
    ],
    [
      8,
      12,
      13
    ],
    [
      8,
      13,
      9
    ],
    [
      9,
      13,
      14
    ],
    [
      10,
      15,
      11
    ],
    [
      11,
      15,
      16
    ],
    [
      11,
      16,
      12
    ],
    [
      12,
      16,
      17
    ],
    [
      12,
      17,
      13
    ],
    [
      13,
      17,
      18
    ],
    [
      13,
      18,
      14
    ],
    [
      14,
      18,
      19
    ]
  ],
  "uvs": [
    [
      0.188965,
      0.568359
    ],
    [
      0.229395,
      0.568359
    ],
    [
      0.269775,
      0.568359
    ],
    [
      0.310156,
      0.568359
    ],
    [
      0.350586,
      0.568359
    ],
    [
      0.188965,
      0.712256
    ],
    [
      0.229395,
      0.712256
    ],
    [
      0.269775,
      0.712256
    ],
    [
      0.310156,
      0.712256
    ],
    [
      0.350586,
      0.712256
    ],
    [
      0.188965,
      0.856104
    ],
    [
      0.229395,
      0.856104
    ],
    [
      0.269775,
      0.856104
    ],
    [
      0.310156,
      0.856104
    ],
    [
      0.350586,
      0.856104
    ],
    [
      0.188965,
      1.0
    ],
    [
      0.229395,
      1.0
    ],
    [
      0.269775,
      1.0
    ],
    [
      0.310156,
      1.0
    ],
    [
      0.350586,
      1.0
    ]
  ],
  "mesh_path": "meshes/R_arm.json"
}
