{
  "part_id": "R_brow",
  "vertices": [
    [
      769.0,
      537.0
    ],
    [
      813.2,
      537.0
    ],
    [
      857.5,
      537.0
    ],
    [
      901.8,
      537.0
    ],
    [
      946.0,
      537.0
    ],
    [
      769.0,
      548.3
    ],
    [
      813.2,
      548.3
    ],
    [
      857.5,
      548.3
    ],
    [
      901.8,
      548.3
    ],
    [
      946.0,
      548.3
    ],
    [
      769.0,
      559.7
    ],
    [
      813.2,
      559.7
    ],
    [
      857.5,
      559.7
    ],
    [
      901.8,
      559.7
    ],
    [
      946.0,
      559.7
    ],
    [
      769.0,
      571.0
    ],
    [
      813.2,
      571.0
    ],
    [
      857.5,
      571.0
    ],
    [
      901.8,
      571.0
    ],
    [
      946.0,
      571.0
    ]
  ],
  "triangles": [
    [
      0,
      5,
      1
    ],
    [
      1,
      5,
      6
    ],
    [
      1,
      6,
      2
    ],
    [
      2,
      6,
      7
    ],
    [
      2,
      7,
      3
    ],
    [
      3,
      7,
      8
    ],
    [
      3,
      8,
      4
    ],
    [
      4,
      8,
      9
    ],
    [
      5,
      10,
      6
    ],
    [
      6,
      10,
      11
    ],
    [
      6,
      11,
      7
    ],
    [
      7,
      11,
      12
    ],
    [
      7,
      12,
      8
    ],
    [
      8,
      12,
      13
    ],
    [
      8,
      13,
      9
    ],
    [
      9,
      13,
      14
    ],
    [
      10,
      15,
      11
    ],
    [
      11,
      15,
      16
    ],
    [
      11,
      16,
      12
    ],
    [
      12,
      16,
      17
    ],
    [
      12,
      17,
      13
    ],
    [
      13,
      17,
      18
    ],
    [
      13,
      18,
      14
    ],
    [
      14,
      18,
      19
    ]
  ],
  "uvs": [
    [
      0.375488,
      0.262207
    ],
    [
      0.39707,
      0.262207
    ],
    [
      0.418701,
      0.262207
    ],
    [
      0.440332,
      0.262207
    ],
    [
      0.461914,
      0.262207
    ],
    [
      0.375488,
      0.267725
    ],
    [
      0.39707,
      0.267725
    ],
    [
      0.418701,
      0.267725
    ],
    [
      0.440332,
      0.267725
    ],
    [
      0.461914,
      0.267725
    ],
    [
      0.375488,
      0.273291
    ],
    [
      0.39707,
      0.273291
    ],
    [
      0.418701,
      0.273291
    ],
    [
      0.440332,
      0.273291
    ],
    [
      0.461914,
      0.273291
    ],
    [
      0.375488,
      0.278809
    ],
    [
      0.39707,
      0.278809
    ],
    [
      0.418701,
      0.278809
    ],
    [
      0.440332,
      0.278809
    ],
    [
      0.461914,
      0.278809
    ]
  ],
  "mesh_path": "meshes/R_brow.json"
}
