{
  "part_id": "R_ear_outer",
  "vertices": [
    [
      670.0,
      605.0
    ],
    [
      704.2,
      605.0
    ],
    [
      738.5,
      605.0
    ],
    [
      772.8,
      605.0
    ],
    [
      807.0,
      605.0
    ],
    [
      670.0,
      669.7
    ],
    [
      704.2,
      669.7
    ],
    [
      738.5,
      669.7
    ],
    [
      772.8,
      669.7
    ],
    [
      807.0,
      669.7
    ],
    [
      670.0,
      734.3
    ],
    [
      704.2,
      734.3
    ],
    [
      738.5,
      734.3
    ],
    [
      772.8,
      734.3
    ],
    [
      807.0,
      734.3
    ],
    [
      670.0,
      799.0
    ],
    [
      704.2,
      799.0
    ],
    [
      738.5,
      799.0
    ],
    [
      772.8,
      799.0
    ],
    [
      807.0,
      799.0
    ]
  ],
  "triangles": [
    [
      0,
      5,
      1
    ],
    [
      1,
      5,
      6
    ],
    [
      1,
      6,
      2
    ],
    [
      2,
      6,
      7
    ],
    [
      2,
      7,
      3
    ],
    [
      3,
      7,
      8
    ],
    [
      3,
      8,
      4
    ],
    [
      4,
      8,
      9
    ],
    [
      5,
      10,
      6
    ],
    [
      6,
      10,
      11
    ],
    [
      6,
      11,
      7
    ],
    [
      7,
      11,
      12
    ],
    [
      7,
      12,
      8
    ],
    [
      8,
      12,
      13
    ],
    [
      8,
      13,
      9
    ],
    [
      9,
      13,
      14
    ],
    [
      10,
      15,
      11
    ],
    [
      11,
      15,
      16
    ],
    [
      11,
      16,
      12
    ],
    [
      12,
      16,
      17
    ],
    [
      12,
      17,
      13
    ],
    [
      13,
      17,
      18
    ],
    [
      13,
      18,
      14
    ],
    [
      14,
      18,
      19
    ]
  ],
  "uvs": [
    [
      0.327148,
      0.29541
    ],
    [
      0.343848,
      0.29541
    ],
    [
      0.360596,
      0.29541
    ],
    [
      0.377344,
      0.29541
    ],
    [
      0.394043,
      0.29541
    ],
    [
      0.327148,
      0.327002
    ],
    [
      0.343848,
      0.327002
    ],
    [
      0.360596,
      0.327002
    ],
    [
      0.377344,
      0.327002
    ],
    [
      0.394043,
      0.327002
    ],
    [
      0.327148,
      0.358545
    ],
    [
      0.343848,
      0.358545
    ],
    [
      0.360596,
      0.358545
    ],
    [
      0.377344,
      0.358545
    ],
    [
      0.394043,
      0.358545
    ],
    [
      0.327148,
      0.390137
    ],
    [
      0.343848,
      0.390137
    ],
    [
      0.360596,
      0.390137
    ],
    [
      0.377344,
      0.390137
    ],
    [
      0.394043,
      0.390137
    ]
  ],
  "mesh_path": "meshes/R_ear_outer.json"
}
