{
  "part_id": "R_eye_white",
  "vertices": [
    [
      787.0,
      613.0
    ],
    [
      823.2,
      613.0
    ],
    [
      859.5,
      613.0
    ],
    [
      895.8,
      613.0
    ],
    [
      932.0,
      613.0
    ],
    [
      787.0,
      647.7
    ],
    [
      823.2,
      647.7
    ],
    [
      859.5,
      647.7
    ],
    [
      895.8,
      647.7
    ],
    [
      932.0,
      647.7
    ],
    [
      787.0,
      682.3
    ],
    [
      823.2,
      682.3
    ],
    [
      859.5,
      682.3
    ],
    [
      895.8,
      682.3
    ],
    [
      932.0,
      682.3
    ],
    [
      787.0,
      717.0
    ],
    [
      823.2,
      717.0
    ],
    [
      859.5,
      717.0
    ],
    [
      895.8,
      717.0
    ],
    [
      932.0,
      717.0
    ]
  ],
  "triangles": [
    [
      0,
      5,
      1
    ],
    [
      1,
      5,
      6
    ],
    [
      1,
      6,
      2
    ],
    [
      2,
      6,
      7
    ],
    [
      2,
      7,
      3
    ],
    [
      3,
      7,
      8
    ],
    [
      3,
      8,
      4
    ],
    [
      4,
      8,
      9
    ],
    [
      5,
      10,
      6
    ],
    [
      6,
      10,
      11
    ],
    [
      6,
      11,
      7
    ],
    [
      7,
      11,
      12
    ],
    [
      7,
      12,
      8
    ],
    [
      8,
      12,
      13
    ],
    [
      8,
      13,
      9
    ],
    [
      9,
      13,
      14
    ],
    [
      10,
      15,
      11
    ],
    [
      11,
      15,
      16
    ],
    [
      11,
      16,
      12
    ],
    [
      12,
      16,
      17
    ],
    [
      12,
      17,
      13
    ],
    [
      13,
      17,
      18
    ],
    [
      13,
      18,
      14
    ],
    [
      14,
      18,
      19
    ]
  ],
  "uvs": [
    [
      0.384277,
      0.299316
    ],
    [
      0.401953,
      0.299316
    ],
    [
      0.419678,
      0.299316
    ],
    [
      0.437402,
      0.299316
    ],
    [
      0.455078,
      0.299316
    ],
    [
      0.384277,
      0.31626
    ],
    [
      0.401953,
      0.31626
    ],
    [
      0.419678,
      0.31626
    ],
    [
      0.437402,
      0.31626
    ],
    [
      0.455078,
      0.31626
    ],
    [
      0.384277,
      0.333154
    ],
    [
      0.401953,
      0.333154
    ],
    [
      0.419678,
      0.333154
    ],
    [
      0.437402,
      0.333154
    ],
    [
      0.455078,
      0.333154
    ],
    [
      0.384277,
      0.350098
    ],
    [
      0.401953,
      0.350098
    ],
    [
      0.419678,
      0.350098
    ],
    [
      0.437402,
      0.350098
    ],
    [
      0.455078,
      0.350098
    ]
  ],
  "mesh_path": "meshes/R_eye_white.json"
}
