{
  "part_id": "R_iris",
  "vertices": [
    [
      831.0,
      622.0
    ],
    [
      853.0,
      622.0
    ],
    [
      875.0,
      622.0
    ],
    [
      897.0,
      622.0
    ],
    [
      919.0,
      622.0
    ],
    [
      831.0,
      652.3
    ],
    [
      853.0,
      652.3
    ],
    [
      875.0,
      652.3
    ],
    [
      897.0,
      652.3
    ],
    [
      919.0,
      652.3
    ],
    [
      831.0,
      682.7
    ],
    [
      853.0,
      682.7
    ],
    [
      875.0,
      682.7
    ],
    [
      897.0,
      682.7
    ],
    [
      919.0,
      682.7
    ],
    [
      831.0,
      713.0
    ],
    [
      853.0,
      713.0
    ],
    [
      875.0,
      713.0
    ],
    [
      897.0,
      713.0
    ],
    [
      919.0,
      713.0
    ]
  ],
  "triangles": [
    [
      0,
      5,
      1
    ],
    [
      1,
      5,
      6
    ],
    [
      1,
      6,
      2
    ],
    [
      2,
      6,
      7
    ],
    [
      2,
      7,
      3
    ],
    [
      3,
      7,
      8
    ],
    [
      3,
      8,
      4
    ],
    [
      4,
      8,
      9
    ],
    [
      5,
      10,
      6
    ],
    [
      6,
      10,
      11
    ],
    [
      6,
      11,
      7
    ],
    [
      7,
      11,
      12
    ],
    [
      7,
      12,
      8
    ],
    [
      8,
      12,
      13
    ],
    [
      8,
      13,
      9
    ],
    [
      9,
      13,
      14
    ],
    [
      10,
      15,
      11
    ],
    [
      11,
      15,
      16
    ],
    [
      11,
      16,
      12
    ],
    [
      12,
      16,
      17
    ],
    [
      12,
      17,
      13
    ],
    [
      13,
      17,
      18
    ],
    [
      13,
      18,
      14
    ],
    [
      14,
      18,
      19
    ]
  ],
  "uvs": [
    [
      0.405762,
      0.303711
    ],
    [
      0.416504,
      0.303711
    ],
    [
      0.427246,
      0.303711
    ],
    [
      0.437988,
      0.303711
    ],
    [
      0.44873,
      0.303711
    ],
    [
      0.405762,
      0.318506
    ],
    [
      0.416504,
      0.318506
    ],
    [
      0.427246,
      0.318506
    ],
    [
      0.437988,
      0.318506
    ],
    [
      0.44873,
      0.318506
    ],
    [
      0.405762,
      0.33335
    ],
    [
      0.416504,
      0.33335
    ],
    [
      0.427246,
      0.33335
    ],
    [
      0.437988,
      0.33335
    ],
    [
      0.44873,
      0.33335
    ],
    [
      0.405762,
      0.348145
    ],
    [
      0.416504,
      0.348145
    ],
    [
      0.427246,
      0.348145
    ],
    [
      0.437988,
      0.348145
    ],
    [
      0.44873,
      0.348145
    ]
  ],
  "mesh_path": "meshes/R_iris.json"
}
