{
  "part_id": "R_upper_lash",
  "vertices": [
    [
      760.0,
      596.0
    ],
    [
      806.5,
      596.0
    ],
    [
      853.0,
      596.0
    ],
    [
      899.5,
      596.0
    ],
    [
      946.0,
      596.0
    ],
    [
      760.0,
      635.0
    ],
    [
      806.5,
      635.0
    ],
    [
      853.0,
      635.0
    ],
    [
      899.5,
      635.0
    ],
    [
      946.0,
      635.0
    ],
    [
      760.0,
      674.0
    ],
    [
      806.5,
      674.0
    ],
    [
      853.0,
      674.0
    ],
    [
      899.5,
      674.0
    ],
    [
      946.0,
      674.0
    ],
    [
      760.0,
      713.0
    ],
    [
      806.5,
      713.0
    ],
    [
      853.0,
      713.0
    ],
    [
      899.5,
      713.0
    ],
    [
      946.0,
      713.0
    ]
  ],
  "triangles": [
    [
      0,
      5,
      1
    ],
    [
      1,
      5,
      6
    ],
    [
      1,
      6,
      2
    ],
    [
      2,
      6,
      7
    ],
    [
      2,
      7,
      3
    ],
    [
      3,
      7,
      8
    ],
    [
      3,
      8,
      4
    ],
    [
      4,
      8,
      9
    ],
    [
      5,
      10,
      6
    ],
    [
      6,
      10,
      11
    ],
    [
      6,
      11,
      7
    ],
    [
      7,
      11,
      12
    ],
    [
      7,
      12,
      8
    ],
    [
      8,
      12,
      13
    ],
    [
      8,
      13,
      9
    ],
    [
      9,
      13,
      14
    ],
    [
      10,
      15,
      11
    ],
    [
      11,
      15,
      16
    ],
    [
      11,
      16,
      12
    ],
    [
      12,
      16,
      17
    ],
    [
      12,
      17,
      13
    ],
    [
      13,
      17,
      18
    ],
    [
      13,
      18,
      14
    ],
    [
      14,
      18,
      19
    ]
  ],
  "uvs": [
    [
      0.371094,
      0.291016
    ],
    [
      0.393799,
      0.291016
    ],
    [
      0.416504,
      0.291016
    ],
    [
      0.439209,
      0.291016
    ],
    [
      0.461914,
      0.291016
    ],
    [
      0.371094,
      0.310059
    ],
    [
      0.393799,
      0.310059
    ],
    [
      0.416504,
      0.310059
    ],
    [
      0.439209,
      0.310059
    ],
    [
      0.461914,
      0.310059
    ],
    [
      0.371094,
      0.329102
    ],
    [
      0.393799,
      0.329102
    ],
    [
      0.416504,
      0.329102
    ],
    [
      0.439209,
      0.329102
    ],
    [
      0.461914,
      0.329102
    ],
    [
      0.371094,
      0.348145
    ],
    [
      0.393799,
      0.348145
    ],
    [
      0.416504,
      0.348145
    ],
    [
      0.439209,
      0.348145
    ],
    [
      0.461914,
      0.348145
    ]
  ],
  "mesh_path": "meshes/R_upper_lash.json"
}
