{
  "part_id": "raw_legwear",
  "vertices": [
    [
      0.0,
      0.0
    ],
    [
      1.0,
      0.0
    ],
    [
      2.0,
      0.0
    ],
    [
      3.0,
      0.0
    ],
    [
      4.0,
      0.0
    ],
    [
      0.0,
      1.3
    ],
    [
      1.0,
      1.3
    ],
    [
      2.0,
      1.3
    ],
    [
      3.0,
      1.3
    ],
    [
      4.0,
      1.3
    ],
    [
      0.0,
      2.7
    ],
    [
      1.0,
      2.7
    ],
    [
      2.0,
      2.7
    ],
    [
      3.0,
      2.7
    ],
    [
      4.0,
      2.7
    ],
    [
      0.0,
      4.0
    ],
    [
      1.0,
      4.0
    ],
    [
      2.0,
      4.0
    ],
    [
      3.0,
      4.0
    ],
    [
      4.0,
      4.0
    ]
  ],
  "triangles": [
    [
      0,
      5,
      1
    ],
    [
      1,
      5,
      6
    ],
    [
      1,
      6,
      2
    ],
    [
      2,
      6,
      7
    ],
    [
      2,
      7,
      3
    ],
    [
      3,
      7,
      8
    ],
    [
      3,
      8,
      4
    ],
    [
      4,
      8,
      9
    ],
    [
      5,
      10,
      6
    ],
    [
      6,
      10,
      11
    ],
    [
      6,
      11,
      7
    ],
    [
      7,
      11,
      12
    ],
    [
      7,
      12,
      8
    ],
    [
      8,
      12,
      13
    ],
    [
      8,
      13,
      9
    ],
    [
      9,
      13,
      14
    ],
    [
      10,
      15,
      11
    ],
    [
      11,
      15,
      16
    ],
    [
      11,
      16,
      12
    ],
    [
      12,
      16,
      17
    ],
    [
      12,
      17,
      13
    ],
    [
      13,
      17,
      18
    ],
    [
      13,
      18,
      14
    ],
    [
      14,
      18,
      19
    ]
  ],
  "uvs": [
    [
      0.0,
      0.0
    ],
    [
      0.000488,
      0.0
    ],
    [
      0.000977,
      0.0
    ],
    [
      0.001465,
      0.0
    ],
    [
      0.001953,
      0.0
    ],
    [
      0.0,
      0.000635
    ],
    [
      0.000488,
      0.000635
    ],
    [
      0.000977,
      0.000635
    ],
    [
      0.001465,
      0.000635
    ],
    [
      0.001953,
      0.000635
    ],
    [
      0.0,
      0.001318
    ],
    [
      0.000488,
      0.001318
    ],
    [
      0.000977,
      0.001318
    ],
    [
      0.001465,
      0.001318
    ],
    [
      0.001953,
      0.001318
    ],
    [
      0.0,
      0.001953
    ],
    [
      0.000488,
      0.001953
    ],
    [
      0.000977,
      0.001953
    ],
    [
      0.001465,
      0.001953
    ],
    [
      0.001953,
      0.001953
    ]
  ],
  "mesh_path": "meshes/raw_legwear.json"
}
