{
  "part_id": "brow_L",
  "vertices": [
    [
      839.0,
      618.0
    ],
    [
      889.0,
      618.0
    ],
    [
      939.0,
      618.0
    ],
    [
      989.0,
      618.0
    ],
    [
      1039.0,
      618.0
    ],
    [
      839.0,
      637.333
    ],
    [
      889.0,
      637.333
    ],
    [
      939.0,
      637.333
    ],
    [
      989.0,
      637.333
    ],
    [
      1039.0,
      637.333
    ],
    [
      839.0,
      656.667
    ],
    [
      889.0,
      656.667
    ],
    [
      939.0,
      656.667
    ],
    [
      989.0,
      656.667
    ],
    [
      1039.0,
      656.667
    ],
    [
      839.0,
      676.0
    ],
    [
      889.0,
      676.0
    ],
    [
      939.0,
      676.0
    ],
    [
      989.0,
      676.0
    ],
    [
      1039.0,
      676.0
    ]
  ],
  "triangles": [
    [
      0,
      5,
      1
    ],
    [
      1,
      5,
      6
    ],
    [
      1,
      6,
      2
    ],
    [
      2,
      6,
      7
    ],
    [
      2,
      7,
      3
    ],
    [
      3,
      7,
      8
    ],
    [
      3,
      8,
      4
    ],
    [
      4,
      8,
      9
    ],
    [
      5,
      10,
      6
    ],
    [
      6,
      10,
      11
    ],
    [
      6,
      11,
      7
    ],
    [
      7,
      11,
      12
    ],
    [
      7,
      12,
      8
    ],
    [
      8,
      12,
      13
    ],
    [
      8,
      13,
      9
    ],
    [
      9,
      13,
      14
    ],
    [
      10,
      15,
      11
    ],
    [
      11,
      15,
      16
    ],
    [
      11,
      16,
      12
    ],
    [
      12,
      16,
      17
    ],
    [
      12,
      17,
      13
    ],
    [
      13,
      17,
      18
    ],
    [
      13,
      18,
      14
    ],
    [
      14,
      18,
      19
    ]
  ],
  "uvs": [
    [
      0.409668,
      0.301758
    ],
    [
      0.434082,
      0.301758
    ],
    [
      0.458496,
      0.301758
    ],
    [
      0.48291,
      0.301758
    ],
    [
      0.507324,
      0.301758
    ],
    [
      0.409668,
      0.311198
    ],
    [
      0.434082,
      0.311198
    ],
    [
      0.458496,
      0.311198
    ],
    [
      0.48291,
      0.311198
    ],
    [
      0.507324,
      0.311198
    ],
    [
      0.409668,
      0.320638
    ],
    [
      0.434082,
      0.320638
    ],
    [
      0.458496,
      0.320638
    ],
    [
      0.48291,
      0.320638
    ],
    [
      0.507324,
      0.320638
    ],
    [
      0.409668,
      0.330078
    ],
    [
      0.434082,
      0.330078
    ],
    [
      0.458496,
      0.330078
    ],
    [
      0.48291,
      0.330078
    ],
    [
      0.507324,
      0.330078
    ]
  ],
  "boundary_vertex_ids": [
    0,
    1,
    2,
    3,
    4,
    5,
    9,
    10,
    14,
    15,
    16,
    17,
    18,
    19
  ],
  "mesh_strategy": {
    "kind": "material_pack_alpha_bbox_grid",
    "cols": 4,
    "rows": 3,
    "note": "Mini Cubism preview mesh only; not final Cubism ArtMesh quality."
  },
  "mesh_path": "meshes/brow_L.json"
}
