{
  "part_id": "eye_R_closed_lid",
  "vertices": [
    [
      1072.0,
      701.0
    ],
    [
      1107.75,
      701.0
    ],
    [
      1143.5,
      701.0
    ],
    [
      1179.25,
      701.0
    ],
    [
      1215.0,
      701.0
    ],
    [
      1072.0,
      719.0
    ],
    [
      1107.75,
      719.0
    ],
    [
      1143.5,
      719.0
    ],
    [
      1179.25,
      719.0
    ],
    [
      1215.0,
      719.0
    ],
    [
      1072.0,
      737.0
    ],
    [
      1107.75,
      737.0
    ],
    [
      1143.5,
      737.0
    ],
    [
      1179.25,
      737.0
    ],
    [
      1215.0,
      737.0
    ],
    [
      1072.0,
      755.0
    ],
    [
      1107.75,
      755.0
    ],
    [
      1143.5,
      755.0
    ],
    [
      1179.25,
      755.0
    ],
    [
      1215.0,
      755.0
    ]
  ],
  "triangles": [
    [
      0,
      5,
      1
    ],
    [
      1,
      5,
      6
    ],
    [
      1,
      6,
      2
    ],
    [
      2,
      6,
      7
    ],
    [
      2,
      7,
      3
    ],
    [
      3,
      7,
      8
    ],
    [
      3,
      8,
      4
    ],
    [
      4,
      8,
      9
    ],
    [
      5,
      10,
      6
    ],
    [
      6,
      10,
      11
    ],
    [
      6,
      11,
      7
    ],
    [
      7,
      11,
      12
    ],
    [
      7,
      12,
      8
    ],
    [
      8,
      12,
      13
    ],
    [
      8,
      13,
      9
    ],
    [
      9,
      13,
      14
    ],
    [
      10,
      15,
      11
    ],
    [
      11,
      15,
      16
    ],
    [
      11,
      16,
      12
    ],
    [
      12,
      16,
      17
    ],
    [
      12,
      17,
      13
    ],
    [
      13,
      17,
      18
    ],
    [
      13,
      18,
      14
    ],
    [
      14,
      18,
      19
    ]
  ],
  "uvs": [
    [
      0.523438,
      0.342285
    ],
    [
      0.540894,
      0.342285
    ],
    [
      0.55835,
      0.342285
    ],
    [
      0.575806,
      0.342285
    ],
    [
      0.593262,
      0.342285
    ],
    [
      0.523438,
      0.351074
    ],
    [
      0.540894,
      0.351074
    ],
    [
      0.55835,
      0.351074
    ],
    [
      0.575806,
      0.351074
    ],
    [
      0.593262,
      0.351074
    ],
    [
      0.523438,
      0.359863
    ],
    [
      0.540894,
      0.359863
    ],
    [
      0.55835,
      0.359863
    ],
    [
      0.575806,
      0.359863
    ],
    [
      0.593262,
      0.359863
    ],
    [
      0.523438,
      0.368652
    ],
    [
      0.540894,
      0.368652
    ],
    [
      0.55835,
      0.368652
    ],
    [
      0.575806,
      0.368652
    ],
    [
      0.593262,
      0.368652
    ]
  ],
  "boundary_vertex_ids": [
    0,
    1,
    2,
    3,
    4,
    5,
    9,
    10,
    14,
    15,
    16,
    17,
    18,
    19
  ],
  "mesh_strategy": {
    "kind": "material_pack_alpha_bbox_grid",
    "cols": 4,
    "rows": 3,
    "note": "Mini Cubism preview mesh only; not final Cubism ArtMesh quality."
  },
  "mesh_path": "meshes/eye_R_closed_lid.json"
}
