{
  "part_id": "eye_R_upper_lash",
  "vertices": [
    [
      1053.0,
      663.0
    ],
    [
      1098.0,
      663.0
    ],
    [
      1143.0,
      663.0
    ],
    [
      1188.0,
      663.0
    ],
    [
      1233.0,
      663.0
    ],
    [
      1053.0,
      683.667
    ],
    [
      1098.0,
      683.667
    ],
    [
      1143.0,
      683.667
    ],
    [
      1188.0,
      683.667
    ],
    [
      1233.0,
      683.667
    ],
    [
      1053.0,
      704.333
    ],
    [
      1098.0,
      704.333
    ],
    [
      1143.0,
      704.333
    ],
    [
      1188.0,
      704.333
    ],
    [
      1233.0,
      704.333
    ],
    [
      1053.0,
      725.0
    ],
    [
      1098.0,
      725.0
    ],
    [
      1143.0,
      725.0
    ],
    [
      1188.0,
      725.0
    ],
    [
      1233.0,
      725.0
    ]
  ],
  "triangles": [
    [
      0,
      5,
      1
    ],
    [
      1,
      5,
      6
    ],
    [
      1,
      6,
      2
    ],
    [
      2,
      6,
      7
    ],
    [
      2,
      7,
      3
    ],
    [
      3,
      7,
      8
    ],
    [
      3,
      8,
      4
    ],
    [
      4,
      8,
      9
    ],
    [
      5,
      10,
      6
    ],
    [
      6,
      10,
      11
    ],
    [
      6,
      11,
      7
    ],
    [
      7,
      11,
      12
    ],
    [
      7,
      12,
      8
    ],
    [
      8,
      12,
      13
    ],
    [
      8,
      13,
      9
    ],
    [
      9,
      13,
      14
    ],
    [
      10,
      15,
      11
    ],
    [
      11,
      15,
      16
    ],
    [
      11,
      16,
      12
    ],
    [
      12,
      16,
      17
    ],
    [
      12,
      17,
      13
    ],
    [
      13,
      17,
      18
    ],
    [
      13,
      18,
      14
    ],
    [
      14,
      18,
      19
    ]
  ],
  "uvs": [
    [
      0.51416,
      0.32373
    ],
    [
      0.536133,
      0.32373
    ],
    [
      0.558105,
      0.32373
    ],
    [
      0.580078,
      0.32373
    ],
    [
      0.602051,
      0.32373
    ],
    [
      0.51416,
      0.333822
    ],
    [
      0.536133,
      0.333822
    ],
    [
      0.558105,
      0.333822
    ],
    [
      0.580078,
      0.333822
    ],
    [
      0.602051,
      0.333822
    ],
    [
      0.51416,
      0.343913
    ],
    [
      0.536133,
      0.343913
    ],
    [
      0.558105,
      0.343913
    ],
    [
      0.580078,
      0.343913
    ],
    [
      0.602051,
      0.343913
    ],
    [
      0.51416,
      0.354004
    ],
    [
      0.536133,
      0.354004
    ],
    [
      0.558105,
      0.354004
    ],
    [
      0.580078,
      0.354004
    ],
    [
      0.602051,
      0.354004
    ]
  ],
  "boundary_vertex_ids": [
    0,
    1,
    2,
    3,
    4,
    5,
    9,
    10,
    14,
    15,
    16,
    17,
    18,
    19
  ],
  "mesh_strategy": {
    "kind": "material_pack_alpha_bbox_grid",
    "cols": 4,
    "rows": 3,
    "note": "Mini Cubism preview mesh only; not final Cubism ArtMesh quality."
  },
  "mesh_path": "meshes/eye_R_upper_lash.json"
}
