{
  "part_id": "eye_L_iris",
  "vertices": [
    [
      885.0,
      716.0
    ],
    [
      903.0,
      716.0
    ],
    [
      921.0,
      716.0
    ],
    [
      939.0,
      716.0
    ],
    [
      957.0,
      716.0
    ],
    [
      885.0,
      732.0
    ],
    [
      903.0,
      732.0
    ],
    [
      921.0,
      732.0
    ],
    [
      939.0,
      732.0
    ],
    [
      957.0,
      732.0
    ],
    [
      885.0,
      748.0
    ],
    [
      903.0,
      748.0
    ],
    [
      921.0,
      748.0
    ],
    [
      939.0,
      748.0
    ],
    [
      957.0,
      748.0
    ],
    [
      885.0,
      764.0
    ],
    [
      903.0,
      764.0
    ],
    [
      921.0,
      764.0
    ],
    [
      939.0,
      764.0
    ],
    [
      957.0,
      764.0
    ]
  ],
  "triangles": [
    [
      0,
      5,
      1
    ],
    [
      1,
      5,
      6
    ],
    [
      1,
      6,
      2
    ],
    [
      2,
      6,
      7
    ],
    [
      2,
      7,
      3
    ],
    [
      3,
      7,
      8
    ],
    [
      3,
      8,
      4
    ],
    [
      4,
      8,
      9
    ],
    [
      5,
      10,
      6
    ],
    [
      6,
      10,
      11
    ],
    [
      6,
      11,
      7
    ],
    [
      7,
      11,
      12
    ],
    [
      7,
      12,
      8
    ],
    [
      8,
      12,
      13
    ],
    [
      8,
      13,
      9
    ],
    [
      9,
      13,
      14
    ],
    [
      10,
      15,
      11
    ],
    [
      11,
      15,
      16
    ],
    [
      11,
      16,
      12
    ],
    [
      12,
      16,
      17
    ],
    [
      12,
      17,
      13
    ],
    [
      13,
      17,
      18
    ],
    [
      13,
      18,
      14
    ],
    [
      14,
      18,
      19
    ]
  ],
  "uvs": [
    [
      0.432129,
      0.349609
    ],
    [
      0.440918,
      0.349609
    ],
    [
      0.449707,
      0.349609
    ],
    [
      0.458496,
      0.349609
    ],
    [
      0.467285,
      0.349609
    ],
    [
      0.432129,
      0.357422
    ],
    [
      0.440918,
      0.357422
    ],
    [
      0.449707,
      0.357422
    ],
    [
      0.458496,
      0.357422
    ],
    [
      0.467285,
      0.357422
    ],
    [
      0.432129,
      0.365234
    ],
    [
      0.440918,
      0.365234
    ],
    [
      0.449707,
      0.365234
    ],
    [
      0.458496,
      0.365234
    ],
    [
      0.467285,
      0.365234
    ],
    [
      0.432129,
      0.373047
    ],
    [
      0.440918,
      0.373047
    ],
    [
      0.449707,
      0.373047
    ],
    [
      0.458496,
      0.373047
    ],
    [
      0.467285,
      0.373047
    ]
  ],
  "boundary_vertex_ids": [
    0,
    1,
    2,
    3,
    4,
    5,
    9,
    10,
    14,
    15,
    16,
    17,
    18,
    19
  ],
  "mesh_strategy": {
    "kind": "material_pack_alpha_bbox_grid",
    "cols": 4,
    "rows": 3,
    "note": "Mini Cubism preview mesh only; not final Cubism ArtMesh quality."
  },
  "mesh_path": "meshes/eye_L_iris.json"
}
