{
  "part_id": "eye_L_pupil",
  "vertices": [
    [
      905.0,
      716.0
    ],
    [
      914.0,
      716.0
    ],
    [
      923.0,
      716.0
    ],
    [
      932.0,
      716.0
    ],
    [
      941.0,
      716.0
    ],
    [
      905.0,
      723.667
    ],
    [
      914.0,
      723.667
    ],
    [
      923.0,
      723.667
    ],
    [
      932.0,
      723.667
    ],
    [
      941.0,
      723.667
    ],
    [
      905.0,
      731.333
    ],
    [
      914.0,
      731.333
    ],
    [
      923.0,
      731.333
    ],
    [
      932.0,
      731.333
    ],
    [
      941.0,
      731.333
    ],
    [
      905.0,
      739.0
    ],
    [
      914.0,
      739.0
    ],
    [
      923.0,
      739.0
    ],
    [
      932.0,
      739.0
    ],
    [
      941.0,
      739.0
    ]
  ],
  "triangles": [
    [
      0,
      5,
      1
    ],
    [
      1,
      5,
      6
    ],
    [
      1,
      6,
      2
    ],
    [
      2,
      6,
      7
    ],
    [
      2,
      7,
      3
    ],
    [
      3,
      7,
      8
    ],
    [
      3,
      8,
      4
    ],
    [
      4,
      8,
      9
    ],
    [
      5,
      10,
      6
    ],
    [
      6,
      10,
      11
    ],
    [
      6,
      11,
      7
    ],
    [
      7,
      11,
      12
    ],
    [
      7,
      12,
      8
    ],
    [
      8,
      12,
      13
    ],
    [
      8,
      13,
      9
    ],
    [
      9,
      13,
      14
    ],
    [
      10,
      15,
      11
    ],
    [
      11,
      15,
      16
    ],
    [
      11,
      16,
      12
    ],
    [
      12,
      16,
      17
    ],
    [
      12,
      17,
      13
    ],
    [
      13,
      17,
      18
    ],
    [
      13,
      18,
      14
    ],
    [
      14,
      18,
      19
    ]
  ],
  "uvs": [
    [
      0.441895,
      0.349609
    ],
    [
      0.446289,
      0.349609
    ],
    [
      0.450684,
      0.349609
    ],
    [
      0.455078,
      0.349609
    ],
    [
      0.459473,
      0.349609
    ],
    [
      0.441895,
      0.353353
    ],
    [
      0.446289,
      0.353353
    ],
    [
      0.450684,
      0.353353
    ],
    [
      0.455078,
      0.353353
    ],
    [
      0.459473,
      0.353353
    ],
    [
      0.441895,
      0.357096
    ],
    [
      0.446289,
      0.357096
    ],
    [
      0.450684,
      0.357096
    ],
    [
      0.455078,
      0.357096
    ],
    [
      0.459473,
      0.357096
    ],
    [
      0.441895,
      0.36084
    ],
    [
      0.446289,
      0.36084
    ],
    [
      0.450684,
      0.36084
    ],
    [
      0.455078,
      0.36084
    ],
    [
      0.459473,
      0.36084
    ]
  ],
  "boundary_vertex_ids": [
    0,
    1,
    2,
    3,
    4,
    5,
    9,
    10,
    14,
    15,
    16,
    17,
    18,
    19
  ],
  "mesh_strategy": {
    "kind": "material_pack_alpha_bbox_grid",
    "cols": 4,
    "rows": 3,
    "note": "Mini Cubism preview mesh only; not final Cubism ArtMesh quality."
  },
  "mesh_path": "meshes/eye_L_pupil.json"
}
