{
  "part_id": "eye_R_iris",
  "vertices": [
    [
      1103.0,
      698.0
    ],
    [
      1121.0,
      698.0
    ],
    [
      1139.0,
      698.0
    ],
    [
      1157.0,
      698.0
    ],
    [
      1175.0,
      698.0
    ],
    [
      1103.0,
      723.0
    ],
    [
      1121.0,
      723.0
    ],
    [
      1139.0,
      723.0
    ],
    [
      1157.0,
      723.0
    ],
    [
      1175.0,
      723.0
    ],
    [
      1103.0,
      748.0
    ],
    [
      1121.0,
      748.0
    ],
    [
      1139.0,
      748.0
    ],
    [
      1157.0,
      748.0
    ],
    [
      1175.0,
      748.0
    ],
    [
      1103.0,
      773.0
    ],
    [
      1121.0,
      773.0
    ],
    [
      1139.0,
      773.0
    ],
    [
      1157.0,
      773.0
    ],
    [
      1175.0,
      773.0
    ]
  ],
  "triangles": [
    [
      0,
      5,
      1
    ],
    [
      1,
      5,
      6
    ],
    [
      1,
      6,
      2
    ],
    [
      2,
      6,
      7
    ],
    [
      2,
      7,
      3
    ],
    [
      3,
      7,
      8
    ],
    [
      3,
      8,
      4
    ],
    [
      4,
      8,
      9
    ],
    [
      5,
      10,
      6
    ],
    [
      6,
      10,
      11
    ],
    [
      6,
      11,
      7
    ],
    [
      7,
      11,
      12
    ],
    [
      7,
      12,
      8
    ],
    [
      8,
      12,
      13
    ],
    [
      8,
      13,
      9
    ],
    [
      9,
      13,
      14
    ],
    [
      10,
      15,
      11
    ],
    [
      11,
      15,
      16
    ],
    [
      11,
      16,
      12
    ],
    [
      12,
      16,
      17
    ],
    [
      12,
      17,
      13
    ],
    [
      13,
      17,
      18
    ],
    [
      13,
      18,
      14
    ],
    [
      14,
      18,
      19
    ]
  ],
  "uvs": [
    [
      0.538574,
      0.34082
    ],
    [
      0.547363,
      0.34082
    ],
    [
      0.556152,
      0.34082
    ],
    [
      0.564941,
      0.34082
    ],
    [
      0.57373,
      0.34082
    ],
    [
      0.538574,
      0.353027
    ],
    [
      0.547363,
      0.353027
    ],
    [
      0.556152,
      0.353027
    ],
    [
      0.564941,
      0.353027
    ],
    [
      0.57373,
      0.353027
    ],
    [
      0.538574,
      0.365234
    ],
    [
      0.547363,
      0.365234
    ],
    [
      0.556152,
      0.365234
    ],
    [
      0.564941,
      0.365234
    ],
    [
      0.57373,
      0.365234
    ],
    [
      0.538574,
      0.377441
    ],
    [
      0.547363,
      0.377441
    ],
    [
      0.556152,
      0.377441
    ],
    [
      0.564941,
      0.377441
    ],
    [
      0.57373,
      0.377441
    ]
  ],
  "boundary_vertex_ids": [
    0,
    1,
    2,
    3,
    4,
    5,
    9,
    10,
    14,
    15,
    16,
    17,
    18,
    19
  ],
  "mesh_strategy": {
    "kind": "material_pack_alpha_bbox_grid",
    "cols": 4,
    "rows": 3,
    "note": "Mini Cubism preview mesh only; not final Cubism ArtMesh quality."
  },
  "mesh_path": "meshes/eye_R_iris.json"
}
