{
  "part_id": "eye_R_white",
  "vertices": [
    [
      1063.0,
      683.0
    ],
    [
      1086.0,
      683.0
    ],
    [
      1109.0,
      683.0
    ],
    [
      1132.0,
      683.0
    ],
    [
      1155.0,
      683.0
    ],
    [
      1063.0,
      714.667
    ],
    [
      1086.0,
      714.667
    ],
    [
      1109.0,
      714.667
    ],
    [
      1132.0,
      714.667
    ],
    [
      1155.0,
      714.667
    ],
    [
      1063.0,
      746.333
    ],
    [
      1086.0,
      746.333
    ],
    [
      1109.0,
      746.333
    ],
    [
      1132.0,
      746.333
    ],
    [
      1155.0,
      746.333
    ],
    [
      1063.0,
      778.0
    ],
    [
      1086.0,
      778.0
    ],
    [
      1109.0,
      778.0
    ],
    [
      1132.0,
      778.0
    ],
    [
      1155.0,
      778.0
    ]
  ],
  "triangles": [
    [
      0,
      5,
      1
    ],
    [
      1,
      5,
      6
    ],
    [
      1,
      6,
      2
    ],
    [
      2,
      6,
      7
    ],
    [
      2,
      7,
      3
    ],
    [
      3,
      7,
      8
    ],
    [
      3,
      8,
      4
    ],
    [
      4,
      8,
      9
    ],
    [
      5,
      10,
      6
    ],
    [
      6,
      10,
      11
    ],
    [
      6,
      11,
      7
    ],
    [
      7,
      11,
      12
    ],
    [
      7,
      12,
      8
    ],
    [
      8,
      12,
      13
    ],
    [
      8,
      13,
      9
    ],
    [
      9,
      13,
      14
    ],
    [
      10,
      15,
      11
    ],
    [
      11,
      15,
      16
    ],
    [
      11,
      16,
      12
    ],
    [
      12,
      16,
      17
    ],
    [
      12,
      17,
      13
    ],
    [
      13,
      17,
      18
    ],
    [
      13,
      18,
      14
    ],
    [
      14,
      18,
      19
    ]
  ],
  "uvs": [
    [
      0.519043,
      0.333496
    ],
    [
      0.530273,
      0.333496
    ],
    [
      0.541504,
      0.333496
    ],
    [
      0.552734,
      0.333496
    ],
    [
      0.563965,
      0.333496
    ],
    [
      0.519043,
      0.348958
    ],
    [
      0.530273,
      0.348958
    ],
    [
      0.541504,
      0.348958
    ],
    [
      0.552734,
      0.348958
    ],
    [
      0.563965,
      0.348958
    ],
    [
      0.519043,
      0.364421
    ],
    [
      0.530273,
      0.364421
    ],
    [
      0.541504,
      0.364421
    ],
    [
      0.552734,
      0.364421
    ],
    [
      0.563965,
      0.364421
    ],
    [
      0.519043,
      0.379883
    ],
    [
      0.530273,
      0.379883
    ],
    [
      0.541504,
      0.379883
    ],
    [
      0.552734,
      0.379883
    ],
    [
      0.563965,
      0.379883
    ]
  ],
  "boundary_vertex_ids": [
    0,
    1,
    2,
    3,
    4,
    5,
    9,
    10,
    14,
    15,
    16,
    17,
    18,
    19
  ],
  "mesh_strategy": {
    "kind": "material_pack_alpha_bbox_grid",
    "cols": 4,
    "rows": 3,
    "note": "Mini Cubism preview mesh only; not final Cubism ArtMesh quality."
  },
  "mesh_path": "meshes/eye_R_white.json"
}
