{
  "part_id": "eye_L_closed_lid",
  "vertices": [
    [
      839.0,
      692.0
    ],
    [
      874.75,
      692.0
    ],
    [
      910.5,
      692.0
    ],
    [
      946.25,
      692.0
    ],
    [
      982.0,
      692.0
    ],
    [
      839.0,
      710.0
    ],
    [
      874.75,
      710.0
    ],
    [
      910.5,
      710.0
    ],
    [
      946.25,
      710.0
    ],
    [
      982.0,
      710.0
    ],
    [
      839.0,
      728.0
    ],
    [
      874.75,
      728.0
    ],
    [
      910.5,
      728.0
    ],
    [
      946.25,
      728.0
    ],
    [
      982.0,
      728.0
    ],
    [
      839.0,
      746.0
    ],
    [
      874.75,
      746.0
    ],
    [
      910.5,
      746.0
    ],
    [
      946.25,
      746.0
    ],
    [
      982.0,
      746.0
    ]
  ],
  "triangles": [
    [
      0,
      5,
      1
    ],
    [
      1,
      5,
      6
    ],
    [
      1,
      6,
      2
    ],
    [
      2,
      6,
      7
    ],
    [
      2,
      7,
      3
    ],
    [
      3,
      7,
      8
    ],
    [
      3,
      8,
      4
    ],
    [
      4,
      8,
      9
    ],
    [
      5,
      10,
      6
    ],
    [
      6,
      10,
      11
    ],
    [
      6,
      11,
      7
    ],
    [
      7,
      11,
      12
    ],
    [
      7,
      12,
      8
    ],
    [
      8,
      12,
      13
    ],
    [
      8,
      13,
      9
    ],
    [
      9,
      13,
      14
    ],
    [
      10,
      15,
      11
    ],
    [
      11,
      15,
      16
    ],
    [
      11,
      16,
      12
    ],
    [
      12,
      16,
      17
    ],
    [
      12,
      17,
      13
    ],
    [
      13,
      17,
      18
    ],
    [
      13,
      18,
      14
    ],
    [
      14,
      18,
      19
    ]
  ],
  "uvs": [
    [
      0.409668,
      0.337891
    ],
    [
      0.427124,
      0.337891
    ],
    [
      0.44458,
      0.337891
    ],
    [
      0.462036,
      0.337891
    ],
    [
      0.479492,
      0.337891
    ],
    [
      0.409668,
      0.34668
    ],
    [
      0.427124,
      0.34668
    ],
    [
      0.44458,
      0.34668
    ],
    [
      0.462036,
      0.34668
    ],
    [
      0.479492,
      0.34668
    ],
    [
      0.409668,
      0.355469
    ],
    [
      0.427124,
      0.355469
    ],
    [
      0.44458,
      0.355469
    ],
    [
      0.462036,
      0.355469
    ],
    [
      0.479492,
      0.355469
    ],
    [
      0.409668,
      0.364258
    ],
    [
      0.427124,
      0.364258
    ],
    [
      0.44458,
      0.364258
    ],
    [
      0.462036,
      0.364258
    ],
    [
      0.479492,
      0.364258
    ]
  ],
  "boundary_vertex_ids": [
    0,
    1,
    2,
    3,
    4,
    5,
    9,
    10,
    14,
    15,
    16,
    17,
    18,
    19
  ],
  "mesh_strategy": {
    "kind": "material_pack_alpha_bbox_grid",
    "cols": 4,
    "rows": 3,
    "note": "Mini Cubism preview mesh only; not final Cubism ArtMesh quality."
  },
  "mesh_path": "meshes/eye_L_closed_lid.json"
}
