{
  "part_id": "mouth_line",
  "vertices": [
    [
      969.0,
      857.0
    ],
    [
      1000.0,
      857.0
    ],
    [
      1031.0,
      857.0
    ],
    [
      1062.0,
      857.0
    ],
    [
      1093.0,
      857.0
    ],
    [
      969.0,
      865.667
    ],
    [
      1000.0,
      865.667
    ],
    [
      1031.0,
      865.667
    ],
    [
      1062.0,
      865.667
    ],
    [
      1093.0,
      865.667
    ],
    [
      969.0,
      874.333
    ],
    [
      1000.0,
      874.333
    ],
    [
      1031.0,
      874.333
    ],
    [
      1062.0,
      874.333
    ],
    [
      1093.0,
      874.333
    ],
    [
      969.0,
      883.0
    ],
    [
      1000.0,
      883.0
    ],
    [
      1031.0,
      883.0
    ],
    [
      1062.0,
      883.0
    ],
    [
      1093.0,
      883.0
    ]
  ],
  "triangles": [
    [
      0,
      5,
      1
    ],
    [
      1,
      5,
      6
    ],
    [
      1,
      6,
      2
    ],
    [
      2,
      6,
      7
    ],
    [
      2,
      7,
      3
    ],
    [
      3,
      7,
      8
    ],
    [
      3,
      8,
      4
    ],
    [
      4,
      8,
      9
    ],
    [
      5,
      10,
      6
    ],
    [
      6,
      10,
      11
    ],
    [
      6,
      11,
      7
    ],
    [
      7,
      11,
      12
    ],
    [
      7,
      12,
      8
    ],
    [
      8,
      12,
      13
    ],
    [
      8,
      13,
      9
    ],
    [
      9,
      13,
      14
    ],
    [
      10,
      15,
      11
    ],
    [
      11,
      15,
      16
    ],
    [
      11,
      16,
      12
    ],
    [
      12,
      16,
      17
    ],
    [
      12,
      17,
      13
    ],
    [
      13,
      17,
      18
    ],
    [
      13,
      18,
      14
    ],
    [
      14,
      18,
      19
    ]
  ],
  "uvs": [
    [
      0.473145,
      0.418457
    ],
    [
      0.488281,
      0.418457
    ],
    [
      0.503418,
      0.418457
    ],
    [
      0.518555,
      0.418457
    ],
    [
      0.533691,
      0.418457
    ],
    [
      0.473145,
      0.422689
    ],
    [
      0.488281,
      0.422689
    ],
    [
      0.503418,
      0.422689
    ],
    [
      0.518555,
      0.422689
    ],
    [
      0.533691,
      0.422689
    ],
    [
      0.473145,
      0.426921
    ],
    [
      0.488281,
      0.426921
    ],
    [
      0.503418,
      0.426921
    ],
    [
      0.518555,
      0.426921
    ],
    [
      0.533691,
      0.426921
    ],
    [
      0.473145,
      0.431152
    ],
    [
      0.488281,
      0.431152
    ],
    [
      0.503418,
      0.431152
    ],
    [
      0.518555,
      0.431152
    ],
    [
      0.533691,
      0.431152
    ]
  ],
  "boundary_vertex_ids": [
    0,
    1,
    2,
    3,
    4,
    5,
    9,
    10,
    14,
    15,
    16,
    17,
    18,
    19
  ],
  "mesh_strategy": {
    "kind": "material_pack_alpha_bbox_grid",
    "cols": 4,
    "rows": 3,
    "note": "Mini Cubism preview mesh only; not final Cubism ArtMesh quality."
  },
  "mesh_path": "meshes/mouth_line.json"
}
