{
  "part_id": "mouth_lower_lip_mask",
  "vertices": [
    [
      978.0,
      876.0
    ],
    [
      1004.0,
      876.0
    ],
    [
      1030.0,
      876.0
    ],
    [
      1056.0,
      876.0
    ],
    [
      1082.0,
      876.0
    ],
    [
      978.0,
      883.0
    ],
    [
      1004.0,
      883.0
    ],
    [
      1030.0,
      883.0
    ],
    [
      1056.0,
      883.0
    ],
    [
      1082.0,
      883.0
    ],
    [
      978.0,
      890.0
    ],
    [
      1004.0,
      890.0
    ],
    [
      1030.0,
      890.0
    ],
    [
      1056.0,
      890.0
    ],
    [
      1082.0,
      890.0
    ],
    [
      978.0,
      897.0
    ],
    [
      1004.0,
      897.0
    ],
    [
      1030.0,
      897.0
    ],
    [
      1056.0,
      897.0
    ],
    [
      1082.0,
      897.0
    ]
  ],
  "triangles": [
    [
      0,
      5,
      1
    ],
    [
      1,
      5,
      6
    ],
    [
      1,
      6,
      2
    ],
    [
      2,
      6,
      7
    ],
    [
      2,
      7,
      3
    ],
    [
      3,
      7,
      8
    ],
    [
      3,
      8,
      4
    ],
    [
      4,
      8,
      9
    ],
    [
      5,
      10,
      6
    ],
    [
      6,
      10,
      11
    ],
    [
      6,
      11,
      7
    ],
    [
      7,
      11,
      12
    ],
    [
      7,
      12,
      8
    ],
    [
      8,
      12,
      13
    ],
    [
      8,
      13,
      9
    ],
    [
      9,
      13,
      14
    ],
    [
      10,
      15,
      11
    ],
    [
      11,
      15,
      16
    ],
    [
      11,
      16,
      12
    ],
    [
      12,
      16,
      17
    ],
    [
      12,
      17,
      13
    ],
    [
      13,
      17,
      18
    ],
    [
      13,
      18,
      14
    ],
    [
      14,
      18,
      19
    ]
  ],
  "uvs": [
    [
      0.477539,
      0.427734
    ],
    [
      0.490234,
      0.427734
    ],
    [
      0.50293,
      0.427734
    ],
    [
      0.515625,
      0.427734
    ],
    [
      0.52832,
      0.427734
    ],
    [
      0.477539,
      0.431152
    ],
    [
      0.490234,
      0.431152
    ],
    [
      0.50293,
      0.431152
    ],
    [
      0.515625,
      0.431152
    ],
    [
      0.52832,
      0.431152
    ],
    [
      0.477539,
      0.43457
    ],
    [
      0.490234,
      0.43457
    ],
    [
      0.50293,
      0.43457
    ],
    [
      0.515625,
      0.43457
    ],
    [
      0.52832,
      0.43457
    ],
    [
      0.477539,
      0.437988
    ],
    [
      0.490234,
      0.437988
    ],
    [
      0.50293,
      0.437988
    ],
    [
      0.515625,
      0.437988
    ],
    [
      0.52832,
      0.437988
    ]
  ],
  "boundary_vertex_ids": [
    0,
    1,
    2,
    3,
    4,
    5,
    9,
    10,
    14,
    15,
    16,
    17,
    18,
    19
  ],
  "mesh_strategy": {
    "kind": "material_pack_alpha_bbox_grid",
    "cols": 4,
    "rows": 3,
    "note": "Mini Cubism preview mesh only; not final Cubism ArtMesh quality."
  },
  "mesh_path": "meshes/mouth_lower_lip_mask.json"
}
