{
  "part_id": "mouth_upper_lip_mask",
  "vertices": [
    [
      975.0,
      813.0
    ],
    [
      1002.75,
      813.0
    ],
    [
      1030.5,
      813.0
    ],
    [
      1058.25,
      813.0
    ],
    [
      1086.0,
      813.0
    ],
    [
      975.0,
      820.0
    ],
    [
      1002.75,
      820.0
    ],
    [
      1030.5,
      820.0
    ],
    [
      1058.25,
      820.0
    ],
    [
      1086.0,
      820.0
    ],
    [
      975.0,
      827.0
    ],
    [
      1002.75,
      827.0
    ],
    [
      1030.5,
      827.0
    ],
    [
      1058.25,
      827.0
    ],
    [
      1086.0,
      827.0
    ],
    [
      975.0,
      834.0
    ],
    [
      1002.75,
      834.0
    ],
    [
      1030.5,
      834.0
    ],
    [
      1058.25,
      834.0
    ],
    [
      1086.0,
      834.0
    ]
  ],
  "triangles": [
    [
      0,
      5,
      1
    ],
    [
      1,
      5,
      6
    ],
    [
      1,
      6,
      2
    ],
    [
      2,
      6,
      7
    ],
    [
      2,
      7,
      3
    ],
    [
      3,
      7,
      8
    ],
    [
      3,
      8,
      4
    ],
    [
      4,
      8,
      9
    ],
    [
      5,
      10,
      6
    ],
    [
      6,
      10,
      11
    ],
    [
      6,
      11,
      7
    ],
    [
      7,
      11,
      12
    ],
    [
      7,
      12,
      8
    ],
    [
      8,
      12,
      13
    ],
    [
      8,
      13,
      9
    ],
    [
      9,
      13,
      14
    ],
    [
      10,
      15,
      11
    ],
    [
      11,
      15,
      16
    ],
    [
      11,
      16,
      12
    ],
    [
      12,
      16,
      17
    ],
    [
      12,
      17,
      13
    ],
    [
      13,
      17,
      18
    ],
    [
      13,
      18,
      14
    ],
    [
      14,
      18,
      19
    ]
  ],
  "uvs": [
    [
      0.476074,
      0.396973
    ],
    [
      0.489624,
      0.396973
    ],
    [
      0.503174,
      0.396973
    ],
    [
      0.516724,
      0.396973
    ],
    [
      0.530273,
      0.396973
    ],
    [
      0.476074,
      0.400391
    ],
    [
      0.489624,
      0.400391
    ],
    [
      0.503174,
      0.400391
    ],
    [
      0.516724,
      0.400391
    ],
    [
      0.530273,
      0.400391
    ],
    [
      0.476074,
      0.403809
    ],
    [
      0.489624,
      0.403809
    ],
    [
      0.503174,
      0.403809
    ],
    [
      0.516724,
      0.403809
    ],
    [
      0.530273,
      0.403809
    ],
    [
      0.476074,
      0.407227
    ],
    [
      0.489624,
      0.407227
    ],
    [
      0.503174,
      0.407227
    ],
    [
      0.516724,
      0.407227
    ],
    [
      0.530273,
      0.407227
    ]
  ],
  "boundary_vertex_ids": [
    0,
    1,
    2,
    3,
    4,
    5,
    9,
    10,
    14,
    15,
    16,
    17,
    18,
    19
  ],
  "mesh_strategy": {
    "kind": "material_pack_alpha_bbox_grid",
    "cols": 4,
    "rows": 3,
    "note": "Mini Cubism preview mesh only; not final Cubism ArtMesh quality."
  },
  "mesh_path": "meshes/mouth_upper_lip_mask.json"
}
