{
  "part_id": "mouth_teeth",
  "vertices": [
    [
      989.0,
      838.0
    ],
    [
      1010.25,
      838.0
    ],
    [
      1031.5,
      838.0
    ],
    [
      1052.75,
      838.0
    ],
    [
      1074.0,
      838.0
    ],
    [
      989.0,
      843.0
    ],
    [
      1010.25,
      843.0
    ],
    [
      1031.5,
      843.0
    ],
    [
      1052.75,
      843.0
    ],
    [
      1074.0,
      843.0
    ],
    [
      989.0,
      848.0
    ],
    [
      1010.25,
      848.0
    ],
    [
      1031.5,
      848.0
    ],
    [
      1052.75,
      848.0
    ],
    [
      1074.0,
      848.0
    ],
    [
      989.0,
      853.0
    ],
    [
      1010.25,
      853.0
    ],
    [
      1031.5,
      853.0
    ],
    [
      1052.75,
      853.0
    ],
    [
      1074.0,
      853.0
    ]
  ],
  "triangles": [
    [
      0,
      5,
      1
    ],
    [
      1,
      5,
      6
    ],
    [
      1,
      6,
      2
    ],
    [
      2,
      6,
      7
    ],
    [
      2,
      7,
      3
    ],
    [
      3,
      7,
      8
    ],
    [
      3,
      8,
      4
    ],
    [
      4,
      8,
      9
    ],
    [
      5,
      10,
      6
    ],
    [
      6,
      10,
      11
    ],
    [
      6,
      11,
      7
    ],
    [
      7,
      11,
      12
    ],
    [
      7,
      12,
      8
    ],
    [
      8,
      12,
      13
    ],
    [
      8,
      13,
      9
    ],
    [
      9,
      13,
      14
    ],
    [
      10,
      15,
      11
    ],
    [
      11,
      15,
      16
    ],
    [
      11,
      16,
      12
    ],
    [
      12,
      16,
      17
    ],
    [
      12,
      17,
      13
    ],
    [
      13,
      17,
      18
    ],
    [
      13,
      18,
      14
    ],
    [
      14,
      18,
      19
    ]
  ],
  "uvs": [
    [
      0.48291,
      0.40918
    ],
    [
      0.493286,
      0.40918
    ],
    [
      0.503662,
      0.40918
    ],
    [
      0.514038,
      0.40918
    ],
    [
      0.524414,
      0.40918
    ],
    [
      0.48291,
      0.411621
    ],
    [
      0.493286,
      0.411621
    ],
    [
      0.503662,
      0.411621
    ],
    [
      0.514038,
      0.411621
    ],
    [
      0.524414,
      0.411621
    ],
    [
      0.48291,
      0.414062
    ],
    [
      0.493286,
      0.414062
    ],
    [
      0.503662,
      0.414062
    ],
    [
      0.514038,
      0.414062
    ],
    [
      0.524414,
      0.414062
    ],
    [
      0.48291,
      0.416504
    ],
    [
      0.493286,
      0.416504
    ],
    [
      0.503662,
      0.416504
    ],
    [
      0.514038,
      0.416504
    ],
    [
      0.524414,
      0.416504
    ]
  ],
  "boundary_vertex_ids": [
    0,
    1,
    2,
    3,
    4,
    5,
    9,
    10,
    14,
    15,
    16,
    17,
    18,
    19
  ],
  "mesh_strategy": {
    "kind": "material_pack_alpha_bbox_grid",
    "cols": 4,
    "rows": 3,
    "note": "Mini Cubism preview mesh only; not final Cubism ArtMesh quality."
  },
  "mesh_path": "meshes/mouth_teeth.json"
}
