{
  "part_id": "eye_L_half_closed_lid",
  "vertices": [
    [
      790.0,
      662.0
    ],
    [
      829.5,
      662.0
    ],
    [
      869.0,
      662.0
    ],
    [
      908.5,
      662.0
    ],
    [
      948.0,
      662.0
    ],
    [
      790.0,
      684.667
    ],
    [
      829.5,
      684.667
    ],
    [
      869.0,
      684.667
    ],
    [
      908.5,
      684.667
    ],
    [
      948.0,
      684.667
    ],
    [
      790.0,
      707.333
    ],
    [
      829.5,
      707.333
    ],
    [
      869.0,
      707.333
    ],
    [
      908.5,
      707.333
    ],
    [
      948.0,
      707.333
    ],
    [
      790.0,
      730.0
    ],
    [
      829.5,
      730.0
    ],
    [
      869.0,
      730.0
    ],
    [
      908.5,
      730.0
    ],
    [
      948.0,
      730.0
    ]
  ],
  "triangles": [
    [
      0,
      5,
      1
    ],
    [
      1,
      5,
      6
    ],
    [
      1,
      6,
      2
    ],
    [
      2,
      6,
      7
    ],
    [
      2,
      7,
      3
    ],
    [
      3,
      7,
      8
    ],
    [
      3,
      8,
      4
    ],
    [
      4,
      8,
      9
    ],
    [
      5,
      10,
      6
    ],
    [
      6,
      10,
      11
    ],
    [
      6,
      11,
      7
    ],
    [
      7,
      11,
      12
    ],
    [
      7,
      12,
      8
    ],
    [
      8,
      12,
      13
    ],
    [
      8,
      13,
      9
    ],
    [
      9,
      13,
      14
    ],
    [
      10,
      15,
      11
    ],
    [
      11,
      15,
      16
    ],
    [
      11,
      16,
      12
    ],
    [
      12,
      16,
      17
    ],
    [
      12,
      17,
      13
    ],
    [
      13,
      17,
      18
    ],
    [
      13,
      18,
      14
    ],
    [
      14,
      18,
      19
    ]
  ],
  "uvs": [
    [
      0.385742,
      0.323242
    ],
    [
      0.405029,
      0.323242
    ],
    [
      0.424316,
      0.323242
    ],
    [
      0.443604,
      0.323242
    ],
    [
      0.462891,
      0.323242
    ],
    [
      0.385742,
      0.33431
    ],
    [
      0.405029,
      0.33431
    ],
    [
      0.424316,
      0.33431
    ],
    [
      0.443604,
      0.33431
    ],
    [
      0.462891,
      0.33431
    ],
    [
      0.385742,
      0.345378
    ],
    [
      0.405029,
      0.345378
    ],
    [
      0.424316,
      0.345378
    ],
    [
      0.443604,
      0.345378
    ],
    [
      0.462891,
      0.345378
    ],
    [
      0.385742,
      0.356445
    ],
    [
      0.405029,
      0.356445
    ],
    [
      0.424316,
      0.356445
    ],
    [
      0.443604,
      0.356445
    ],
    [
      0.462891,
      0.356445
    ]
  ],
  "mesh_path": "meshes/eye_L_half_closed_lid.json"
}
