{
  "part_id": "mouth_small_open",
  "vertices": [
    [
      956.0,
      868.0
    ],
    [
      995.5,
      868.0
    ],
    [
      1035.0,
      868.0
    ],
    [
      1074.5,
      868.0
    ],
    [
      1114.0,
      868.0
    ],
    [
      956.0,
      884.333
    ],
    [
      995.5,
      884.333
    ],
    [
      1035.0,
      884.333
    ],
    [
      1074.5,
      884.333
    ],
    [
      1114.0,
      884.333
    ],
    [
      956.0,
      900.667
    ],
    [
      995.5,
      900.667
    ],
    [
      1035.0,
      900.667
    ],
    [
      1074.5,
      900.667
    ],
    [
      1114.0,
      900.667
    ],
    [
      956.0,
      917.0
    ],
    [
      995.5,
      917.0
    ],
    [
      1035.0,
      917.0
    ],
    [
      1074.5,
      917.0
    ],
    [
      1114.0,
      917.0
    ]
  ],
  "triangles": [
    [
      0,
      5,
      1
    ],
    [
      1,
      5,
      6
    ],
    [
      1,
      6,
      2
    ],
    [
      2,
      6,
      7
    ],
    [
      2,
      7,
      3
    ],
    [
      3,
      7,
      8
    ],
    [
      3,
      8,
      4
    ],
    [
      4,
      8,
      9
    ],
    [
      5,
      10,
      6
    ],
    [
      6,
      10,
      11
    ],
    [
      6,
      11,
      7
    ],
    [
      7,
      11,
      12
    ],
    [
      7,
      12,
      8
    ],
    [
      8,
      12,
      13
    ],
    [
      8,
      13,
      9
    ],
    [
      9,
      13,
      14
    ],
    [
      10,
      15,
      11
    ],
    [
      11,
      15,
      16
    ],
    [
      11,
      16,
      12
    ],
    [
      12,
      16,
      17
    ],
    [
      12,
      17,
      13
    ],
    [
      13,
      17,
      18
    ],
    [
      13,
      18,
      14
    ],
    [
      14,
      18,
      19
    ]
  ],
  "uvs": [
    [
      0.466797,
      0.423828
    ],
    [
      0.486084,
      0.423828
    ],
    [
      0.505371,
      0.423828
    ],
    [
      0.524658,
      0.423828
    ],
    [
      0.543945,
      0.423828
    ],
    [
      0.466797,
      0.431803
    ],
    [
      0.486084,
      0.431803
    ],
    [
      0.505371,
      0.431803
    ],
    [
      0.524658,
      0.431803
    ],
    [
      0.543945,
      0.431803
    ],
    [
      0.466797,
      0.439779
    ],
    [
      0.486084,
      0.439779
    ],
    [
      0.505371,
      0.439779
    ],
    [
      0.524658,
      0.439779
    ],
    [
      0.543945,
      0.439779
    ],
    [
      0.466797,
      0.447754
    ],
    [
      0.486084,
      0.447754
    ],
    [
      0.505371,
      0.447754
    ],
    [
      0.524658,
      0.447754
    ],
    [
      0.543945,
      0.447754
    ]
  ],
  "mesh_path": "meshes/mouth_small_open.json"
}
