{
  "part_id": "mouth_wide_teeth_tongue_gen",
  "vertices": [
    [
      940.0,
      850.0
    ],
    [
      987.5,
      850.0
    ],
    [
      1035.0,
      850.0
    ],
    [
      1082.5,
      850.0
    ],
    [
      1130.0,
      850.0
    ],
    [
      940.0,
      878.333
    ],
    [
      987.5,
      878.333
    ],
    [
      1035.0,
      878.333
    ],
    [
      1082.5,
      878.333
    ],
    [
      1130.0,
      878.333
    ],
    [
      940.0,
      906.667
    ],
    [
      987.5,
      906.667
    ],
    [
      1035.0,
      906.667
    ],
    [
      1082.5,
      906.667
    ],
    [
      1130.0,
      906.667
    ],
    [
      940.0,
      935.0
    ],
    [
      987.5,
      935.0
    ],
    [
      1035.0,
      935.0
    ],
    [
      1082.5,
      935.0
    ],
    [
      1130.0,
      935.0
    ]
  ],
  "triangles": [
    [
      0,
      5,
      1
    ],
    [
      1,
      5,
      6
    ],
    [
      1,
      6,
      2
    ],
    [
      2,
      6,
      7
    ],
    [
      2,
      7,
      3
    ],
    [
      3,
      7,
      8
    ],
    [
      3,
      8,
      4
    ],
    [
      4,
      8,
      9
    ],
    [
      5,
      10,
      6
    ],
    [
      6,
      10,
      11
    ],
    [
      6,
      11,
      7
    ],
    [
      7,
      11,
      12
    ],
    [
      7,
      12,
      8
    ],
    [
      8,
      12,
      13
    ],
    [
      8,
      13,
      9
    ],
    [
      9,
      13,
      14
    ],
    [
      10,
      15,
      11
    ],
    [
      11,
      15,
      16
    ],
    [
      11,
      16,
      12
    ],
    [
      12,
      16,
      17
    ],
    [
      12,
      17,
      13
    ],
    [
      13,
      17,
      18
    ],
    [
      13,
      18,
      14
    ],
    [
      14,
      18,
      19
    ]
  ],
  "uvs": [
    [
      0.458984,
      0.415039
    ],
    [
      0.482178,
      0.415039
    ],
    [
      0.505371,
      0.415039
    ],
    [
      0.528564,
      0.415039
    ],
    [
      0.551758,
      0.415039
    ],
    [
      0.458984,
      0.428874
    ],
    [
      0.482178,
      0.428874
    ],
    [
      0.505371,
      0.428874
    ],
    [
      0.528564,
      0.428874
    ],
    [
      0.551758,
      0.428874
    ],
    [
      0.458984,
      0.442708
    ],
    [
      0.482178,
      0.442708
    ],
    [
      0.505371,
      0.442708
    ],
    [
      0.528564,
      0.442708
    ],
    [
      0.551758,
      0.442708
    ],
    [
      0.458984,
      0.456543
    ],
    [
      0.482178,
      0.456543
    ],
    [
      0.505371,
      0.456543
    ],
    [
      0.528564,
      0.456543
    ],
    [
      0.551758,
      0.456543
    ]
  ],
  "mesh_path": "meshes/mouth_wide_teeth_tongue_gen.json"
}
