{
  "part_id": "mouth_closed_smile",
  "vertices": [
    [
      962.0,
      874.0
    ],
    [
      998.25,
      874.0
    ],
    [
      1034.5,
      874.0
    ],
    [
      1070.75,
      874.0
    ],
    [
      1107.0,
      874.0
    ],
    [
      962.0,
      885.667
    ],
    [
      998.25,
      885.667
    ],
    [
      1034.5,
      885.667
    ],
    [
      1070.75,
      885.667
    ],
    [
      1107.0,
      885.667
    ],
    [
      962.0,
      897.333
    ],
    [
      998.25,
      897.333
    ],
    [
      1034.5,
      897.333
    ],
    [
      1070.75,
      897.333
    ],
    [
      1107.0,
      897.333
    ],
    [
      962.0,
      909.0
    ],
    [
      998.25,
      909.0
    ],
    [
      1034.5,
      909.0
    ],
    [
      1070.75,
      909.0
    ],
    [
      1107.0,
      909.0
    ]
  ],
  "triangles": [
    [
      0,
      5,
      1
    ],
    [
      1,
      5,
      6
    ],
    [
      1,
      6,
      2
    ],
    [
      2,
      6,
      7
    ],
    [
      2,
      7,
      3
    ],
    [
      3,
      7,
      8
    ],
    [
      3,
      8,
      4
    ],
    [
      4,
      8,
      9
    ],
    [
      5,
      10,
      6
    ],
    [
      6,
      10,
      11
    ],
    [
      6,
      11,
      7
    ],
    [
      7,
      11,
      12
    ],
    [
      7,
      12,
      8
    ],
    [
      8,
      12,
      13
    ],
    [
      8,
      13,
      9
    ],
    [
      9,
      13,
      14
    ],
    [
      10,
      15,
      11
    ],
    [
      11,
      15,
      16
    ],
    [
      11,
      16,
      12
    ],
    [
      12,
      16,
      17
    ],
    [
      12,
      17,
      13
    ],
    [
      13,
      17,
      18
    ],
    [
      13,
      18,
      14
    ],
    [
      14,
      18,
      19
    ]
  ],
  "uvs": [
    [
      0.469727,
      0.426758
    ],
    [
      0.487427,
      0.426758
    ],
    [
      0.505127,
      0.426758
    ],
    [
      0.522827,
      0.426758
    ],
    [
      0.540527,
      0.426758
    ],
    [
      0.469727,
      0.432454
    ],
    [
      0.487427,
      0.432454
    ],
    [
      0.505127,
      0.432454
    ],
    [
      0.522827,
      0.432454
    ],
    [
      0.540527,
      0.432454
    ],
    [
      0.469727,
      0.438151
    ],
    [
      0.487427,
      0.438151
    ],
    [
      0.505127,
      0.438151
    ],
    [
      0.522827,
      0.438151
    ],
    [
      0.540527,
      0.438151
    ],
    [
      0.469727,
      0.443848
    ],
    [
      0.487427,
      0.443848
    ],
    [
      0.505127,
      0.443848
    ],
    [
      0.522827,
      0.443848
    ],
    [
      0.540527,
      0.443848
    ]
  ],
  "mesh_path": "meshes/mouth_closed_smile.json"
}
