{
  "part_id": "mouth_teeth",
  "vertices": [
    [
      930.0,
      867.0
    ],
    [
      979.5,
      867.0
    ],
    [
      1029.0,
      867.0
    ],
    [
      1078.5,
      867.0
    ],
    [
      1128.0,
      867.0
    ],
    [
      930.0,
      885.667
    ],
    [
      979.5,
      885.667
    ],
    [
      1029.0,
      885.667
    ],
    [
      1078.5,
      885.667
    ],
    [
      1128.0,
      885.667
    ],
    [
      930.0,
      904.333
    ],
    [
      979.5,
      904.333
    ],
    [
      1029.0,
      904.333
    ],
    [
      1078.5,
      904.333
    ],
    [
      1128.0,
      904.333
    ],
    [
      930.0,
      923.0
    ],
    [
      979.5,
      923.0
    ],
    [
      1029.0,
      923.0
    ],
    [
      1078.5,
      923.0
    ],
    [
      1128.0,
      923.0
    ]
  ],
  "triangles": [
    [
      0,
      5,
      1
    ],
    [
      1,
      5,
      6
    ],
    [
      1,
      6,
      2
    ],
    [
      2,
      6,
      7
    ],
    [
      2,
      7,
      3
    ],
    [
      3,
      7,
      8
    ],
    [
      3,
      8,
      4
    ],
    [
      4,
      8,
      9
    ],
    [
      5,
      10,
      6
    ],
    [
      6,
      10,
      11
    ],
    [
      6,
      11,
      7
    ],
    [
      7,
      11,
      12
    ],
    [
      7,
      12,
      8
    ],
    [
      8,
      12,
      13
    ],
    [
      8,
      13,
      9
    ],
    [
      9,
      13,
      14
    ],
    [
      10,
      15,
      11
    ],
    [
      11,
      15,
      16
    ],
    [
      11,
      16,
      12
    ],
    [
      12,
      16,
      17
    ],
    [
      12,
      17,
      13
    ],
    [
      13,
      17,
      18
    ],
    [
      13,
      18,
      14
    ],
    [
      14,
      18,
      19
    ]
  ],
  "uvs": [
    [
      0.454102,
      0.42334
    ],
    [
      0.478271,
      0.42334
    ],
    [
      0.502441,
      0.42334
    ],
    [
      0.526611,
      0.42334
    ],
    [
      0.550781,
      0.42334
    ],
    [
      0.454102,
      0.432454
    ],
    [
      0.478271,
      0.432454
    ],
    [
      0.502441,
      0.432454
    ],
    [
      0.526611,
      0.432454
    ],
    [
      0.550781,
      0.432454
    ],
    [
      0.454102,
      0.441569
    ],
    [
      0.478271,
      0.441569
    ],
    [
      0.502441,
      0.441569
    ],
    [
      0.526611,
      0.441569
    ],
    [
      0.550781,
      0.441569
    ],
    [
      0.454102,
      0.450684
    ],
    [
      0.478271,
      0.450684
    ],
    [
      0.502441,
      0.450684
    ],
    [
      0.526611,
      0.450684
    ],
    [
      0.550781,
      0.450684
    ]
  ],
  "mesh_path": "meshes/mouth_teeth.json"
}
