{
  "part_id": "mouth_mid_teeth_gen",
  "vertices": [
    [
      946.0,
      857.0
    ],
    [
      990.5,
      857.0
    ],
    [
      1035.0,
      857.0
    ],
    [
      1079.5,
      857.0
    ],
    [
      1124.0,
      857.0
    ],
    [
      946.0,
      880.333
    ],
    [
      990.5,
      880.333
    ],
    [
      1035.0,
      880.333
    ],
    [
      1079.5,
      880.333
    ],
    [
      1124.0,
      880.333
    ],
    [
      946.0,
      903.667
    ],
    [
      990.5,
      903.667
    ],
    [
      1035.0,
      903.667
    ],
    [
      1079.5,
      903.667
    ],
    [
      1124.0,
      903.667
    ],
    [
      946.0,
      927.0
    ],
    [
      990.5,
      927.0
    ],
    [
      1035.0,
      927.0
    ],
    [
      1079.5,
      927.0
    ],
    [
      1124.0,
      927.0
    ]
  ],
  "triangles": [
    [
      0,
      5,
      1
    ],
    [
      1,
      5,
      6
    ],
    [
      1,
      6,
      2
    ],
    [
      2,
      6,
      7
    ],
    [
      2,
      7,
      3
    ],
    [
      3,
      7,
      8
    ],
    [
      3,
      8,
      4
    ],
    [
      4,
      8,
      9
    ],
    [
      5,
      10,
      6
    ],
    [
      6,
      10,
      11
    ],
    [
      6,
      11,
      7
    ],
    [
      7,
      11,
      12
    ],
    [
      7,
      12,
      8
    ],
    [
      8,
      12,
      13
    ],
    [
      8,
      13,
      9
    ],
    [
      9,
      13,
      14
    ],
    [
      10,
      15,
      11
    ],
    [
      11,
      15,
      16
    ],
    [
      11,
      16,
      12
    ],
    [
      12,
      16,
      17
    ],
    [
      12,
      17,
      13
    ],
    [
      13,
      17,
      18
    ],
    [
      13,
      18,
      14
    ],
    [
      14,
      18,
      19
    ]
  ],
  "uvs": [
    [
      0.461914,
      0.418457
    ],
    [
      0.483643,
      0.418457
    ],
    [
      0.505371,
      0.418457
    ],
    [
      0.5271,
      0.418457
    ],
    [
      0.548828,
      0.418457
    ],
    [
      0.461914,
      0.42985
    ],
    [
      0.483643,
      0.42985
    ],
    [
      0.505371,
      0.42985
    ],
    [
      0.5271,
      0.42985
    ],
    [
      0.548828,
      0.42985
    ],
    [
      0.461914,
      0.441243
    ],
    [
      0.483643,
      0.441243
    ],
    [
      0.505371,
      0.441243
    ],
    [
      0.5271,
      0.441243
    ],
    [
      0.548828,
      0.441243
    ],
    [
      0.461914,
      0.452637
    ],
    [
      0.483643,
      0.452637
    ],
    [
      0.505371,
      0.452637
    ],
    [
      0.5271,
      0.452637
    ],
    [
      0.548828,
      0.452637
    ]
  ],
  "mesh_path": "meshes/mouth_mid_teeth_gen.json"
}
