{
  "part_id": "eye_L_highlight",
  "vertices": [
    [
      865.0,
      648.0
    ],
    [
      869.25,
      648.0
    ],
    [
      873.5,
      648.0
    ],
    [
      877.75,
      648.0
    ],
    [
      882.0,
      648.0
    ],
    [
      865.0,
      652.333
    ],
    [
      869.25,
      652.333
    ],
    [
      873.5,
      652.333
    ],
    [
      877.75,
      652.333
    ],
    [
      882.0,
      652.333
    ],
    [
      865.0,
      656.667
    ],
    [
      869.25,
      656.667
    ],
    [
      873.5,
      656.667
    ],
    [
      877.75,
      656.667
    ],
    [
      882.0,
      656.667
    ],
    [
      865.0,
      661.0
    ],
    [
      869.25,
      661.0
    ],
    [
      873.5,
      661.0
    ],
    [
      877.75,
      661.0
    ],
    [
      882.0,
      661.0
    ]
  ],
  "triangles": [
    [
      0,
      5,
      1
    ],
    [
      1,
      5,
      6
    ],
    [
      1,
      6,
      2
    ],
    [
      2,
      6,
      7
    ],
    [
      2,
      7,
      3
    ],
    [
      3,
      7,
      8
    ],
    [
      3,
      8,
      4
    ],
    [
      4,
      8,
      9
    ],
    [
      5,
      10,
      6
    ],
    [
      6,
      10,
      11
    ],
    [
      6,
      11,
      7
    ],
    [
      7,
      11,
      12
    ],
    [
      7,
      12,
      8
    ],
    [
      8,
      12,
      13
    ],
    [
      8,
      13,
      9
    ],
    [
      9,
      13,
      14
    ],
    [
      10,
      15,
      11
    ],
    [
      11,
      15,
      16
    ],
    [
      11,
      16,
      12
    ],
    [
      12,
      16,
      17
    ],
    [
      12,
      17,
      13
    ],
    [
      13,
      17,
      18
    ],
    [
      13,
      18,
      14
    ],
    [
      14,
      18,
      19
    ]
  ],
  "uvs": [
    [
      0.422363,
      0.316406
    ],
    [
      0.424438,
      0.316406
    ],
    [
      0.426514,
      0.316406
    ],
    [
      0.428589,
      0.316406
    ],
    [
      0.430664,
      0.316406
    ],
    [
      0.422363,
      0.318522
    ],
    [
      0.424438,
      0.318522
    ],
    [
      0.426514,
      0.318522
    ],
    [
      0.428589,
      0.318522
    ],
    [
      0.430664,
      0.318522
    ],
    [
      0.422363,
      0.320638
    ],
    [
      0.424438,
      0.320638
    ],
    [
      0.426514,
      0.320638
    ],
    [
      0.428589,
      0.320638
    ],
    [
      0.430664,
      0.320638
    ],
    [
      0.422363,
      0.322754
    ],
    [
      0.424438,
      0.322754
    ],
    [
      0.426514,
      0.322754
    ],
    [
      0.428589,
      0.322754
    ],
    [
      0.430664,
      0.322754
    ]
  ],
  "mesh_path": "meshes/eye_L_highlight.json"
}
