{
  "part_id": "eye_L_lid_inbetween_038",
  "vertices": [
    [
      793.0,
      635.0
    ],
    [
      832.75,
      635.0
    ],
    [
      872.5,
      635.0
    ],
    [
      912.25,
      635.0
    ],
    [
      952.0,
      635.0
    ],
    [
      793.0,
      658.333
    ],
    [
      832.75,
      658.333
    ],
    [
      872.5,
      658.333
    ],
    [
      912.25,
      658.333
    ],
    [
      952.0,
      658.333
    ],
    [
      793.0,
      681.667
    ],
    [
      832.75,
      681.667
    ],
    [
      872.5,
      681.667
    ],
    [
      912.25,
      681.667
    ],
    [
      952.0,
      681.667
    ],
    [
      793.0,
      705.0
    ],
    [
      832.75,
      705.0
    ],
    [
      872.5,
      705.0
    ],
    [
      912.25,
      705.0
    ],
    [
      952.0,
      705.0
    ]
  ],
  "triangles": [
    [
      0,
      5,
      1
    ],
    [
      1,
      5,
      6
    ],
    [
      1,
      6,
      2
    ],
    [
      2,
      6,
      7
    ],
    [
      2,
      7,
      3
    ],
    [
      3,
      7,
      8
    ],
    [
      3,
      8,
      4
    ],
    [
      4,
      8,
      9
    ],
    [
      5,
      10,
      6
    ],
    [
      6,
      10,
      11
    ],
    [
      6,
      11,
      7
    ],
    [
      7,
      11,
      12
    ],
    [
      7,
      12,
      8
    ],
    [
      8,
      12,
      13
    ],
    [
      8,
      13,
      9
    ],
    [
      9,
      13,
      14
    ],
    [
      10,
      15,
      11
    ],
    [
      11,
      15,
      16
    ],
    [
      11,
      16,
      12
    ],
    [
      12,
      16,
      17
    ],
    [
      12,
      17,
      13
    ],
    [
      13,
      17,
      18
    ],
    [
      13,
      18,
      14
    ],
    [
      14,
      18,
      19
    ]
  ],
  "uvs": [
    [
      0.387207,
      0.310059
    ],
    [
      0.406616,
      0.310059
    ],
    [
      0.426025,
      0.310059
    ],
    [
      0.445435,
      0.310059
    ],
    [
      0.464844,
      0.310059
    ],
    [
      0.387207,
      0.321452
    ],
    [
      0.406616,
      0.321452
    ],
    [
      0.426025,
      0.321452
    ],
    [
      0.445435,
      0.321452
    ],
    [
      0.464844,
      0.321452
    ],
    [
      0.387207,
      0.332845
    ],
    [
      0.406616,
      0.332845
    ],
    [
      0.426025,
      0.332845
    ],
    [
      0.445435,
      0.332845
    ],
    [
      0.464844,
      0.332845
    ],
    [
      0.387207,
      0.344238
    ],
    [
      0.406616,
      0.344238
    ],
    [
      0.426025,
      0.344238
    ],
    [
      0.445435,
      0.344238
    ],
    [
      0.464844,
      0.344238
    ]
  ],
  "mesh_path": "meshes/eye_L_lid_inbetween_038.json"
}
