{
  "part_id": "mouth_o_vowel",
  "vertices": [
    [
      937.0,
      845.0
    ],
    [
      980.5,
      845.0
    ],
    [
      1024.0,
      845.0
    ],
    [
      1067.5,
      845.0
    ],
    [
      1111.0,
      845.0
    ],
    [
      937.0,
      880.333
    ],
    [
      980.5,
      880.333
    ],
    [
      1024.0,
      880.333
    ],
    [
      1067.5,
      880.333
    ],
    [
      1111.0,
      880.333
    ],
    [
      937.0,
      915.667
    ],
    [
      980.5,
      915.667
    ],
    [
      1024.0,
      915.667
    ],
    [
      1067.5,
      915.667
    ],
    [
      1111.0,
      915.667
    ],
    [
      937.0,
      951.0
    ],
    [
      980.5,
      951.0
    ],
    [
      1024.0,
      951.0
    ],
    [
      1067.5,
      951.0
    ],
    [
      1111.0,
      951.0
    ]
  ],
  "triangles": [
    [
      0,
      5,
      1
    ],
    [
      1,
      5,
      6
    ],
    [
      1,
      6,
      2
    ],
    [
      2,
      6,
      7
    ],
    [
      2,
      7,
      3
    ],
    [
      3,
      7,
      8
    ],
    [
      3,
      8,
      4
    ],
    [
      4,
      8,
      9
    ],
    [
      5,
      10,
      6
    ],
    [
      6,
      10,
      11
    ],
    [
      6,
      11,
      7
    ],
    [
      7,
      11,
      12
    ],
    [
      7,
      12,
      8
    ],
    [
      8,
      12,
      13
    ],
    [
      8,
      13,
      9
    ],
    [
      9,
      13,
      14
    ],
    [
      10,
      15,
      11
    ],
    [
      11,
      15,
      16
    ],
    [
      11,
      16,
      12
    ],
    [
      12,
      16,
      17
    ],
    [
      12,
      17,
      13
    ],
    [
      13,
      17,
      18
    ],
    [
      13,
      18,
      14
    ],
    [
      14,
      18,
      19
    ]
  ],
  "uvs": [
    [
      0.45752,
      0.412598
    ],
    [
      0.47876,
      0.412598
    ],
    [
      0.5,
      0.412598
    ],
    [
      0.52124,
      0.412598
    ],
    [
      0.54248,
      0.412598
    ],
    [
      0.45752,
      0.42985
    ],
    [
      0.47876,
      0.42985
    ],
    [
      0.5,
      0.42985
    ],
    [
      0.52124,
      0.42985
    ],
    [
      0.54248,
      0.42985
    ],
    [
      0.45752,
      0.447103
    ],
    [
      0.47876,
      0.447103
    ],
    [
      0.5,
      0.447103
    ],
    [
      0.52124,
      0.447103
    ],
    [
      0.54248,
      0.447103
    ],
    [
      0.45752,
      0.464355
    ],
    [
      0.47876,
      0.464355
    ],
    [
      0.5,
      0.464355
    ],
    [
      0.52124,
      0.464355
    ],
    [
      0.54248,
      0.464355
    ]
  ],
  "mesh_path": "meshes/mouth_o_vowel.json"
}
