{
  "part_id": "mouth_mid_teeth_gen",
  "vertices": [
    [
      953.0,
      860.0
    ],
    [
      994.0,
      860.0
    ],
    [
      1035.0,
      860.0
    ],
    [
      1076.0,
      860.0
    ],
    [
      1117.0,
      860.0
    ],
    [
      953.0,
      881.333
    ],
    [
      994.0,
      881.333
    ],
    [
      1035.0,
      881.333
    ],
    [
      1076.0,
      881.333
    ],
    [
      1117.0,
      881.333
    ],
    [
      953.0,
      902.667
    ],
    [
      994.0,
      902.667
    ],
    [
      1035.0,
      902.667
    ],
    [
      1076.0,
      902.667
    ],
    [
      1117.0,
      902.667
    ],
    [
      953.0,
      924.0
    ],
    [
      994.0,
      924.0
    ],
    [
      1035.0,
      924.0
    ],
    [
      1076.0,
      924.0
    ],
    [
      1117.0,
      924.0
    ]
  ],
  "triangles": [
    [
      0,
      5,
      1
    ],
    [
      1,
      5,
      6
    ],
    [
      1,
      6,
      2
    ],
    [
      2,
      6,
      7
    ],
    [
      2,
      7,
      3
    ],
    [
      3,
      7,
      8
    ],
    [
      3,
      8,
      4
    ],
    [
      4,
      8,
      9
    ],
    [
      5,
      10,
      6
    ],
    [
      6,
      10,
      11
    ],
    [
      6,
      11,
      7
    ],
    [
      7,
      11,
      12
    ],
    [
      7,
      12,
      8
    ],
    [
      8,
      12,
      13
    ],
    [
      8,
      13,
      9
    ],
    [
      9,
      13,
      14
    ],
    [
      10,
      15,
      11
    ],
    [
      11,
      15,
      16
    ],
    [
      11,
      16,
      12
    ],
    [
      12,
      16,
      17
    ],
    [
      12,
      17,
      13
    ],
    [
      13,
      17,
      18
    ],
    [
      13,
      18,
      14
    ],
    [
      14,
      18,
      19
    ]
  ],
  "uvs": [
    [
      0.465332,
      0.419922
    ],
    [
      0.485352,
      0.419922
    ],
    [
      0.505371,
      0.419922
    ],
    [
      0.525391,
      0.419922
    ],
    [
      0.54541,
      0.419922
    ],
    [
      0.465332,
      0.430339
    ],
    [
      0.485352,
      0.430339
    ],
    [
      0.505371,
      0.430339
    ],
    [
      0.525391,
      0.430339
    ],
    [
      0.54541,
      0.430339
    ],
    [
      0.465332,
      0.440755
    ],
    [
      0.485352,
      0.440755
    ],
    [
      0.505371,
      0.440755
    ],
    [
      0.525391,
      0.440755
    ],
    [
      0.54541,
      0.440755
    ],
    [
      0.465332,
      0.451172
    ],
    [
      0.485352,
      0.451172
    ],
    [
      0.505371,
      0.451172
    ],
    [
      0.525391,
      0.451172
    ],
    [
      0.54541,
      0.451172
    ]
  ],
  "mesh_path": "meshes/mouth_mid_teeth_gen.json"
}
