{
  "part_id": "nose_detail",
  "vertices": [
    [
      1001.0,
      757.0
    ],
    [
      1009.75,
      757.0
    ],
    [
      1018.5,
      757.0
    ],
    [
      1027.25,
      757.0
    ],
    [
      1036.0,
      757.0
    ],
    [
      1001.0,
      773.0
    ],
    [
      1009.75,
      773.0
    ],
    [
      1018.5,
      773.0
    ],
    [
      1027.25,
      773.0
    ],
    [
      1036.0,
      773.0
    ],
    [
      1001.0,
      789.0
    ],
    [
      1009.75,
      789.0
    ],
    [
      1018.5,
      789.0
    ],
    [
      1027.25,
      789.0
    ],
    [
      1036.0,
      789.0
    ],
    [
      1001.0,
      805.0
    ],
    [
      1009.75,
      805.0
    ],
    [
      1018.5,
      805.0
    ],
    [
      1027.25,
      805.0
    ],
    [
      1036.0,
      805.0
    ]
  ],
  "triangles": [
    [
      0,
      5,
      1
    ],
    [
      1,
      5,
      6
    ],
    [
      1,
      6,
      2
    ],
    [
      2,
      6,
      7
    ],
    [
      2,
      7,
      3
    ],
    [
      3,
      7,
      8
    ],
    [
      3,
      8,
      4
    ],
    [
      4,
      8,
      9
    ],
    [
      5,
      10,
      6
    ],
    [
      6,
      10,
      11
    ],
    [
      6,
      11,
      7
    ],
    [
      7,
      11,
      12
    ],
    [
      7,
      12,
      8
    ],
    [
      8,
      12,
      13
    ],
    [
      8,
      13,
      9
    ],
    [
      9,
      13,
      14
    ],
    [
      10,
      15,
      11
    ],
    [
      11,
      15,
      16
    ],
    [
      11,
      16,
      12
    ],
    [
      12,
      16,
      17
    ],
    [
      12,
      17,
      13
    ],
    [
      13,
      17,
      18
    ],
    [
      13,
      18,
      14
    ],
    [
      14,
      18,
      19
    ]
  ],
  "uvs": [
    [
      0.48877,
      0.369629
    ],
    [
      0.493042,
      0.369629
    ],
    [
      0.497314,
      0.369629
    ],
    [
      0.501587,
      0.369629
    ],
    [
      0.505859,
      0.369629
    ],
    [
      0.48877,
      0.377441
    ],
    [
      0.493042,
      0.377441
    ],
    [
      0.497314,
      0.377441
    ],
    [
      0.501587,
      0.377441
    ],
    [
      0.505859,
      0.377441
    ],
    [
      0.48877,
      0.385254
    ],
    [
      0.493042,
      0.385254
    ],
    [
      0.497314,
      0.385254
    ],
    [
      0.501587,
      0.385254
    ],
    [
      0.505859,
      0.385254
    ],
    [
      0.48877,
      0.393066
    ],
    [
      0.493042,
      0.393066
    ],
    [
      0.497314,
      0.393066
    ],
    [
      0.501587,
      0.393066
    ],
    [
      0.505859,
      0.393066
    ]
  ],
  "mesh_path": "meshes/nose_detail.json"
}
