{
  "part_id": "L_iris",
  "vertices": [
    [
      1142.0,
      717.0
    ],
    [
      1169.75,
      717.0
    ],
    [
      1197.5,
      717.0
    ],
    [
      1225.25,
      717.0
    ],
    [
      1253.0,
      717.0
    ],
    [
      1142.0,
      753.333
    ],
    [
      1169.75,
      753.333
    ],
    [
      1197.5,
      753.333
    ],
    [
      1225.25,
      753.333
    ],
    [
      1253.0,
      753.333
    ],
    [
      1142.0,
      789.667
    ],
    [
      1169.75,
      789.667
    ],
    [
      1197.5,
      789.667
    ],
    [
      1225.25,
      789.667
    ],
    [
      1253.0,
      789.667
    ],
    [
      1142.0,
      826.0
    ],
    [
      1169.75,
      826.0
    ],
    [
      1197.5,
      826.0
    ],
    [
      1225.25,
      826.0
    ],
    [
      1253.0,
      826.0
    ]
  ],
  "triangles": [
    [
      0,
      5,
      1
    ],
    [
      1,
      5,
      6
    ],
    [
      1,
      6,
      2
    ],
    [
      2,
      6,
      7
    ],
    [
      2,
      7,
      3
    ],
    [
      3,
      7,
      8
    ],
    [
      3,
      8,
      4
    ],
    [
      4,
      8,
      9
    ],
    [
      5,
      10,
      6
    ],
    [
      6,
      10,
      11
    ],
    [
      6,
      11,
      7
    ],
    [
      7,
      11,
      12
    ],
    [
      7,
      12,
      8
    ],
    [
      8,
      12,
      13
    ],
    [
      8,
      13,
      9
    ],
    [
      9,
      13,
      14
    ],
    [
      10,
      15,
      11
    ],
    [
      11,
      15,
      16
    ],
    [
      11,
      16,
      12
    ],
    [
      12,
      16,
      17
    ],
    [
      12,
      17,
      13
    ],
    [
      13,
      17,
      18
    ],
    [
      13,
      18,
      14
    ],
    [
      14,
      18,
      19
    ]
  ],
  "uvs": [
    [
      0.557617,
      0.350098
    ],
    [
      0.571167,
      0.350098
    ],
    [
      0.584717,
      0.350098
    ],
    [
      0.598267,
      0.350098
    ],
    [
      0.611816,
      0.350098
    ],
    [
      0.557617,
      0.367839
    ],
    [
      0.571167,
      0.367839
    ],
    [
      0.584717,
      0.367839
    ],
    [
      0.598267,
      0.367839
    ],
    [
      0.611816,
      0.367839
    ],
    [
      0.557617,
      0.385579
    ],
    [
      0.571167,
      0.385579
    ],
    [
      0.584717,
      0.385579
    ],
    [
      0.598267,
      0.385579
    ],
    [
      0.611816,
      0.385579
    ],
    [
      0.557617,
      0.40332
    ],
    [
      0.571167,
      0.40332
    ],
    [
      0.584717,
      0.40332
    ],
    [
      0.598267,
      0.40332
    ],
    [
      0.611816,
      0.40332
    ]
  ],
  "boundary_vertex_ids": [
    0,
    1,
    2,
    3,
    4,
    5,
    9,
    10,
    14,
    15,
    16,
    17,
    18,
    19
  ],
  "mesh_strategy": {
    "kind": "alpha_bbox_grid",
    "cols": 4,
    "rows": 3,
    "note": "v0 conservative mesh based on alpha bbox; not final Cubism ArtMesh quality"
  },
  "mesh_path": "meshes/L_iris.json"
}
