{
  "part_id": "L_eye_white",
  "vertices": [
    [
      1117.0,
      709.0
    ],
    [
      1164.75,
      709.0
    ],
    [
      1212.5,
      709.0
    ],
    [
      1260.25,
      709.0
    ],
    [
      1308.0,
      709.0
    ],
    [
      1117.0,
      751.0
    ],
    [
      1164.75,
      751.0
    ],
    [
      1212.5,
      751.0
    ],
    [
      1260.25,
      751.0
    ],
    [
      1308.0,
      751.0
    ],
    [
      1117.0,
      793.0
    ],
    [
      1164.75,
      793.0
    ],
    [
      1212.5,
      793.0
    ],
    [
      1260.25,
      793.0
    ],
    [
      1308.0,
      793.0
    ],
    [
      1117.0,
      835.0
    ],
    [
      1164.75,
      835.0
    ],
    [
      1212.5,
      835.0
    ],
    [
      1260.25,
      835.0
    ],
    [
      1308.0,
      835.0
    ]
  ],
  "triangles": [
    [
      0,
      5,
      1
    ],
    [
      1,
      5,
      6
    ],
    [
      1,
      6,
      2
    ],
    [
      2,
      6,
      7
    ],
    [
      2,
      7,
      3
    ],
    [
      3,
      7,
      8
    ],
    [
      3,
      8,
      4
    ],
    [
      4,
      8,
      9
    ],
    [
      5,
      10,
      6
    ],
    [
      6,
      10,
      11
    ],
    [
      6,
      11,
      7
    ],
    [
      7,
      11,
      12
    ],
    [
      7,
      12,
      8
    ],
    [
      8,
      12,
      13
    ],
    [
      8,
      13,
      9
    ],
    [
      9,
      13,
      14
    ],
    [
      10,
      15,
      11
    ],
    [
      11,
      15,
      16
    ],
    [
      11,
      16,
      12
    ],
    [
      12,
      16,
      17
    ],
    [
      12,
      17,
      13
    ],
    [
      13,
      17,
      18
    ],
    [
      13,
      18,
      14
    ],
    [
      14,
      18,
      19
    ]
  ],
  "uvs": [
    [
      0.54541,
      0.346191
    ],
    [
      0.568726,
      0.346191
    ],
    [
      0.592041,
      0.346191
    ],
    [
      0.615356,
      0.346191
    ],
    [
      0.638672,
      0.346191
    ],
    [
      0.54541,
      0.366699
    ],
    [
      0.568726,
      0.366699
    ],
    [
      0.592041,
      0.366699
    ],
    [
      0.615356,
      0.366699
    ],
    [
      0.638672,
      0.366699
    ],
    [
      0.54541,
      0.387207
    ],
    [
      0.568726,
      0.387207
    ],
    [
      0.592041,
      0.387207
    ],
    [
      0.615356,
      0.387207
    ],
    [
      0.638672,
      0.387207
    ],
    [
      0.54541,
      0.407715
    ],
    [
      0.568726,
      0.407715
    ],
    [
      0.592041,
      0.407715
    ],
    [
      0.615356,
      0.407715
    ],
    [
      0.638672,
      0.407715
    ]
  ],
  "boundary_vertex_ids": [
    0,
    1,
    2,
    3,
    4,
    5,
    9,
    10,
    14,
    15,
    16,
    17,
    18,
    19
  ],
  "mesh_strategy": {
    "kind": "alpha_bbox_grid",
    "cols": 4,
    "rows": 3,
    "note": "v0 conservative mesh based on alpha bbox; not final Cubism ArtMesh quality"
  },
  "mesh_path": "meshes/L_eye_white.json"
}
