{
  "part_id": "R_arm",
  "vertices": [
    [
      192.0,
      1327.0
    ],
    [
      343.25,
      1327.0
    ],
    [
      494.5,
      1327.0
    ],
    [
      645.75,
      1327.0
    ],
    [
      797.0,
      1327.0
    ],
    [
      192.0,
      1507.25
    ],
    [
      343.25,
      1507.25
    ],
    [
      494.5,
      1507.25
    ],
    [
      645.75,
      1507.25
    ],
    [
      797.0,
      1507.25
    ],
    [
      192.0,
      1687.5
    ],
    [
      343.25,
      1687.5
    ],
    [
      494.5,
      1687.5
    ],
    [
      645.75,
      1687.5
    ],
    [
      797.0,
      1687.5
    ],
    [
      192.0,
      1867.75
    ],
    [
      343.25,
      1867.75
    ],
    [
      494.5,
      1867.75
    ],
    [
      645.75,
      1867.75
    ],
    [
      797.0,
      1867.75
    ],
    [
      192.0,
      2048.0
    ],
    [
      343.25,
      2048.0
    ],
    [
      494.5,
      2048.0
    ],
    [
      645.75,
      2048.0
    ],
    [
      797.0,
      2048.0
    ]
  ],
  "triangles": [
    [
      0,
      5,
      1
    ],
    [
      1,
      5,
      6
    ],
    [
      1,
      6,
      2
    ],
    [
      2,
      6,
      7
    ],
    [
      2,
      7,
      3
    ],
    [
      3,
      7,
      8
    ],
    [
      3,
      8,
      4
    ],
    [
      4,
      8,
      9
    ],
    [
      5,
      10,
      6
    ],
    [
      6,
      10,
      11
    ],
    [
      6,
      11,
      7
    ],
    [
      7,
      11,
      12
    ],
    [
      7,
      12,
      8
    ],
    [
      8,
      12,
      13
    ],
    [
      8,
      13,
      9
    ],
    [
      9,
      13,
      14
    ],
    [
      10,
      15,
      11
    ],
    [
      11,
      15,
      16
    ],
    [
      11,
      16,
      12
    ],
    [
      12,
      16,
      17
    ],
    [
      12,
      17,
      13
    ],
    [
      13,
      17,
      18
    ],
    [
      13,
      18,
      14
    ],
    [
      14,
      18,
      19
    ],
    [
      15,
      20,
      16
    ],
    [
      16,
      20,
      21
    ],
    [
      16,
      21,
      17
    ],
    [
      17,
      21,
      22
    ],
    [
      17,
      22,
      18
    ],
    [
      18,
      22,
      23
    ],
    [
      18,
      23,
      19
    ],
    [
      19,
      23,
      24
    ]
  ],
  "uvs": [
    [
      0.09375,
      0.647949
    ],
    [
      0.167603,
      0.647949
    ],
    [
      0.241455,
      0.647949
    ],
    [
      0.315308,
      0.647949
    ],
    [
      0.38916,
      0.647949
    ],
    [
      0.09375,
      0.735962
    ],
    [
      0.167603,
      0.735962
    ],
    [
      0.241455,
      0.735962
    ],
    [
      0.315308,
      0.735962
    ],
    [
      0.38916,
      0.735962
    ],
    [
      0.09375,
      0.823975
    ],
    [
      0.167603,
      0.823975
    ],
    [
      0.241455,
      0.823975
    ],
    [
      0.315308,
      0.823975
    ],
    [
      0.38916,
      0.823975
    ],
    [
      0.09375,
      0.911987
    ],
    [
      0.167603,
      0.911987
    ],
    [
      0.241455,
      0.911987
    ],
    [
      0.315308,
      0.911987
    ],
    [
      0.38916,
      0.911987
    ],
    [
      0.09375,
      1.0
    ],
    [
      0.167603,
      1.0
    ],
    [
      0.241455,
      1.0
    ],
    [
      0.315308,
      1.0
    ],
    [
      0.38916,
      1.0
    ]
  ],
  "boundary_vertex_ids": [
    0,
    1,
    2,
    3,
    4,
    5,
    9,
    10,
    14,
    15,
    19,
    20,
    21,
    22,
    23,
    24
  ],
  "mesh_strategy": {
    "kind": "alpha_bbox_grid",
    "cols": 4,
    "rows": 4,
    "note": "v0 conservative mesh based on alpha bbox; not final Cubism ArtMesh quality"
  },
  "mesh_path": "meshes/R_arm.json"
}
