{
  "part_id": "brow_R",
  "vertices": [
    [
      1025.0,
      624.0
    ],
    [
      1075.0,
      624.0
    ],
    [
      1125.0,
      624.0
    ],
    [
      1175.0,
      624.0
    ],
    [
      1225.0,
      624.0
    ],
    [
      1025.0,
      643.333
    ],
    [
      1075.0,
      643.333
    ],
    [
      1125.0,
      643.333
    ],
    [
      1175.0,
      643.333
    ],
    [
      1225.0,
      643.333
    ],
    [
      1025.0,
      662.667
    ],
    [
      1075.0,
      662.667
    ],
    [
      1125.0,
      662.667
    ],
    [
      1175.0,
      662.667
    ],
    [
      1225.0,
      662.667
    ],
    [
      1025.0,
      682.0
    ],
    [
      1075.0,
      682.0
    ],
    [
      1125.0,
      682.0
    ],
    [
      1175.0,
      682.0
    ],
    [
      1225.0,
      682.0
    ]
  ],
  "triangles": [
    [
      0,
      5,
      1
    ],
    [
      1,
      5,
      6
    ],
    [
      1,
      6,
      2
    ],
    [
      2,
      6,
      7
    ],
    [
      2,
      7,
      3
    ],
    [
      3,
      7,
      8
    ],
    [
      3,
      8,
      4
    ],
    [
      4,
      8,
      9
    ],
    [
      5,
      10,
      6
    ],
    [
      6,
      10,
      11
    ],
    [
      6,
      11,
      7
    ],
    [
      7,
      11,
      12
    ],
    [
      7,
      12,
      8
    ],
    [
      8,
      12,
      13
    ],
    [
      8,
      13,
      9
    ],
    [
      9,
      13,
      14
    ],
    [
      10,
      15,
      11
    ],
    [
      11,
      15,
      16
    ],
    [
      11,
      16,
      12
    ],
    [
      12,
      16,
      17
    ],
    [
      12,
      17,
      13
    ],
    [
      13,
      17,
      18
    ],
    [
      13,
      18,
      14
    ],
    [
      14,
      18,
      19
    ]
  ],
  "uvs": [
    [
      0.500488,
      0.304688
    ],
    [
      0.524902,
      0.304688
    ],
    [
      0.549316,
      0.304688
    ],
    [
      0.57373,
      0.304688
    ],
    [
      0.598145,
      0.304688
    ],
    [
      0.500488,
      0.314128
    ],
    [
      0.524902,
      0.314128
    ],
    [
      0.549316,
      0.314128
    ],
    [
      0.57373,
      0.314128
    ],
    [
      0.598145,
      0.314128
    ],
    [
      0.500488,
      0.323568
    ],
    [
      0.524902,
      0.323568
    ],
    [
      0.549316,
      0.323568
    ],
    [
      0.57373,
      0.323568
    ],
    [
      0.598145,
      0.323568
    ],
    [
      0.500488,
      0.333008
    ],
    [
      0.524902,
      0.333008
    ],
    [
      0.549316,
      0.333008
    ],
    [
      0.57373,
      0.333008
    ],
    [
      0.598145,
      0.333008
    ]
  ],
  "boundary_vertex_ids": [
    0,
    1,
    2,
    3,
    4,
    5,
    9,
    10,
    14,
    15,
    16,
    17,
    18,
    19
  ],
  "mesh_strategy": {
    "kind": "material_pack_alpha_bbox_grid",
    "cols": 4,
    "rows": 3,
    "note": "Mini Cubism preview mesh only; not final Cubism ArtMesh quality."
  },
  "mesh_path": "meshes/brow_R.json"
}
