{
  "part_id": "eye_R_underpaint",
  "vertices": [
    [
      1072.0,
      666.0
    ],
    [
      1117.0,
      666.0
    ],
    [
      1162.0,
      666.0
    ],
    [
      1207.0,
      666.0
    ],
    [
      1252.0,
      666.0
    ],
    [
      1072.0,
      707.0
    ],
    [
      1117.0,
      707.0
    ],
    [
      1162.0,
      707.0
    ],
    [
      1207.0,
      707.0
    ],
    [
      1252.0,
      707.0
    ],
    [
      1072.0,
      748.0
    ],
    [
      1117.0,
      748.0
    ],
    [
      1162.0,
      748.0
    ],
    [
      1207.0,
      748.0
    ],
    [
      1252.0,
      748.0
    ],
    [
      1072.0,
      789.0
    ],
    [
      1117.0,
      789.0
    ],
    [
      1162.0,
      789.0
    ],
    [
      1207.0,
      789.0
    ],
    [
      1252.0,
      789.0
    ]
  ],
  "triangles": [
    [
      0,
      5,
      1
    ],
    [
      1,
      5,
      6
    ],
    [
      1,
      6,
      2
    ],
    [
      2,
      6,
      7
    ],
    [
      2,
      7,
      3
    ],
    [
      3,
      7,
      8
    ],
    [
      3,
      8,
      4
    ],
    [
      4,
      8,
      9
    ],
    [
      5,
      10,
      6
    ],
    [
      6,
      10,
      11
    ],
    [
      6,
      11,
      7
    ],
    [
      7,
      11,
      12
    ],
    [
      7,
      12,
      8
    ],
    [
      8,
      12,
      13
    ],
    [
      8,
      13,
      9
    ],
    [
      9,
      13,
      14
    ],
    [
      10,
      15,
      11
    ],
    [
      11,
      15,
      16
    ],
    [
      11,
      16,
      12
    ],
    [
      12,
      16,
      17
    ],
    [
      12,
      17,
      13
    ],
    [
      13,
      17,
      18
    ],
    [
      13,
      18,
      14
    ],
    [
      14,
      18,
      19
    ]
  ],
  "uvs": [
    [
      0.523438,
      0.325195
    ],
    [
      0.54541,
      0.325195
    ],
    [
      0.567383,
      0.325195
    ],
    [
      0.589355,
      0.325195
    ],
    [
      0.611328,
      0.325195
    ],
    [
      0.523438,
      0.345215
    ],
    [
      0.54541,
      0.345215
    ],
    [
      0.567383,
      0.345215
    ],
    [
      0.589355,
      0.345215
    ],
    [
      0.611328,
      0.345215
    ],
    [
      0.523438,
      0.365234
    ],
    [
      0.54541,
      0.365234
    ],
    [
      0.567383,
      0.365234
    ],
    [
      0.589355,
      0.365234
    ],
    [
      0.611328,
      0.365234
    ],
    [
      0.523438,
      0.385254
    ],
    [
      0.54541,
      0.385254
    ],
    [
      0.567383,
      0.385254
    ],
    [
      0.589355,
      0.385254
    ],
    [
      0.611328,
      0.385254
    ]
  ],
  "boundary_vertex_ids": [
    0,
    1,
    2,
    3,
    4,
    5,
    9,
    10,
    14,
    15,
    16,
    17,
    18,
    19
  ],
  "mesh_strategy": {
    "kind": "material_pack_alpha_bbox_grid",
    "cols": 4,
    "rows": 3,
    "note": "Mini Cubism preview mesh only; not final Cubism ArtMesh quality."
  },
  "mesh_path": "meshes/eye_R_underpaint.json"
}
