{
  "part_id": "eye_L_upper_lash",
  "vertices": [
    [
      820.0,
      669.0
    ],
    [
      865.0,
      669.0
    ],
    [
      910.0,
      669.0
    ],
    [
      955.0,
      669.0
    ],
    [
      1000.0,
      669.0
    ],
    [
      820.0,
      689.667
    ],
    [
      865.0,
      689.667
    ],
    [
      910.0,
      689.667
    ],
    [
      955.0,
      689.667
    ],
    [
      1000.0,
      689.667
    ],
    [
      820.0,
      710.333
    ],
    [
      865.0,
      710.333
    ],
    [
      910.0,
      710.333
    ],
    [
      955.0,
      710.333
    ],
    [
      1000.0,
      710.333
    ],
    [
      820.0,
      731.0
    ],
    [
      865.0,
      731.0
    ],
    [
      910.0,
      731.0
    ],
    [
      955.0,
      731.0
    ],
    [
      1000.0,
      731.0
    ]
  ],
  "triangles": [
    [
      0,
      5,
      1
    ],
    [
      1,
      5,
      6
    ],
    [
      1,
      6,
      2
    ],
    [
      2,
      6,
      7
    ],
    [
      2,
      7,
      3
    ],
    [
      3,
      7,
      8
    ],
    [
      3,
      8,
      4
    ],
    [
      4,
      8,
      9
    ],
    [
      5,
      10,
      6
    ],
    [
      6,
      10,
      11
    ],
    [
      6,
      11,
      7
    ],
    [
      7,
      11,
      12
    ],
    [
      7,
      12,
      8
    ],
    [
      8,
      12,
      13
    ],
    [
      8,
      13,
      9
    ],
    [
      9,
      13,
      14
    ],
    [
      10,
      15,
      11
    ],
    [
      11,
      15,
      16
    ],
    [
      11,
      16,
      12
    ],
    [
      12,
      16,
      17
    ],
    [
      12,
      17,
      13
    ],
    [
      13,
      17,
      18
    ],
    [
      13,
      18,
      14
    ],
    [
      14,
      18,
      19
    ]
  ],
  "uvs": [
    [
      0.400391,
      0.32666
    ],
    [
      0.422363,
      0.32666
    ],
    [
      0.444336,
      0.32666
    ],
    [
      0.466309,
      0.32666
    ],
    [
      0.488281,
      0.32666
    ],
    [
      0.400391,
      0.336751
    ],
    [
      0.422363,
      0.336751
    ],
    [
      0.444336,
      0.336751
    ],
    [
      0.466309,
      0.336751
    ],
    [
      0.488281,
      0.336751
    ],
    [
      0.400391,
      0.346842
    ],
    [
      0.422363,
      0.346842
    ],
    [
      0.444336,
      0.346842
    ],
    [
      0.466309,
      0.346842
    ],
    [
      0.488281,
      0.346842
    ],
    [
      0.400391,
      0.356934
    ],
    [
      0.422363,
      0.356934
    ],
    [
      0.444336,
      0.356934
    ],
    [
      0.466309,
      0.356934
    ],
    [
      0.488281,
      0.356934
    ]
  ],
  "boundary_vertex_ids": [
    0,
    1,
    2,
    3,
    4,
    5,
    9,
    10,
    14,
    15,
    16,
    17,
    18,
    19
  ],
  "mesh_strategy": {
    "kind": "material_pack_alpha_bbox_grid",
    "cols": 4,
    "rows": 3,
    "note": "Mini Cubism preview mesh only; not final Cubism ArtMesh quality."
  },
  "mesh_path": "meshes/eye_L_upper_lash.json"
}
