{
  "part_id": "mouth_upper_lip_mask",
  "vertices": [
    [
      971.0,
      970.0
    ],
    [
      1001.5,
      970.0
    ],
    [
      1032.0,
      970.0
    ],
    [
      1062.5,
      970.0
    ],
    [
      1093.0,
      970.0
    ],
    [
      971.0,
      980.667
    ],
    [
      1001.5,
      980.667
    ],
    [
      1032.0,
      980.667
    ],
    [
      1062.5,
      980.667
    ],
    [
      1093.0,
      980.667
    ],
    [
      971.0,
      991.333
    ],
    [
      1001.5,
      991.333
    ],
    [
      1032.0,
      991.333
    ],
    [
      1062.5,
      991.333
    ],
    [
      1093.0,
      991.333
    ],
    [
      971.0,
      1002.0
    ],
    [
      1001.5,
      1002.0
    ],
    [
      1032.0,
      1002.0
    ],
    [
      1062.5,
      1002.0
    ],
    [
      1093.0,
      1002.0
    ]
  ],
  "triangles": [
    [
      0,
      5,
      1
    ],
    [
      1,
      5,
      6
    ],
    [
      1,
      6,
      2
    ],
    [
      2,
      6,
      7
    ],
    [
      2,
      7,
      3
    ],
    [
      3,
      7,
      8
    ],
    [
      3,
      8,
      4
    ],
    [
      4,
      8,
      9
    ],
    [
      5,
      10,
      6
    ],
    [
      6,
      10,
      11
    ],
    [
      6,
      11,
      7
    ],
    [
      7,
      11,
      12
    ],
    [
      7,
      12,
      8
    ],
    [
      8,
      12,
      13
    ],
    [
      8,
      13,
      9
    ],
    [
      9,
      13,
      14
    ],
    [
      10,
      15,
      11
    ],
    [
      11,
      15,
      16
    ],
    [
      11,
      16,
      12
    ],
    [
      12,
      16,
      17
    ],
    [
      12,
      17,
      13
    ],
    [
      13,
      17,
      18
    ],
    [
      13,
      18,
      14
    ],
    [
      14,
      18,
      19
    ]
  ],
  "uvs": [
    [
      0.474121,
      0.473633
    ],
    [
      0.489014,
      0.473633
    ],
    [
      0.503906,
      0.473633
    ],
    [
      0.518799,
      0.473633
    ],
    [
      0.533691,
      0.473633
    ],
    [
      0.474121,
      0.478841
    ],
    [
      0.489014,
      0.478841
    ],
    [
      0.503906,
      0.478841
    ],
    [
      0.518799,
      0.478841
    ],
    [
      0.533691,
      0.478841
    ],
    [
      0.474121,
      0.484049
    ],
    [
      0.489014,
      0.484049
    ],
    [
      0.503906,
      0.484049
    ],
    [
      0.518799,
      0.484049
    ],
    [
      0.533691,
      0.484049
    ],
    [
      0.474121,
      0.489258
    ],
    [
      0.489014,
      0.489258
    ],
    [
      0.503906,
      0.489258
    ],
    [
      0.518799,
      0.489258
    ],
    [
      0.533691,
      0.489258
    ]
  ],
  "boundary_vertex_ids": [
    0,
    1,
    2,
    3,
    4,
    5,
    9,
    10,
    14,
    15,
    16,
    17,
    18,
    19
  ],
  "mesh_strategy": {
    "kind": "material_pack_alpha_bbox_grid",
    "cols": 4,
    "rows": 3,
    "note": "Mini Cubism preview mesh only; not final Cubism ArtMesh quality."
  },
  "mesh_path": "meshes/mouth_upper_lip_mask.json"
}
