{
  "part_id": "eye_L_pupil",
  "vertices": [
    [
      936.0,
      847.0
    ],
    [
      945.0,
      847.0
    ],
    [
      954.0,
      847.0
    ],
    [
      963.0,
      847.0
    ],
    [
      972.0,
      847.0
    ],
    [
      936.0,
      854.667
    ],
    [
      945.0,
      854.667
    ],
    [
      954.0,
      854.667
    ],
    [
      963.0,
      854.667
    ],
    [
      972.0,
      854.667
    ],
    [
      936.0,
      862.333
    ],
    [
      945.0,
      862.333
    ],
    [
      954.0,
      862.333
    ],
    [
      963.0,
      862.333
    ],
    [
      972.0,
      862.333
    ],
    [
      936.0,
      870.0
    ],
    [
      945.0,
      870.0
    ],
    [
      954.0,
      870.0
    ],
    [
      963.0,
      870.0
    ],
    [
      972.0,
      870.0
    ]
  ],
  "triangles": [
    [
      0,
      5,
      1
    ],
    [
      1,
      5,
      6
    ],
    [
      1,
      6,
      2
    ],
    [
      2,
      6,
      7
    ],
    [
      2,
      7,
      3
    ],
    [
      3,
      7,
      8
    ],
    [
      3,
      8,
      4
    ],
    [
      4,
      8,
      9
    ],
    [
      5,
      10,
      6
    ],
    [
      6,
      10,
      11
    ],
    [
      6,
      11,
      7
    ],
    [
      7,
      11,
      12
    ],
    [
      7,
      12,
      8
    ],
    [
      8,
      12,
      13
    ],
    [
      8,
      13,
      9
    ],
    [
      9,
      13,
      14
    ],
    [
      10,
      15,
      11
    ],
    [
      11,
      15,
      16
    ],
    [
      11,
      16,
      12
    ],
    [
      12,
      16,
      17
    ],
    [
      12,
      17,
      13
    ],
    [
      13,
      17,
      18
    ],
    [
      13,
      18,
      14
    ],
    [
      14,
      18,
      19
    ]
  ],
  "uvs": [
    [
      0.457031,
      0.413574
    ],
    [
      0.461426,
      0.413574
    ],
    [
      0.46582,
      0.413574
    ],
    [
      0.470215,
      0.413574
    ],
    [
      0.474609,
      0.413574
    ],
    [
      0.457031,
      0.417318
    ],
    [
      0.461426,
      0.417318
    ],
    [
      0.46582,
      0.417318
    ],
    [
      0.470215,
      0.417318
    ],
    [
      0.474609,
      0.417318
    ],
    [
      0.457031,
      0.421061
    ],
    [
      0.461426,
      0.421061
    ],
    [
      0.46582,
      0.421061
    ],
    [
      0.470215,
      0.421061
    ],
    [
      0.474609,
      0.421061
    ],
    [
      0.457031,
      0.424805
    ],
    [
      0.461426,
      0.424805
    ],
    [
      0.46582,
      0.424805
    ],
    [
      0.470215,
      0.424805
    ],
    [
      0.474609,
      0.424805
    ]
  ],
  "boundary_vertex_ids": [
    0,
    1,
    2,
    3,
    4,
    5,
    9,
    10,
    14,
    15,
    16,
    17,
    18,
    19
  ],
  "mesh_strategy": {
    "kind": "material_pack_alpha_bbox_grid",
    "cols": 4,
    "rows": 3,
    "note": "Mini Cubism preview mesh only; not final Cubism ArtMesh quality."
  },
  "mesh_path": "meshes/eye_L_pupil.json"
}
