{
  "part_id": "eye_R_iris",
  "vertices": [
    [
      1131.0,
      820.0
    ],
    [
      1149.0,
      820.0
    ],
    [
      1167.0,
      820.0
    ],
    [
      1185.0,
      820.0
    ],
    [
      1203.0,
      820.0
    ],
    [
      1131.0,
      845.0
    ],
    [
      1149.0,
      845.0
    ],
    [
      1167.0,
      845.0
    ],
    [
      1185.0,
      845.0
    ],
    [
      1203.0,
      845.0
    ],
    [
      1131.0,
      870.0
    ],
    [
      1149.0,
      870.0
    ],
    [
      1167.0,
      870.0
    ],
    [
      1185.0,
      870.0
    ],
    [
      1203.0,
      870.0
    ],
    [
      1131.0,
      895.0
    ],
    [
      1149.0,
      895.0
    ],
    [
      1167.0,
      895.0
    ],
    [
      1185.0,
      895.0
    ],
    [
      1203.0,
      895.0
    ]
  ],
  "triangles": [
    [
      0,
      5,
      1
    ],
    [
      1,
      5,
      6
    ],
    [
      1,
      6,
      2
    ],
    [
      2,
      6,
      7
    ],
    [
      2,
      7,
      3
    ],
    [
      3,
      7,
      8
    ],
    [
      3,
      8,
      4
    ],
    [
      4,
      8,
      9
    ],
    [
      5,
      10,
      6
    ],
    [
      6,
      10,
      11
    ],
    [
      6,
      11,
      7
    ],
    [
      7,
      11,
      12
    ],
    [
      7,
      12,
      8
    ],
    [
      8,
      12,
      13
    ],
    [
      8,
      13,
      9
    ],
    [
      9,
      13,
      14
    ],
    [
      10,
      15,
      11
    ],
    [
      11,
      15,
      16
    ],
    [
      11,
      16,
      12
    ],
    [
      12,
      16,
      17
    ],
    [
      12,
      17,
      13
    ],
    [
      13,
      17,
      18
    ],
    [
      13,
      18,
      14
    ],
    [
      14,
      18,
      19
    ]
  ],
  "uvs": [
    [
      0.552246,
      0.400391
    ],
    [
      0.561035,
      0.400391
    ],
    [
      0.569824,
      0.400391
    ],
    [
      0.578613,
      0.400391
    ],
    [
      0.587402,
      0.400391
    ],
    [
      0.552246,
      0.412598
    ],
    [
      0.561035,
      0.412598
    ],
    [
      0.569824,
      0.412598
    ],
    [
      0.578613,
      0.412598
    ],
    [
      0.587402,
      0.412598
    ],
    [
      0.552246,
      0.424805
    ],
    [
      0.561035,
      0.424805
    ],
    [
      0.569824,
      0.424805
    ],
    [
      0.578613,
      0.424805
    ],
    [
      0.587402,
      0.424805
    ],
    [
      0.552246,
      0.437012
    ],
    [
      0.561035,
      0.437012
    ],
    [
      0.569824,
      0.437012
    ],
    [
      0.578613,
      0.437012
    ],
    [
      0.587402,
      0.437012
    ]
  ],
  "boundary_vertex_ids": [
    0,
    1,
    2,
    3,
    4,
    5,
    9,
    10,
    14,
    15,
    16,
    17,
    18,
    19
  ],
  "mesh_strategy": {
    "kind": "material_pack_alpha_bbox_grid",
    "cols": 4,
    "rows": 3,
    "note": "Mini Cubism preview mesh only; not final Cubism ArtMesh quality."
  },
  "mesh_path": "meshes/eye_R_iris.json"
}
