{
  "part_id": "eye_L_lower_lash",
  "vertices": [
    [
      871.0,
      870.0
    ],
    [
      906.0,
      870.0
    ],
    [
      941.0,
      870.0
    ],
    [
      976.0,
      870.0
    ],
    [
      1011.0,
      870.0
    ],
    [
      871.0,
      885.0
    ],
    [
      906.0,
      885.0
    ],
    [
      941.0,
      885.0
    ],
    [
      976.0,
      885.0
    ],
    [
      1011.0,
      885.0
    ],
    [
      871.0,
      900.0
    ],
    [
      906.0,
      900.0
    ],
    [
      941.0,
      900.0
    ],
    [
      976.0,
      900.0
    ],
    [
      1011.0,
      900.0
    ],
    [
      871.0,
      915.0
    ],
    [
      906.0,
      915.0
    ],
    [
      941.0,
      915.0
    ],
    [
      976.0,
      915.0
    ],
    [
      1011.0,
      915.0
    ]
  ],
  "triangles": [
    [
      0,
      5,
      1
    ],
    [
      1,
      5,
      6
    ],
    [
      1,
      6,
      2
    ],
    [
      2,
      6,
      7
    ],
    [
      2,
      7,
      3
    ],
    [
      3,
      7,
      8
    ],
    [
      3,
      8,
      4
    ],
    [
      4,
      8,
      9
    ],
    [
      5,
      10,
      6
    ],
    [
      6,
      10,
      11
    ],
    [
      6,
      11,
      7
    ],
    [
      7,
      11,
      12
    ],
    [
      7,
      12,
      8
    ],
    [
      8,
      12,
      13
    ],
    [
      8,
      13,
      9
    ],
    [
      9,
      13,
      14
    ],
    [
      10,
      15,
      11
    ],
    [
      11,
      15,
      16
    ],
    [
      11,
      16,
      12
    ],
    [
      12,
      16,
      17
    ],
    [
      12,
      17,
      13
    ],
    [
      13,
      17,
      18
    ],
    [
      13,
      18,
      14
    ],
    [
      14,
      18,
      19
    ]
  ],
  "uvs": [
    [
      0.425293,
      0.424805
    ],
    [
      0.442383,
      0.424805
    ],
    [
      0.459473,
      0.424805
    ],
    [
      0.476562,
      0.424805
    ],
    [
      0.493652,
      0.424805
    ],
    [
      0.425293,
      0.432129
    ],
    [
      0.442383,
      0.432129
    ],
    [
      0.459473,
      0.432129
    ],
    [
      0.476562,
      0.432129
    ],
    [
      0.493652,
      0.432129
    ],
    [
      0.425293,
      0.439453
    ],
    [
      0.442383,
      0.439453
    ],
    [
      0.459473,
      0.439453
    ],
    [
      0.476562,
      0.439453
    ],
    [
      0.493652,
      0.439453
    ],
    [
      0.425293,
      0.446777
    ],
    [
      0.442383,
      0.446777
    ],
    [
      0.459473,
      0.446777
    ],
    [
      0.476562,
      0.446777
    ],
    [
      0.493652,
      0.446777
    ]
  ],
  "boundary_vertex_ids": [
    0,
    1,
    2,
    3,
    4,
    5,
    9,
    10,
    14,
    15,
    16,
    17,
    18,
    19
  ],
  "mesh_strategy": {
    "kind": "material_pack_alpha_bbox_grid",
    "cols": 4,
    "rows": 3,
    "note": "Mini Cubism preview mesh only; not final Cubism ArtMesh quality."
  },
  "mesh_path": "meshes/eye_L_lower_lash.json"
}
