{
  "part_id": "eye_R_underpaint",
  "vertices": [
    [
      1125.0,
      816.0
    ],
    [
      1153.75,
      816.0
    ],
    [
      1182.5,
      816.0
    ],
    [
      1211.25,
      816.0
    ],
    [
      1240.0,
      816.0
    ],
    [
      1125.0,
      840.333
    ],
    [
      1153.75,
      840.333
    ],
    [
      1182.5,
      840.333
    ],
    [
      1211.25,
      840.333
    ],
    [
      1240.0,
      840.333
    ],
    [
      1125.0,
      864.667
    ],
    [
      1153.75,
      864.667
    ],
    [
      1182.5,
      864.667
    ],
    [
      1211.25,
      864.667
    ],
    [
      1240.0,
      864.667
    ],
    [
      1125.0,
      889.0
    ],
    [
      1153.75,
      889.0
    ],
    [
      1182.5,
      889.0
    ],
    [
      1211.25,
      889.0
    ],
    [
      1240.0,
      889.0
    ]
  ],
  "triangles": [
    [
      0,
      5,
      1
    ],
    [
      1,
      5,
      6
    ],
    [
      1,
      6,
      2
    ],
    [
      2,
      6,
      7
    ],
    [
      2,
      7,
      3
    ],
    [
      3,
      7,
      8
    ],
    [
      3,
      8,
      4
    ],
    [
      4,
      8,
      9
    ],
    [
      5,
      10,
      6
    ],
    [
      6,
      10,
      11
    ],
    [
      6,
      11,
      7
    ],
    [
      7,
      11,
      12
    ],
    [
      7,
      12,
      8
    ],
    [
      8,
      12,
      13
    ],
    [
      8,
      13,
      9
    ],
    [
      9,
      13,
      14
    ],
    [
      10,
      15,
      11
    ],
    [
      11,
      15,
      16
    ],
    [
      11,
      16,
      12
    ],
    [
      12,
      16,
      17
    ],
    [
      12,
      17,
      13
    ],
    [
      13,
      17,
      18
    ],
    [
      13,
      18,
      14
    ],
    [
      14,
      18,
      19
    ]
  ],
  "uvs": [
    [
      0.549316,
      0.398438
    ],
    [
      0.563354,
      0.398438
    ],
    [
      0.577393,
      0.398438
    ],
    [
      0.591431,
      0.398438
    ],
    [
      0.605469,
      0.398438
    ],
    [
      0.549316,
      0.410319
    ],
    [
      0.563354,
      0.410319
    ],
    [
      0.577393,
      0.410319
    ],
    [
      0.591431,
      0.410319
    ],
    [
      0.605469,
      0.410319
    ],
    [
      0.549316,
      0.422201
    ],
    [
      0.563354,
      0.422201
    ],
    [
      0.577393,
      0.422201
    ],
    [
      0.591431,
      0.422201
    ],
    [
      0.605469,
      0.422201
    ],
    [
      0.549316,
      0.434082
    ],
    [
      0.563354,
      0.434082
    ],
    [
      0.577393,
      0.434082
    ],
    [
      0.591431,
      0.434082
    ],
    [
      0.605469,
      0.434082
    ]
  ],
  "boundary_vertex_ids": [
    0,
    1,
    2,
    3,
    4,
    5,
    9,
    10,
    14,
    15,
    16,
    17,
    18,
    19
  ],
  "mesh_strategy": {
    "kind": "material_pack_alpha_bbox_grid",
    "cols": 4,
    "rows": 3,
    "note": "Mini Cubism preview mesh only; not final Cubism ArtMesh quality."
  },
  "mesh_path": "meshes/eye_R_underpaint.json"
}
