{
  "part_id": "mouth_corner_R",
  "vertices": [
    [
      1113.0,
      1001.0
    ],
    [
      1116.0,
      1001.0
    ],
    [
      1119.0,
      1001.0
    ],
    [
      1122.0,
      1001.0
    ],
    [
      1125.0,
      1001.0
    ],
    [
      1113.0,
      1011.0
    ],
    [
      1116.0,
      1011.0
    ],
    [
      1119.0,
      1011.0
    ],
    [
      1122.0,
      1011.0
    ],
    [
      1125.0,
      1011.0
    ],
    [
      1113.0,
      1021.0
    ],
    [
      1116.0,
      1021.0
    ],
    [
      1119.0,
      1021.0
    ],
    [
      1122.0,
      1021.0
    ],
    [
      1125.0,
      1021.0
    ],
    [
      1113.0,
      1031.0
    ],
    [
      1116.0,
      1031.0
    ],
    [
      1119.0,
      1031.0
    ],
    [
      1122.0,
      1031.0
    ],
    [
      1125.0,
      1031.0
    ]
  ],
  "triangles": [
    [
      0,
      5,
      1
    ],
    [
      1,
      5,
      6
    ],
    [
      1,
      6,
      2
    ],
    [
      2,
      6,
      7
    ],
    [
      2,
      7,
      3
    ],
    [
      3,
      7,
      8
    ],
    [
      3,
      8,
      4
    ],
    [
      4,
      8,
      9
    ],
    [
      5,
      10,
      6
    ],
    [
      6,
      10,
      11
    ],
    [
      6,
      11,
      7
    ],
    [
      7,
      11,
      12
    ],
    [
      7,
      12,
      8
    ],
    [
      8,
      12,
      13
    ],
    [
      8,
      13,
      9
    ],
    [
      9,
      13,
      14
    ],
    [
      10,
      15,
      11
    ],
    [
      11,
      15,
      16
    ],
    [
      11,
      16,
      12
    ],
    [
      12,
      16,
      17
    ],
    [
      12,
      17,
      13
    ],
    [
      13,
      17,
      18
    ],
    [
      13,
      18,
      14
    ],
    [
      14,
      18,
      19
    ]
  ],
  "uvs": [
    [
      0.543457,
      0.48877
    ],
    [
      0.544922,
      0.48877
    ],
    [
      0.546387,
      0.48877
    ],
    [
      0.547852,
      0.48877
    ],
    [
      0.549316,
      0.48877
    ],
    [
      0.543457,
      0.493652
    ],
    [
      0.544922,
      0.493652
    ],
    [
      0.546387,
      0.493652
    ],
    [
      0.547852,
      0.493652
    ],
    [
      0.549316,
      0.493652
    ],
    [
      0.543457,
      0.498535
    ],
    [
      0.544922,
      0.498535
    ],
    [
      0.546387,
      0.498535
    ],
    [
      0.547852,
      0.498535
    ],
    [
      0.549316,
      0.498535
    ],
    [
      0.543457,
      0.503418
    ],
    [
      0.544922,
      0.503418
    ],
    [
      0.546387,
      0.503418
    ],
    [
      0.547852,
      0.503418
    ],
    [
      0.549316,
      0.503418
    ]
  ],
  "boundary_vertex_ids": [
    0,
    1,
    2,
    3,
    4,
    5,
    9,
    10,
    14,
    15,
    16,
    17,
    18,
    19
  ],
  "mesh_strategy": {
    "kind": "material_pack_alpha_bbox_grid",
    "cols": 4,
    "rows": 3,
    "note": "Mini Cubism preview mesh only; not final Cubism ArtMesh quality."
  },
  "mesh_path": "meshes/mouth_corner_R.json"
}
