{
  "part_id": "eye_R_iris",
  "vertices": [
    [
      1122.0,
      631.0
    ],
    [
      1144.75,
      631.0
    ],
    [
      1167.5,
      631.0
    ],
    [
      1190.25,
      631.0
    ],
    [
      1213.0,
      631.0
    ],
    [
      1122.0,
      656.333
    ],
    [
      1144.75,
      656.333
    ],
    [
      1167.5,
      656.333
    ],
    [
      1190.25,
      656.333
    ],
    [
      1213.0,
      656.333
    ],
    [
      1122.0,
      681.667
    ],
    [
      1144.75,
      681.667
    ],
    [
      1167.5,
      681.667
    ],
    [
      1190.25,
      681.667
    ],
    [
      1213.0,
      681.667
    ],
    [
      1122.0,
      707.0
    ],
    [
      1144.75,
      707.0
    ],
    [
      1167.5,
      707.0
    ],
    [
      1190.25,
      707.0
    ],
    [
      1213.0,
      707.0
    ]
  ],
  "triangles": [
    [
      0,
      5,
      1
    ],
    [
      1,
      5,
      6
    ],
    [
      1,
      6,
      2
    ],
    [
      2,
      6,
      7
    ],
    [
      2,
      7,
      3
    ],
    [
      3,
      7,
      8
    ],
    [
      3,
      8,
      4
    ],
    [
      4,
      8,
      9
    ],
    [
      5,
      10,
      6
    ],
    [
      6,
      10,
      11
    ],
    [
      6,
      11,
      7
    ],
    [
      7,
      11,
      12
    ],
    [
      7,
      12,
      8
    ],
    [
      8,
      12,
      13
    ],
    [
      8,
      13,
      9
    ],
    [
      9,
      13,
      14
    ],
    [
      10,
      15,
      11
    ],
    [
      11,
      15,
      16
    ],
    [
      11,
      16,
      12
    ],
    [
      12,
      16,
      17
    ],
    [
      12,
      17,
      13
    ],
    [
      13,
      17,
      18
    ],
    [
      13,
      18,
      14
    ],
    [
      14,
      18,
      19
    ]
  ],
  "uvs": [
    [
      0.547852,
      0.308105
    ],
    [
      0.55896,
      0.308105
    ],
    [
      0.570068,
      0.308105
    ],
    [
      0.581177,
      0.308105
    ],
    [
      0.592285,
      0.308105
    ],
    [
      0.547852,
      0.320475
    ],
    [
      0.55896,
      0.320475
    ],
    [
      0.570068,
      0.320475
    ],
    [
      0.581177,
      0.320475
    ],
    [
      0.592285,
      0.320475
    ],
    [
      0.547852,
      0.332845
    ],
    [
      0.55896,
      0.332845
    ],
    [
      0.570068,
      0.332845
    ],
    [
      0.581177,
      0.332845
    ],
    [
      0.592285,
      0.332845
    ],
    [
      0.547852,
      0.345215
    ],
    [
      0.55896,
      0.345215
    ],
    [
      0.570068,
      0.345215
    ],
    [
      0.581177,
      0.345215
    ],
    [
      0.592285,
      0.345215
    ]
  ],
  "mesh_path": "meshes/eye_R_iris.json"
}
