{
  "part_id": "eye_R_pupil",
  "vertices": [
    [
      1120.0,
      629.0
    ],
    [
      1143.5,
      629.0
    ],
    [
      1167.0,
      629.0
    ],
    [
      1190.5,
      629.0
    ],
    [
      1214.0,
      629.0
    ],
    [
      1120.0,
      655.0
    ],
    [
      1143.5,
      655.0
    ],
    [
      1167.0,
      655.0
    ],
    [
      1190.5,
      655.0
    ],
    [
      1214.0,
      655.0
    ],
    [
      1120.0,
      681.0
    ],
    [
      1143.5,
      681.0
    ],
    [
      1167.0,
      681.0
    ],
    [
      1190.5,
      681.0
    ],
    [
      1214.0,
      681.0
    ],
    [
      1120.0,
      707.0
    ],
    [
      1143.5,
      707.0
    ],
    [
      1167.0,
      707.0
    ],
    [
      1190.5,
      707.0
    ],
    [
      1214.0,
      707.0
    ]
  ],
  "triangles": [
    [
      0,
      5,
      1
    ],
    [
      1,
      5,
      6
    ],
    [
      1,
      6,
      2
    ],
    [
      2,
      6,
      7
    ],
    [
      2,
      7,
      3
    ],
    [
      3,
      7,
      8
    ],
    [
      3,
      8,
      4
    ],
    [
      4,
      8,
      9
    ],
    [
      5,
      10,
      6
    ],
    [
      6,
      10,
      11
    ],
    [
      6,
      11,
      7
    ],
    [
      7,
      11,
      12
    ],
    [
      7,
      12,
      8
    ],
    [
      8,
      12,
      13
    ],
    [
      8,
      13,
      9
    ],
    [
      9,
      13,
      14
    ],
    [
      10,
      15,
      11
    ],
    [
      11,
      15,
      16
    ],
    [
      11,
      16,
      12
    ],
    [
      12,
      16,
      17
    ],
    [
      12,
      17,
      13
    ],
    [
      13,
      17,
      18
    ],
    [
      13,
      18,
      14
    ],
    [
      14,
      18,
      19
    ]
  ],
  "uvs": [
    [
      0.546875,
      0.307129
    ],
    [
      0.55835,
      0.307129
    ],
    [
      0.569824,
      0.307129
    ],
    [
      0.581299,
      0.307129
    ],
    [
      0.592773,
      0.307129
    ],
    [
      0.546875,
      0.319824
    ],
    [
      0.55835,
      0.319824
    ],
    [
      0.569824,
      0.319824
    ],
    [
      0.581299,
      0.319824
    ],
    [
      0.592773,
      0.319824
    ],
    [
      0.546875,
      0.33252
    ],
    [
      0.55835,
      0.33252
    ],
    [
      0.569824,
      0.33252
    ],
    [
      0.581299,
      0.33252
    ],
    [
      0.592773,
      0.33252
    ],
    [
      0.546875,
      0.345215
    ],
    [
      0.55835,
      0.345215
    ],
    [
      0.569824,
      0.345215
    ],
    [
      0.581299,
      0.345215
    ],
    [
      0.592773,
      0.345215
    ]
  ],
  "mesh_path": "meshes/eye_R_pupil.json"
}
