{
  "part_id": "eye_R_white",
  "vertices": [
    [
      1075.0,
      619.0
    ],
    [
      1122.75,
      619.0
    ],
    [
      1170.5,
      619.0
    ],
    [
      1218.25,
      619.0
    ],
    [
      1266.0,
      619.0
    ],
    [
      1075.0,
      652.333
    ],
    [
      1122.75,
      652.333
    ],
    [
      1170.5,
      652.333
    ],
    [
      1218.25,
      652.333
    ],
    [
      1266.0,
      652.333
    ],
    [
      1075.0,
      685.667
    ],
    [
      1122.75,
      685.667
    ],
    [
      1170.5,
      685.667
    ],
    [
      1218.25,
      685.667
    ],
    [
      1266.0,
      685.667
    ],
    [
      1075.0,
      719.0
    ],
    [
      1122.75,
      719.0
    ],
    [
      1170.5,
      719.0
    ],
    [
      1218.25,
      719.0
    ],
    [
      1266.0,
      719.0
    ]
  ],
  "triangles": [
    [
      0,
      5,
      1
    ],
    [
      1,
      5,
      6
    ],
    [
      1,
      6,
      2
    ],
    [
      2,
      6,
      7
    ],
    [
      2,
      7,
      3
    ],
    [
      3,
      7,
      8
    ],
    [
      3,
      8,
      4
    ],
    [
      4,
      8,
      9
    ],
    [
      5,
      10,
      6
    ],
    [
      6,
      10,
      11
    ],
    [
      6,
      11,
      7
    ],
    [
      7,
      11,
      12
    ],
    [
      7,
      12,
      8
    ],
    [
      8,
      12,
      13
    ],
    [
      8,
      13,
      9
    ],
    [
      9,
      13,
      14
    ],
    [
      10,
      15,
      11
    ],
    [
      11,
      15,
      16
    ],
    [
      11,
      16,
      12
    ],
    [
      12,
      16,
      17
    ],
    [
      12,
      17,
      13
    ],
    [
      13,
      17,
      18
    ],
    [
      13,
      18,
      14
    ],
    [
      14,
      18,
      19
    ]
  ],
  "uvs": [
    [
      0.524902,
      0.302246
    ],
    [
      0.548218,
      0.302246
    ],
    [
      0.571533,
      0.302246
    ],
    [
      0.594849,
      0.302246
    ],
    [
      0.618164,
      0.302246
    ],
    [
      0.524902,
      0.318522
    ],
    [
      0.548218,
      0.318522
    ],
    [
      0.571533,
      0.318522
    ],
    [
      0.594849,
      0.318522
    ],
    [
      0.618164,
      0.318522
    ],
    [
      0.524902,
      0.334798
    ],
    [
      0.548218,
      0.334798
    ],
    [
      0.571533,
      0.334798
    ],
    [
      0.594849,
      0.334798
    ],
    [
      0.618164,
      0.334798
    ],
    [
      0.524902,
      0.351074
    ],
    [
      0.548218,
      0.351074
    ],
    [
      0.571533,
      0.351074
    ],
    [
      0.594849,
      0.351074
    ],
    [
      0.618164,
      0.351074
    ]
  ],
  "mesh_path": "meshes/eye_R_white.json"
}
