{
  "part_id": "eye_L_highlight",
  "vertices": [
    [
      840.0,
      630.0
    ],
    [
      857.75,
      630.0
    ],
    [
      875.5,
      630.0
    ],
    [
      893.25,
      630.0
    ],
    [
      911.0,
      630.0
    ],
    [
      840.0,
      655.333
    ],
    [
      857.75,
      655.333
    ],
    [
      875.5,
      655.333
    ],
    [
      893.25,
      655.333
    ],
    [
      911.0,
      655.333
    ],
    [
      840.0,
      680.667
    ],
    [
      857.75,
      680.667
    ],
    [
      875.5,
      680.667
    ],
    [
      893.25,
      680.667
    ],
    [
      911.0,
      680.667
    ],
    [
      840.0,
      706.0
    ],
    [
      857.75,
      706.0
    ],
    [
      875.5,
      706.0
    ],
    [
      893.25,
      706.0
    ],
    [
      911.0,
      706.0
    ]
  ],
  "triangles": [
    [
      0,
      5,
      1
    ],
    [
      1,
      5,
      6
    ],
    [
      1,
      6,
      2
    ],
    [
      2,
      6,
      7
    ],
    [
      2,
      7,
      3
    ],
    [
      3,
      7,
      8
    ],
    [
      3,
      8,
      4
    ],
    [
      4,
      8,
      9
    ],
    [
      5,
      10,
      6
    ],
    [
      6,
      10,
      11
    ],
    [
      6,
      11,
      7
    ],
    [
      7,
      11,
      12
    ],
    [
      7,
      12,
      8
    ],
    [
      8,
      12,
      13
    ],
    [
      8,
      13,
      9
    ],
    [
      9,
      13,
      14
    ],
    [
      10,
      15,
      11
    ],
    [
      11,
      15,
      16
    ],
    [
      11,
      16,
      12
    ],
    [
      12,
      16,
      17
    ],
    [
      12,
      17,
      13
    ],
    [
      13,
      17,
      18
    ],
    [
      13,
      18,
      14
    ],
    [
      14,
      18,
      19
    ]
  ],
  "uvs": [
    [
      0.410156,
      0.307617
    ],
    [
      0.418823,
      0.307617
    ],
    [
      0.42749,
      0.307617
    ],
    [
      0.436157,
      0.307617
    ],
    [
      0.444824,
      0.307617
    ],
    [
      0.410156,
      0.319987
    ],
    [
      0.418823,
      0.319987
    ],
    [
      0.42749,
      0.319987
    ],
    [
      0.436157,
      0.319987
    ],
    [
      0.444824,
      0.319987
    ],
    [
      0.410156,
      0.332357
    ],
    [
      0.418823,
      0.332357
    ],
    [
      0.42749,
      0.332357
    ],
    [
      0.436157,
      0.332357
    ],
    [
      0.444824,
      0.332357
    ],
    [
      0.410156,
      0.344727
    ],
    [
      0.418823,
      0.344727
    ],
    [
      0.42749,
      0.344727
    ],
    [
      0.436157,
      0.344727
    ],
    [
      0.444824,
      0.344727
    ]
  ],
  "mesh_path": "meshes/eye_L_highlight.json"
}
