{
  "part_id": "eye_L_iris",
  "vertices": [
    [
      840.0,
      631.0
    ],
    [
      862.5,
      631.0
    ],
    [
      885.0,
      631.0
    ],
    [
      907.5,
      631.0
    ],
    [
      930.0,
      631.0
    ],
    [
      840.0,
      656.333
    ],
    [
      862.5,
      656.333
    ],
    [
      885.0,
      656.333
    ],
    [
      907.5,
      656.333
    ],
    [
      930.0,
      656.333
    ],
    [
      840.0,
      681.667
    ],
    [
      862.5,
      681.667
    ],
    [
      885.0,
      681.667
    ],
    [
      907.5,
      681.667
    ],
    [
      930.0,
      681.667
    ],
    [
      840.0,
      707.0
    ],
    [
      862.5,
      707.0
    ],
    [
      885.0,
      707.0
    ],
    [
      907.5,
      707.0
    ],
    [
      930.0,
      707.0
    ]
  ],
  "triangles": [
    [
      0,
      5,
      1
    ],
    [
      1,
      5,
      6
    ],
    [
      1,
      6,
      2
    ],
    [
      2,
      6,
      7
    ],
    [
      2,
      7,
      3
    ],
    [
      3,
      7,
      8
    ],
    [
      3,
      8,
      4
    ],
    [
      4,
      8,
      9
    ],
    [
      5,
      10,
      6
    ],
    [
      6,
      10,
      11
    ],
    [
      6,
      11,
      7
    ],
    [
      7,
      11,
      12
    ],
    [
      7,
      12,
      8
    ],
    [
      8,
      12,
      13
    ],
    [
      8,
      13,
      9
    ],
    [
      9,
      13,
      14
    ],
    [
      10,
      15,
      11
    ],
    [
      11,
      15,
      16
    ],
    [
      11,
      16,
      12
    ],
    [
      12,
      16,
      17
    ],
    [
      12,
      17,
      13
    ],
    [
      13,
      17,
      18
    ],
    [
      13,
      18,
      14
    ],
    [
      14,
      18,
      19
    ]
  ],
  "uvs": [
    [
      0.410156,
      0.308105
    ],
    [
      0.421143,
      0.308105
    ],
    [
      0.432129,
      0.308105
    ],
    [
      0.443115,
      0.308105
    ],
    [
      0.454102,
      0.308105
    ],
    [
      0.410156,
      0.320475
    ],
    [
      0.421143,
      0.320475
    ],
    [
      0.432129,
      0.320475
    ],
    [
      0.443115,
      0.320475
    ],
    [
      0.454102,
      0.320475
    ],
    [
      0.410156,
      0.332845
    ],
    [
      0.421143,
      0.332845
    ],
    [
      0.432129,
      0.332845
    ],
    [
      0.443115,
      0.332845
    ],
    [
      0.454102,
      0.332845
    ],
    [
      0.410156,
      0.345215
    ],
    [
      0.421143,
      0.345215
    ],
    [
      0.432129,
      0.345215
    ],
    [
      0.443115,
      0.345215
    ],
    [
      0.454102,
      0.345215
    ]
  ],
  "mesh_path": "meshes/eye_L_iris.json"
}
