{
  "part_id": "eye_L_pupil",
  "vertices": [
    [
      838.0,
      631.0
    ],
    [
      861.5,
      631.0
    ],
    [
      885.0,
      631.0
    ],
    [
      908.5,
      631.0
    ],
    [
      932.0,
      631.0
    ],
    [
      838.0,
      655.667
    ],
    [
      861.5,
      655.667
    ],
    [
      885.0,
      655.667
    ],
    [
      908.5,
      655.667
    ],
    [
      932.0,
      655.667
    ],
    [
      838.0,
      680.333
    ],
    [
      861.5,
      680.333
    ],
    [
      885.0,
      680.333
    ],
    [
      908.5,
      680.333
    ],
    [
      932.0,
      680.333
    ],
    [
      838.0,
      705.0
    ],
    [
      861.5,
      705.0
    ],
    [
      885.0,
      705.0
    ],
    [
      908.5,
      705.0
    ],
    [
      932.0,
      705.0
    ]
  ],
  "triangles": [
    [
      0,
      5,
      1
    ],
    [
      1,
      5,
      6
    ],
    [
      1,
      6,
      2
    ],
    [
      2,
      6,
      7
    ],
    [
      2,
      7,
      3
    ],
    [
      3,
      7,
      8
    ],
    [
      3,
      8,
      4
    ],
    [
      4,
      8,
      9
    ],
    [
      5,
      10,
      6
    ],
    [
      6,
      10,
      11
    ],
    [
      6,
      11,
      7
    ],
    [
      7,
      11,
      12
    ],
    [
      7,
      12,
      8
    ],
    [
      8,
      12,
      13
    ],
    [
      8,
      13,
      9
    ],
    [
      9,
      13,
      14
    ],
    [
      10,
      15,
      11
    ],
    [
      11,
      15,
      16
    ],
    [
      11,
      16,
      12
    ],
    [
      12,
      16,
      17
    ],
    [
      12,
      17,
      13
    ],
    [
      13,
      17,
      18
    ],
    [
      13,
      18,
      14
    ],
    [
      14,
      18,
      19
    ]
  ],
  "uvs": [
    [
      0.40918,
      0.308105
    ],
    [
      0.420654,
      0.308105
    ],
    [
      0.432129,
      0.308105
    ],
    [
      0.443604,
      0.308105
    ],
    [
      0.455078,
      0.308105
    ],
    [
      0.40918,
      0.32015
    ],
    [
      0.420654,
      0.32015
    ],
    [
      0.432129,
      0.32015
    ],
    [
      0.443604,
      0.32015
    ],
    [
      0.455078,
      0.32015
    ],
    [
      0.40918,
      0.332194
    ],
    [
      0.420654,
      0.332194
    ],
    [
      0.432129,
      0.332194
    ],
    [
      0.443604,
      0.332194
    ],
    [
      0.455078,
      0.332194
    ],
    [
      0.40918,
      0.344238
    ],
    [
      0.420654,
      0.344238
    ],
    [
      0.432129,
      0.344238
    ],
    [
      0.443604,
      0.344238
    ],
    [
      0.455078,
      0.344238
    ]
  ],
  "mesh_path": "meshes/eye_L_pupil.json"
}
