{
  "part_id": "eye_R_highlight",
  "vertices": [
    [
      1133.0,
      630.0
    ],
    [
      1152.75,
      630.0
    ],
    [
      1172.5,
      630.0
    ],
    [
      1192.25,
      630.0
    ],
    [
      1212.0,
      630.0
    ],
    [
      1133.0,
      655.0
    ],
    [
      1152.75,
      655.0
    ],
    [
      1172.5,
      655.0
    ],
    [
      1192.25,
      655.0
    ],
    [
      1212.0,
      655.0
    ],
    [
      1133.0,
      680.0
    ],
    [
      1152.75,
      680.0
    ],
    [
      1172.5,
      680.0
    ],
    [
      1192.25,
      680.0
    ],
    [
      1212.0,
      680.0
    ],
    [
      1133.0,
      705.0
    ],
    [
      1152.75,
      705.0
    ],
    [
      1172.5,
      705.0
    ],
    [
      1192.25,
      705.0
    ],
    [
      1212.0,
      705.0
    ]
  ],
  "triangles": [
    [
      0,
      5,
      1
    ],
    [
      1,
      5,
      6
    ],
    [
      1,
      6,
      2
    ],
    [
      2,
      6,
      7
    ],
    [
      2,
      7,
      3
    ],
    [
      3,
      7,
      8
    ],
    [
      3,
      8,
      4
    ],
    [
      4,
      8,
      9
    ],
    [
      5,
      10,
      6
    ],
    [
      6,
      10,
      11
    ],
    [
      6,
      11,
      7
    ],
    [
      7,
      11,
      12
    ],
    [
      7,
      12,
      8
    ],
    [
      8,
      12,
      13
    ],
    [
      8,
      13,
      9
    ],
    [
      9,
      13,
      14
    ],
    [
      10,
      15,
      11
    ],
    [
      11,
      15,
      16
    ],
    [
      11,
      16,
      12
    ],
    [
      12,
      16,
      17
    ],
    [
      12,
      17,
      13
    ],
    [
      13,
      17,
      18
    ],
    [
      13,
      18,
      14
    ],
    [
      14,
      18,
      19
    ]
  ],
  "uvs": [
    [
      0.553223,
      0.307617
    ],
    [
      0.562866,
      0.307617
    ],
    [
      0.57251,
      0.307617
    ],
    [
      0.582153,
      0.307617
    ],
    [
      0.591797,
      0.307617
    ],
    [
      0.553223,
      0.319824
    ],
    [
      0.562866,
      0.319824
    ],
    [
      0.57251,
      0.319824
    ],
    [
      0.582153,
      0.319824
    ],
    [
      0.591797,
      0.319824
    ],
    [
      0.553223,
      0.332031
    ],
    [
      0.562866,
      0.332031
    ],
    [
      0.57251,
      0.332031
    ],
    [
      0.582153,
      0.332031
    ],
    [
      0.591797,
      0.332031
    ],
    [
      0.553223,
      0.344238
    ],
    [
      0.562866,
      0.344238
    ],
    [
      0.57251,
      0.344238
    ],
    [
      0.582153,
      0.344238
    ],
    [
      0.591797,
      0.344238
    ]
  ],
  "mesh_path": "meshes/eye_R_highlight.json"
}
