{
  "part_id": "eye_R_upper_lash",
  "vertices": [
    [
      1081.0,
      785.0
    ],
    [
      1126.0,
      785.0
    ],
    [
      1171.0,
      785.0
    ],
    [
      1216.0,
      785.0
    ],
    [
      1261.0,
      785.0
    ],
    [
      1081.0,
      805.667
    ],
    [
      1126.0,
      805.667
    ],
    [
      1171.0,
      805.667
    ],
    [
      1216.0,
      805.667
    ],
    [
      1261.0,
      805.667
    ],
    [
      1081.0,
      826.333
    ],
    [
      1126.0,
      826.333
    ],
    [
      1171.0,
      826.333
    ],
    [
      1216.0,
      826.333
    ],
    [
      1261.0,
      826.333
    ],
    [
      1081.0,
      847.0
    ],
    [
      1126.0,
      847.0
    ],
    [
      1171.0,
      847.0
    ],
    [
      1216.0,
      847.0
    ],
    [
      1261.0,
      847.0
    ]
  ],
  "triangles": [
    [
      0,
      5,
      1
    ],
    [
      1,
      5,
      6
    ],
    [
      1,
      6,
      2
    ],
    [
      2,
      6,
      7
    ],
    [
      2,
      7,
      3
    ],
    [
      3,
      7,
      8
    ],
    [
      3,
      8,
      4
    ],
    [
      4,
      8,
      9
    ],
    [
      5,
      10,
      6
    ],
    [
      6,
      10,
      11
    ],
    [
      6,
      11,
      7
    ],
    [
      7,
      11,
      12
    ],
    [
      7,
      12,
      8
    ],
    [
      8,
      12,
      13
    ],
    [
      8,
      13,
      9
    ],
    [
      9,
      13,
      14
    ],
    [
      10,
      15,
      11
    ],
    [
      11,
      15,
      16
    ],
    [
      11,
      16,
      12
    ],
    [
      12,
      16,
      17
    ],
    [
      12,
      17,
      13
    ],
    [
      13,
      17,
      18
    ],
    [
      13,
      18,
      14
    ],
    [
      14,
      18,
      19
    ]
  ],
  "uvs": [
    [
      0.527832,
      0.383301
    ],
    [
      0.549805,
      0.383301
    ],
    [
      0.571777,
      0.383301
    ],
    [
      0.59375,
      0.383301
    ],
    [
      0.615723,
      0.383301
    ],
    [
      0.527832,
      0.393392
    ],
    [
      0.549805,
      0.393392
    ],
    [
      0.571777,
      0.393392
    ],
    [
      0.59375,
      0.393392
    ],
    [
      0.615723,
      0.393392
    ],
    [
      0.527832,
      0.403483
    ],
    [
      0.549805,
      0.403483
    ],
    [
      0.571777,
      0.403483
    ],
    [
      0.59375,
      0.403483
    ],
    [
      0.615723,
      0.403483
    ],
    [
      0.527832,
      0.413574
    ],
    [
      0.549805,
      0.413574
    ],
    [
      0.571777,
      0.413574
    ],
    [
      0.59375,
      0.413574
    ],
    [
      0.615723,
      0.413574
    ]
  ],
  "boundary_vertex_ids": [
    0,
    1,
    2,
    3,
    4,
    5,
    9,
    10,
    14,
    15,
    16,
    17,
    18,
    19
  ],
  "mesh_strategy": {
    "kind": "material_pack_alpha_bbox_grid",
    "cols": 4,
    "rows": 3,
    "note": "Mini Cubism preview mesh only; not final Cubism ArtMesh quality."
  },
  "mesh_path": "meshes/eye_R_upper_lash.json"
}
