{
  "part_id": "eye_R_underpaint",
  "vertices": [
    [
      1132.0,
      821.0
    ],
    [
      1157.25,
      821.0
    ],
    [
      1182.5,
      821.0
    ],
    [
      1207.75,
      821.0
    ],
    [
      1233.0,
      821.0
    ],
    [
      1132.0,
      842.0
    ],
    [
      1157.25,
      842.0
    ],
    [
      1182.5,
      842.0
    ],
    [
      1207.75,
      842.0
    ],
    [
      1233.0,
      842.0
    ],
    [
      1132.0,
      863.0
    ],
    [
      1157.25,
      863.0
    ],
    [
      1182.5,
      863.0
    ],
    [
      1207.75,
      863.0
    ],
    [
      1233.0,
      863.0
    ],
    [
      1132.0,
      884.0
    ],
    [
      1157.25,
      884.0
    ],
    [
      1182.5,
      884.0
    ],
    [
      1207.75,
      884.0
    ],
    [
      1233.0,
      884.0
    ]
  ],
  "triangles": [
    [
      0,
      5,
      1
    ],
    [
      1,
      5,
      6
    ],
    [
      1,
      6,
      2
    ],
    [
      2,
      6,
      7
    ],
    [
      2,
      7,
      3
    ],
    [
      3,
      7,
      8
    ],
    [
      3,
      8,
      4
    ],
    [
      4,
      8,
      9
    ],
    [
      5,
      10,
      6
    ],
    [
      6,
      10,
      11
    ],
    [
      6,
      11,
      7
    ],
    [
      7,
      11,
      12
    ],
    [
      7,
      12,
      8
    ],
    [
      8,
      12,
      13
    ],
    [
      8,
      13,
      9
    ],
    [
      9,
      13,
      14
    ],
    [
      10,
      15,
      11
    ],
    [
      11,
      15,
      16
    ],
    [
      11,
      16,
      12
    ],
    [
      12,
      16,
      17
    ],
    [
      12,
      17,
      13
    ],
    [
      13,
      17,
      18
    ],
    [
      13,
      18,
      14
    ],
    [
      14,
      18,
      19
    ]
  ],
  "uvs": [
    [
      0.552734,
      0.400879
    ],
    [
      0.565063,
      0.400879
    ],
    [
      0.577393,
      0.400879
    ],
    [
      0.589722,
      0.400879
    ],
    [
      0.602051,
      0.400879
    ],
    [
      0.552734,
      0.411133
    ],
    [
      0.565063,
      0.411133
    ],
    [
      0.577393,
      0.411133
    ],
    [
      0.589722,
      0.411133
    ],
    [
      0.602051,
      0.411133
    ],
    [
      0.552734,
      0.421387
    ],
    [
      0.565063,
      0.421387
    ],
    [
      0.577393,
      0.421387
    ],
    [
      0.589722,
      0.421387
    ],
    [
      0.602051,
      0.421387
    ],
    [
      0.552734,
      0.431641
    ],
    [
      0.565063,
      0.431641
    ],
    [
      0.577393,
      0.431641
    ],
    [
      0.589722,
      0.431641
    ],
    [
      0.602051,
      0.431641
    ]
  ],
  "boundary_vertex_ids": [
    0,
    1,
    2,
    3,
    4,
    5,
    9,
    10,
    14,
    15,
    16,
    17,
    18,
    19
  ],
  "mesh_strategy": {
    "kind": "material_pack_alpha_bbox_grid",
    "cols": 4,
    "rows": 3,
    "note": "Mini Cubism preview mesh only; not final Cubism ArtMesh quality."
  },
  "mesh_path": "meshes/eye_R_underpaint.json"
}
