{
  "part_id": "eye_R_closed_lid",
  "vertices": [
    [
      1100.0,
      823.0
    ],
    [
      1135.75,
      823.0
    ],
    [
      1171.5,
      823.0
    ],
    [
      1207.25,
      823.0
    ],
    [
      1243.0,
      823.0
    ],
    [
      1100.0,
      840.667
    ],
    [
      1135.75,
      840.667
    ],
    [
      1171.5,
      840.667
    ],
    [
      1207.25,
      840.667
    ],
    [
      1243.0,
      840.667
    ],
    [
      1100.0,
      858.333
    ],
    [
      1135.75,
      858.333
    ],
    [
      1171.5,
      858.333
    ],
    [
      1207.25,
      858.333
    ],
    [
      1243.0,
      858.333
    ],
    [
      1100.0,
      876.0
    ],
    [
      1135.75,
      876.0
    ],
    [
      1171.5,
      876.0
    ],
    [
      1207.25,
      876.0
    ],
    [
      1243.0,
      876.0
    ]
  ],
  "triangles": [
    [
      0,
      5,
      1
    ],
    [
      1,
      5,
      6
    ],
    [
      1,
      6,
      2
    ],
    [
      2,
      6,
      7
    ],
    [
      2,
      7,
      3
    ],
    [
      3,
      7,
      8
    ],
    [
      3,
      8,
      4
    ],
    [
      4,
      8,
      9
    ],
    [
      5,
      10,
      6
    ],
    [
      6,
      10,
      11
    ],
    [
      6,
      11,
      7
    ],
    [
      7,
      11,
      12
    ],
    [
      7,
      12,
      8
    ],
    [
      8,
      12,
      13
    ],
    [
      8,
      13,
      9
    ],
    [
      9,
      13,
      14
    ],
    [
      10,
      15,
      11
    ],
    [
      11,
      15,
      16
    ],
    [
      11,
      16,
      12
    ],
    [
      12,
      16,
      17
    ],
    [
      12,
      17,
      13
    ],
    [
      13,
      17,
      18
    ],
    [
      13,
      18,
      14
    ],
    [
      14,
      18,
      19
    ]
  ],
  "uvs": [
    [
      0.537109,
      0.401855
    ],
    [
      0.554565,
      0.401855
    ],
    [
      0.572021,
      0.401855
    ],
    [
      0.589478,
      0.401855
    ],
    [
      0.606934,
      0.401855
    ],
    [
      0.537109,
      0.410482
    ],
    [
      0.554565,
      0.410482
    ],
    [
      0.572021,
      0.410482
    ],
    [
      0.589478,
      0.410482
    ],
    [
      0.606934,
      0.410482
    ],
    [
      0.537109,
      0.419108
    ],
    [
      0.554565,
      0.419108
    ],
    [
      0.572021,
      0.419108
    ],
    [
      0.589478,
      0.419108
    ],
    [
      0.606934,
      0.419108
    ],
    [
      0.537109,
      0.427734
    ],
    [
      0.554565,
      0.427734
    ],
    [
      0.572021,
      0.427734
    ],
    [
      0.589478,
      0.427734
    ],
    [
      0.606934,
      0.427734
    ]
  ],
  "boundary_vertex_ids": [
    0,
    1,
    2,
    3,
    4,
    5,
    9,
    10,
    14,
    15,
    16,
    17,
    18,
    19
  ],
  "mesh_strategy": {
    "kind": "material_pack_alpha_bbox_grid",
    "cols": 4,
    "rows": 3,
    "note": "Mini Cubism preview mesh only; not final Cubism ArtMesh quality."
  },
  "mesh_path": "meshes/eye_R_closed_lid.json"
}
