{
  "part_id": "eye_R_white",
  "vertices": [
    [
      1091.0,
      805.0
    ],
    [
      1113.75,
      805.0
    ],
    [
      1136.5,
      805.0
    ],
    [
      1159.25,
      805.0
    ],
    [
      1182.0,
      805.0
    ],
    [
      1091.0,
      836.667
    ],
    [
      1113.75,
      836.667
    ],
    [
      1136.5,
      836.667
    ],
    [
      1159.25,
      836.667
    ],
    [
      1182.0,
      836.667
    ],
    [
      1091.0,
      868.333
    ],
    [
      1113.75,
      868.333
    ],
    [
      1136.5,
      868.333
    ],
    [
      1159.25,
      868.333
    ],
    [
      1182.0,
      868.333
    ],
    [
      1091.0,
      900.0
    ],
    [
      1113.75,
      900.0
    ],
    [
      1136.5,
      900.0
    ],
    [
      1159.25,
      900.0
    ],
    [
      1182.0,
      900.0
    ]
  ],
  "triangles": [
    [
      0,
      5,
      1
    ],
    [
      1,
      5,
      6
    ],
    [
      1,
      6,
      2
    ],
    [
      2,
      6,
      7
    ],
    [
      2,
      7,
      3
    ],
    [
      3,
      7,
      8
    ],
    [
      3,
      8,
      4
    ],
    [
      4,
      8,
      9
    ],
    [
      5,
      10,
      6
    ],
    [
      6,
      10,
      11
    ],
    [
      6,
      11,
      7
    ],
    [
      7,
      11,
      12
    ],
    [
      7,
      12,
      8
    ],
    [
      8,
      12,
      13
    ],
    [
      8,
      13,
      9
    ],
    [
      9,
      13,
      14
    ],
    [
      10,
      15,
      11
    ],
    [
      11,
      15,
      16
    ],
    [
      11,
      16,
      12
    ],
    [
      12,
      16,
      17
    ],
    [
      12,
      17,
      13
    ],
    [
      13,
      17,
      18
    ],
    [
      13,
      18,
      14
    ],
    [
      14,
      18,
      19
    ]
  ],
  "uvs": [
    [
      0.532715,
      0.393066
    ],
    [
      0.543823,
      0.393066
    ],
    [
      0.554932,
      0.393066
    ],
    [
      0.56604,
      0.393066
    ],
    [
      0.577148,
      0.393066
    ],
    [
      0.532715,
      0.408529
    ],
    [
      0.543823,
      0.408529
    ],
    [
      0.554932,
      0.408529
    ],
    [
      0.56604,
      0.408529
    ],
    [
      0.577148,
      0.408529
    ],
    [
      0.532715,
      0.423991
    ],
    [
      0.543823,
      0.423991
    ],
    [
      0.554932,
      0.423991
    ],
    [
      0.56604,
      0.423991
    ],
    [
      0.577148,
      0.423991
    ],
    [
      0.532715,
      0.439453
    ],
    [
      0.543823,
      0.439453
    ],
    [
      0.554932,
      0.439453
    ],
    [
      0.56604,
      0.439453
    ],
    [
      0.577148,
      0.439453
    ]
  ],
  "boundary_vertex_ids": [
    0,
    1,
    2,
    3,
    4,
    5,
    9,
    10,
    14,
    15,
    16,
    17,
    18,
    19
  ],
  "mesh_strategy": {
    "kind": "material_pack_alpha_bbox_grid",
    "cols": 4,
    "rows": 3,
    "note": "Mini Cubism preview mesh only; not final Cubism ArtMesh quality."
  },
  "mesh_path": "meshes/eye_R_white.json"
}
