{
  "part_id": "eye_R_highlight",
  "vertices": [
    [
      1161.0,
      835.0
    ],
    [
      1167.25,
      835.0
    ],
    [
      1173.5,
      835.0
    ],
    [
      1179.75,
      835.0
    ],
    [
      1186.0,
      835.0
    ],
    [
      1161.0,
      844.0
    ],
    [
      1167.25,
      844.0
    ],
    [
      1173.5,
      844.0
    ],
    [
      1179.75,
      844.0
    ],
    [
      1186.0,
      844.0
    ],
    [
      1161.0,
      853.0
    ],
    [
      1167.25,
      853.0
    ],
    [
      1173.5,
      853.0
    ],
    [
      1179.75,
      853.0
    ],
    [
      1186.0,
      853.0
    ],
    [
      1161.0,
      862.0
    ],
    [
      1167.25,
      862.0
    ],
    [
      1173.5,
      862.0
    ],
    [
      1179.75,
      862.0
    ],
    [
      1186.0,
      862.0
    ]
  ],
  "triangles": [
    [
      0,
      5,
      1
    ],
    [
      1,
      5,
      6
    ],
    [
      1,
      6,
      2
    ],
    [
      2,
      6,
      7
    ],
    [
      2,
      7,
      3
    ],
    [
      3,
      7,
      8
    ],
    [
      3,
      8,
      4
    ],
    [
      4,
      8,
      9
    ],
    [
      5,
      10,
      6
    ],
    [
      6,
      10,
      11
    ],
    [
      6,
      11,
      7
    ],
    [
      7,
      11,
      12
    ],
    [
      7,
      12,
      8
    ],
    [
      8,
      12,
      13
    ],
    [
      8,
      13,
      9
    ],
    [
      9,
      13,
      14
    ],
    [
      10,
      15,
      11
    ],
    [
      11,
      15,
      16
    ],
    [
      11,
      16,
      12
    ],
    [
      12,
      16,
      17
    ],
    [
      12,
      17,
      13
    ],
    [
      13,
      17,
      18
    ],
    [
      13,
      18,
      14
    ],
    [
      14,
      18,
      19
    ]
  ],
  "uvs": [
    [
      0.566895,
      0.407715
    ],
    [
      0.569946,
      0.407715
    ],
    [
      0.572998,
      0.407715
    ],
    [
      0.57605,
      0.407715
    ],
    [
      0.579102,
      0.407715
    ],
    [
      0.566895,
      0.412109
    ],
    [
      0.569946,
      0.412109
    ],
    [
      0.572998,
      0.412109
    ],
    [
      0.57605,
      0.412109
    ],
    [
      0.579102,
      0.412109
    ],
    [
      0.566895,
      0.416504
    ],
    [
      0.569946,
      0.416504
    ],
    [
      0.572998,
      0.416504
    ],
    [
      0.57605,
      0.416504
    ],
    [
      0.579102,
      0.416504
    ],
    [
      0.566895,
      0.420898
    ],
    [
      0.569946,
      0.420898
    ],
    [
      0.572998,
      0.420898
    ],
    [
      0.57605,
      0.420898
    ],
    [
      0.579102,
      0.420898
    ]
  ],
  "boundary_vertex_ids": [
    0,
    1,
    2,
    3,
    4,
    5,
    9,
    10,
    14,
    15,
    16,
    17,
    18,
    19
  ],
  "mesh_strategy": {
    "kind": "material_pack_alpha_bbox_grid",
    "cols": 4,
    "rows": 3,
    "note": "Mini Cubism preview mesh only; not final Cubism ArtMesh quality."
  },
  "mesh_path": "meshes/eye_R_highlight.json"
}
