{
  "part_id": "eye_L_highlight",
  "vertices": [
    [
      965.0,
      847.0
    ],
    [
      970.0,
      847.0
    ],
    [
      975.0,
      847.0
    ],
    [
      980.0,
      847.0
    ],
    [
      985.0,
      847.0
    ],
    [
      965.0,
      853.667
    ],
    [
      970.0,
      853.667
    ],
    [
      975.0,
      853.667
    ],
    [
      980.0,
      853.667
    ],
    [
      985.0,
      853.667
    ],
    [
      965.0,
      860.333
    ],
    [
      970.0,
      860.333
    ],
    [
      975.0,
      860.333
    ],
    [
      980.0,
      860.333
    ],
    [
      985.0,
      860.333
    ],
    [
      965.0,
      867.0
    ],
    [
      970.0,
      867.0
    ],
    [
      975.0,
      867.0
    ],
    [
      980.0,
      867.0
    ],
    [
      985.0,
      867.0
    ]
  ],
  "triangles": [
    [
      0,
      5,
      1
    ],
    [
      1,
      5,
      6
    ],
    [
      1,
      6,
      2
    ],
    [
      2,
      6,
      7
    ],
    [
      2,
      7,
      3
    ],
    [
      3,
      7,
      8
    ],
    [
      3,
      8,
      4
    ],
    [
      4,
      8,
      9
    ],
    [
      5,
      10,
      6
    ],
    [
      6,
      10,
      11
    ],
    [
      6,
      11,
      7
    ],
    [
      7,
      11,
      12
    ],
    [
      7,
      12,
      8
    ],
    [
      8,
      12,
      13
    ],
    [
      8,
      13,
      9
    ],
    [
      9,
      13,
      14
    ],
    [
      10,
      15,
      11
    ],
    [
      11,
      15,
      16
    ],
    [
      11,
      16,
      12
    ],
    [
      12,
      16,
      17
    ],
    [
      12,
      17,
      13
    ],
    [
      13,
      17,
      18
    ],
    [
      13,
      18,
      14
    ],
    [
      14,
      18,
      19
    ]
  ],
  "uvs": [
    [
      0.471191,
      0.413574
    ],
    [
      0.473633,
      0.413574
    ],
    [
      0.476074,
      0.413574
    ],
    [
      0.478516,
      0.413574
    ],
    [
      0.480957,
      0.413574
    ],
    [
      0.471191,
      0.416829
    ],
    [
      0.473633,
      0.416829
    ],
    [
      0.476074,
      0.416829
    ],
    [
      0.478516,
      0.416829
    ],
    [
      0.480957,
      0.416829
    ],
    [
      0.471191,
      0.420085
    ],
    [
      0.473633,
      0.420085
    ],
    [
      0.476074,
      0.420085
    ],
    [
      0.478516,
      0.420085
    ],
    [
      0.480957,
      0.420085
    ],
    [
      0.471191,
      0.42334
    ],
    [
      0.473633,
      0.42334
    ],
    [
      0.476074,
      0.42334
    ],
    [
      0.478516,
      0.42334
    ],
    [
      0.480957,
      0.42334
    ]
  ],
  "boundary_vertex_ids": [
    0,
    1,
    2,
    3,
    4,
    5,
    9,
    10,
    14,
    15,
    16,
    17,
    18,
    19
  ],
  "mesh_strategy": {
    "kind": "material_pack_alpha_bbox_grid",
    "cols": 4,
    "rows": 3,
    "note": "Mini Cubism preview mesh only; not final Cubism ArtMesh quality."
  },
  "mesh_path": "meshes/eye_L_highlight.json"
}
