{
  "part_id": "eye_L_white",
  "vertices": [
    [
      878.0,
      805.0
    ],
    [
      915.0,
      805.0
    ],
    [
      952.0,
      805.0
    ],
    [
      989.0,
      805.0
    ],
    [
      1026.0,
      805.0
    ],
    [
      878.0,
      835.667
    ],
    [
      915.0,
      835.667
    ],
    [
      952.0,
      835.667
    ],
    [
      989.0,
      835.667
    ],
    [
      1026.0,
      835.667
    ],
    [
      878.0,
      866.333
    ],
    [
      915.0,
      866.333
    ],
    [
      952.0,
      866.333
    ],
    [
      989.0,
      866.333
    ],
    [
      1026.0,
      866.333
    ],
    [
      878.0,
      897.0
    ],
    [
      915.0,
      897.0
    ],
    [
      952.0,
      897.0
    ],
    [
      989.0,
      897.0
    ],
    [
      1026.0,
      897.0
    ]
  ],
  "triangles": [
    [
      0,
      5,
      1
    ],
    [
      1,
      5,
      6
    ],
    [
      1,
      6,
      2
    ],
    [
      2,
      6,
      7
    ],
    [
      2,
      7,
      3
    ],
    [
      3,
      7,
      8
    ],
    [
      3,
      8,
      4
    ],
    [
      4,
      8,
      9
    ],
    [
      5,
      10,
      6
    ],
    [
      6,
      10,
      11
    ],
    [
      6,
      11,
      7
    ],
    [
      7,
      11,
      12
    ],
    [
      7,
      12,
      8
    ],
    [
      8,
      12,
      13
    ],
    [
      8,
      13,
      9
    ],
    [
      9,
      13,
      14
    ],
    [
      10,
      15,
      11
    ],
    [
      11,
      15,
      16
    ],
    [
      11,
      16,
      12
    ],
    [
      12,
      16,
      17
    ],
    [
      12,
      17,
      13
    ],
    [
      13,
      17,
      18
    ],
    [
      13,
      18,
      14
    ],
    [
      14,
      18,
      19
    ]
  ],
  "uvs": [
    [
      0.428711,
      0.393066
    ],
    [
      0.446777,
      0.393066
    ],
    [
      0.464844,
      0.393066
    ],
    [
      0.48291,
      0.393066
    ],
    [
      0.500977,
      0.393066
    ],
    [
      0.428711,
      0.40804
    ],
    [
      0.446777,
      0.40804
    ],
    [
      0.464844,
      0.40804
    ],
    [
      0.48291,
      0.40804
    ],
    [
      0.500977,
      0.40804
    ],
    [
      0.428711,
      0.423014
    ],
    [
      0.446777,
      0.423014
    ],
    [
      0.464844,
      0.423014
    ],
    [
      0.48291,
      0.423014
    ],
    [
      0.500977,
      0.423014
    ],
    [
      0.428711,
      0.437988
    ],
    [
      0.446777,
      0.437988
    ],
    [
      0.464844,
      0.437988
    ],
    [
      0.48291,
      0.437988
    ],
    [
      0.500977,
      0.437988
    ]
  ],
  "boundary_vertex_ids": [
    0,
    1,
    2,
    3,
    4,
    5,
    9,
    10,
    14,
    15,
    16,
    17,
    18,
    19
  ],
  "mesh_strategy": {
    "kind": "material_pack_alpha_bbox_grid",
    "cols": 4,
    "rows": 3,
    "note": "Mini Cubism preview mesh only; not final Cubism ArtMesh quality."
  },
  "mesh_path": "meshes/eye_L_white.json"
}
