{
  "part_id": "eye_L_underpaint",
  "vertices": [
    [
      880.0,
      824.0
    ],
    [
      909.5,
      824.0
    ],
    [
      939.0,
      824.0
    ],
    [
      968.5,
      824.0
    ],
    [
      998.0,
      824.0
    ],
    [
      880.0,
      844.0
    ],
    [
      909.5,
      844.0
    ],
    [
      939.0,
      844.0
    ],
    [
      968.5,
      844.0
    ],
    [
      998.0,
      844.0
    ],
    [
      880.0,
      864.0
    ],
    [
      909.5,
      864.0
    ],
    [
      939.0,
      864.0
    ],
    [
      968.5,
      864.0
    ],
    [
      998.0,
      864.0
    ],
    [
      880.0,
      884.0
    ],
    [
      909.5,
      884.0
    ],
    [
      939.0,
      884.0
    ],
    [
      968.5,
      884.0
    ],
    [
      998.0,
      884.0
    ]
  ],
  "triangles": [
    [
      0,
      5,
      1
    ],
    [
      1,
      5,
      6
    ],
    [
      1,
      6,
      2
    ],
    [
      2,
      6,
      7
    ],
    [
      2,
      7,
      3
    ],
    [
      3,
      7,
      8
    ],
    [
      3,
      8,
      4
    ],
    [
      4,
      8,
      9
    ],
    [
      5,
      10,
      6
    ],
    [
      6,
      10,
      11
    ],
    [
      6,
      11,
      7
    ],
    [
      7,
      11,
      12
    ],
    [
      7,
      12,
      8
    ],
    [
      8,
      12,
      13
    ],
    [
      8,
      13,
      9
    ],
    [
      9,
      13,
      14
    ],
    [
      10,
      15,
      11
    ],
    [
      11,
      15,
      16
    ],
    [
      11,
      16,
      12
    ],
    [
      12,
      16,
      17
    ],
    [
      12,
      17,
      13
    ],
    [
      13,
      17,
      18
    ],
    [
      13,
      18,
      14
    ],
    [
      14,
      18,
      19
    ]
  ],
  "uvs": [
    [
      0.429688,
      0.402344
    ],
    [
      0.444092,
      0.402344
    ],
    [
      0.458496,
      0.402344
    ],
    [
      0.4729,
      0.402344
    ],
    [
      0.487305,
      0.402344
    ],
    [
      0.429688,
      0.412109
    ],
    [
      0.444092,
      0.412109
    ],
    [
      0.458496,
      0.412109
    ],
    [
      0.4729,
      0.412109
    ],
    [
      0.487305,
      0.412109
    ],
    [
      0.429688,
      0.421875
    ],
    [
      0.444092,
      0.421875
    ],
    [
      0.458496,
      0.421875
    ],
    [
      0.4729,
      0.421875
    ],
    [
      0.487305,
      0.421875
    ],
    [
      0.429688,
      0.431641
    ],
    [
      0.444092,
      0.431641
    ],
    [
      0.458496,
      0.431641
    ],
    [
      0.4729,
      0.431641
    ],
    [
      0.487305,
      0.431641
    ]
  ],
  "boundary_vertex_ids": [
    0,
    1,
    2,
    3,
    4,
    5,
    9,
    10,
    14,
    15,
    16,
    17,
    18,
    19
  ],
  "mesh_strategy": {
    "kind": "material_pack_alpha_bbox_grid",
    "cols": 4,
    "rows": 3,
    "note": "Mini Cubism preview mesh only; not final Cubism ArtMesh quality."
  },
  "mesh_path": "meshes/eye_L_underpaint.json"
}
