{
  "part_id": "mouth_teeth",
  "vertices": [
    [
      990.0,
      1000.0
    ],
    [
      1011.25,
      1000.0
    ],
    [
      1032.5,
      1000.0
    ],
    [
      1053.75,
      1000.0
    ],
    [
      1075.0,
      1000.0
    ],
    [
      990.0,
      1006.667
    ],
    [
      1011.25,
      1006.667
    ],
    [
      1032.5,
      1006.667
    ],
    [
      1053.75,
      1006.667
    ],
    [
      1075.0,
      1006.667
    ],
    [
      990.0,
      1013.333
    ],
    [
      1011.25,
      1013.333
    ],
    [
      1032.5,
      1013.333
    ],
    [
      1053.75,
      1013.333
    ],
    [
      1075.0,
      1013.333
    ],
    [
      990.0,
      1020.0
    ],
    [
      1011.25,
      1020.0
    ],
    [
      1032.5,
      1020.0
    ],
    [
      1053.75,
      1020.0
    ],
    [
      1075.0,
      1020.0
    ]
  ],
  "triangles": [
    [
      0,
      5,
      1
    ],
    [
      1,
      5,
      6
    ],
    [
      1,
      6,
      2
    ],
    [
      2,
      6,
      7
    ],
    [
      2,
      7,
      3
    ],
    [
      3,
      7,
      8
    ],
    [
      3,
      8,
      4
    ],
    [
      4,
      8,
      9
    ],
    [
      5,
      10,
      6
    ],
    [
      6,
      10,
      11
    ],
    [
      6,
      11,
      7
    ],
    [
      7,
      11,
      12
    ],
    [
      7,
      12,
      8
    ],
    [
      8,
      12,
      13
    ],
    [
      8,
      13,
      9
    ],
    [
      9,
      13,
      14
    ],
    [
      10,
      15,
      11
    ],
    [
      11,
      15,
      16
    ],
    [
      11,
      16,
      12
    ],
    [
      12,
      16,
      17
    ],
    [
      12,
      17,
      13
    ],
    [
      13,
      17,
      18
    ],
    [
      13,
      18,
      14
    ],
    [
      14,
      18,
      19
    ]
  ],
  "uvs": [
    [
      0.483398,
      0.488281
    ],
    [
      0.493774,
      0.488281
    ],
    [
      0.50415,
      0.488281
    ],
    [
      0.514526,
      0.488281
    ],
    [
      0.524902,
      0.488281
    ],
    [
      0.483398,
      0.491536
    ],
    [
      0.493774,
      0.491536
    ],
    [
      0.50415,
      0.491536
    ],
    [
      0.514526,
      0.491536
    ],
    [
      0.524902,
      0.491536
    ],
    [
      0.483398,
      0.494792
    ],
    [
      0.493774,
      0.494792
    ],
    [
      0.50415,
      0.494792
    ],
    [
      0.514526,
      0.494792
    ],
    [
      0.524902,
      0.494792
    ],
    [
      0.483398,
      0.498047
    ],
    [
      0.493774,
      0.498047
    ],
    [
      0.50415,
      0.498047
    ],
    [
      0.514526,
      0.498047
    ],
    [
      0.524902,
      0.498047
    ]
  ],
  "boundary_vertex_ids": [
    0,
    1,
    2,
    3,
    4,
    5,
    9,
    10,
    14,
    15,
    16,
    17,
    18,
    19
  ],
  "mesh_strategy": {
    "kind": "material_pack_alpha_bbox_grid",
    "cols": 4,
    "rows": 3,
    "note": "Mini Cubism preview mesh only; not final Cubism ArtMesh quality."
  },
  "mesh_path": "meshes/mouth_teeth.json"
}
