{
  "part_id": "mouth_lower_lip_mask",
  "vertices": [
    [
      979.0,
      1038.0
    ],
    [
      1005.0,
      1038.0
    ],
    [
      1031.0,
      1038.0
    ],
    [
      1057.0,
      1038.0
    ],
    [
      1083.0,
      1038.0
    ],
    [
      979.0,
      1045.0
    ],
    [
      1005.0,
      1045.0
    ],
    [
      1031.0,
      1045.0
    ],
    [
      1057.0,
      1045.0
    ],
    [
      1083.0,
      1045.0
    ],
    [
      979.0,
      1052.0
    ],
    [
      1005.0,
      1052.0
    ],
    [
      1031.0,
      1052.0
    ],
    [
      1057.0,
      1052.0
    ],
    [
      1083.0,
      1052.0
    ],
    [
      979.0,
      1059.0
    ],
    [
      1005.0,
      1059.0
    ],
    [
      1031.0,
      1059.0
    ],
    [
      1057.0,
      1059.0
    ],
    [
      1083.0,
      1059.0
    ]
  ],
  "triangles": [
    [
      0,
      5,
      1
    ],
    [
      1,
      5,
      6
    ],
    [
      1,
      6,
      2
    ],
    [
      2,
      6,
      7
    ],
    [
      2,
      7,
      3
    ],
    [
      3,
      7,
      8
    ],
    [
      3,
      8,
      4
    ],
    [
      4,
      8,
      9
    ],
    [
      5,
      10,
      6
    ],
    [
      6,
      10,
      11
    ],
    [
      6,
      11,
      7
    ],
    [
      7,
      11,
      12
    ],
    [
      7,
      12,
      8
    ],
    [
      8,
      12,
      13
    ],
    [
      8,
      13,
      9
    ],
    [
      9,
      13,
      14
    ],
    [
      10,
      15,
      11
    ],
    [
      11,
      15,
      16
    ],
    [
      11,
      16,
      12
    ],
    [
      12,
      16,
      17
    ],
    [
      12,
      17,
      13
    ],
    [
      13,
      17,
      18
    ],
    [
      13,
      18,
      14
    ],
    [
      14,
      18,
      19
    ]
  ],
  "uvs": [
    [
      0.478027,
      0.506836
    ],
    [
      0.490723,
      0.506836
    ],
    [
      0.503418,
      0.506836
    ],
    [
      0.516113,
      0.506836
    ],
    [
      0.528809,
      0.506836
    ],
    [
      0.478027,
      0.510254
    ],
    [
      0.490723,
      0.510254
    ],
    [
      0.503418,
      0.510254
    ],
    [
      0.516113,
      0.510254
    ],
    [
      0.528809,
      0.510254
    ],
    [
      0.478027,
      0.513672
    ],
    [
      0.490723,
      0.513672
    ],
    [
      0.503418,
      0.513672
    ],
    [
      0.516113,
      0.513672
    ],
    [
      0.528809,
      0.513672
    ],
    [
      0.478027,
      0.51709
    ],
    [
      0.490723,
      0.51709
    ],
    [
      0.503418,
      0.51709
    ],
    [
      0.516113,
      0.51709
    ],
    [
      0.528809,
      0.51709
    ]
  ],
  "boundary_vertex_ids": [
    0,
    1,
    2,
    3,
    4,
    5,
    9,
    10,
    14,
    15,
    16,
    17,
    18,
    19
  ],
  "mesh_strategy": {
    "kind": "material_pack_alpha_bbox_grid",
    "cols": 4,
    "rows": 3,
    "note": "Mini Cubism preview mesh only; not final Cubism ArtMesh quality."
  },
  "mesh_path": "meshes/mouth_lower_lip_mask.json"
}
