{
  "part_id": "mouth_upper_lip_mask",
  "vertices": [
    [
      976.0,
      975.0
    ],
    [
      1003.75,
      975.0
    ],
    [
      1031.5,
      975.0
    ],
    [
      1059.25,
      975.0
    ],
    [
      1087.0,
      975.0
    ],
    [
      976.0,
      982.0
    ],
    [
      1003.75,
      982.0
    ],
    [
      1031.5,
      982.0
    ],
    [
      1059.25,
      982.0
    ],
    [
      1087.0,
      982.0
    ],
    [
      976.0,
      989.0
    ],
    [
      1003.75,
      989.0
    ],
    [
      1031.5,
      989.0
    ],
    [
      1059.25,
      989.0
    ],
    [
      1087.0,
      989.0
    ],
    [
      976.0,
      996.0
    ],
    [
      1003.75,
      996.0
    ],
    [
      1031.5,
      996.0
    ],
    [
      1059.25,
      996.0
    ],
    [
      1087.0,
      996.0
    ]
  ],
  "triangles": [
    [
      0,
      5,
      1
    ],
    [
      1,
      5,
      6
    ],
    [
      1,
      6,
      2
    ],
    [
      2,
      6,
      7
    ],
    [
      2,
      7,
      3
    ],
    [
      3,
      7,
      8
    ],
    [
      3,
      8,
      4
    ],
    [
      4,
      8,
      9
    ],
    [
      5,
      10,
      6
    ],
    [
      6,
      10,
      11
    ],
    [
      6,
      11,
      7
    ],
    [
      7,
      11,
      12
    ],
    [
      7,
      12,
      8
    ],
    [
      8,
      12,
      13
    ],
    [
      8,
      13,
      9
    ],
    [
      9,
      13,
      14
    ],
    [
      10,
      15,
      11
    ],
    [
      11,
      15,
      16
    ],
    [
      11,
      16,
      12
    ],
    [
      12,
      16,
      17
    ],
    [
      12,
      17,
      13
    ],
    [
      13,
      17,
      18
    ],
    [
      13,
      18,
      14
    ],
    [
      14,
      18,
      19
    ]
  ],
  "uvs": [
    [
      0.476562,
      0.476074
    ],
    [
      0.490112,
      0.476074
    ],
    [
      0.503662,
      0.476074
    ],
    [
      0.517212,
      0.476074
    ],
    [
      0.530762,
      0.476074
    ],
    [
      0.476562,
      0.479492
    ],
    [
      0.490112,
      0.479492
    ],
    [
      0.503662,
      0.479492
    ],
    [
      0.517212,
      0.479492
    ],
    [
      0.530762,
      0.479492
    ],
    [
      0.476562,
      0.48291
    ],
    [
      0.490112,
      0.48291
    ],
    [
      0.503662,
      0.48291
    ],
    [
      0.517212,
      0.48291
    ],
    [
      0.530762,
      0.48291
    ],
    [
      0.476562,
      0.486328
    ],
    [
      0.490112,
      0.486328
    ],
    [
      0.503662,
      0.486328
    ],
    [
      0.517212,
      0.486328
    ],
    [
      0.530762,
      0.486328
    ]
  ],
  "boundary_vertex_ids": [
    0,
    1,
    2,
    3,
    4,
    5,
    9,
    10,
    14,
    15,
    16,
    17,
    18,
    19
  ],
  "mesh_strategy": {
    "kind": "material_pack_alpha_bbox_grid",
    "cols": 4,
    "rows": 3,
    "note": "Mini Cubism preview mesh only; not final Cubism ArtMesh quality."
  },
  "mesh_path": "meshes/mouth_upper_lip_mask.json"
}
