{
  "part_id": "eye_L_closed_lid",
  "vertices": [
    [
      870.0,
      823.0
    ],
    [
      905.75,
      823.0
    ],
    [
      941.5,
      823.0
    ],
    [
      977.25,
      823.0
    ],
    [
      1013.0,
      823.0
    ],
    [
      870.0,
      841.0
    ],
    [
      905.75,
      841.0
    ],
    [
      941.5,
      841.0
    ],
    [
      977.25,
      841.0
    ],
    [
      1013.0,
      841.0
    ],
    [
      870.0,
      859.0
    ],
    [
      905.75,
      859.0
    ],
    [
      941.5,
      859.0
    ],
    [
      977.25,
      859.0
    ],
    [
      1013.0,
      859.0
    ],
    [
      870.0,
      877.0
    ],
    [
      905.75,
      877.0
    ],
    [
      941.5,
      877.0
    ],
    [
      977.25,
      877.0
    ],
    [
      1013.0,
      877.0
    ]
  ],
  "triangles": [
    [
      0,
      5,
      1
    ],
    [
      1,
      5,
      6
    ],
    [
      1,
      6,
      2
    ],
    [
      2,
      6,
      7
    ],
    [
      2,
      7,
      3
    ],
    [
      3,
      7,
      8
    ],
    [
      3,
      8,
      4
    ],
    [
      4,
      8,
      9
    ],
    [
      5,
      10,
      6
    ],
    [
      6,
      10,
      11
    ],
    [
      6,
      11,
      7
    ],
    [
      7,
      11,
      12
    ],
    [
      7,
      12,
      8
    ],
    [
      8,
      12,
      13
    ],
    [
      8,
      13,
      9
    ],
    [
      9,
      13,
      14
    ],
    [
      10,
      15,
      11
    ],
    [
      11,
      15,
      16
    ],
    [
      11,
      16,
      12
    ],
    [
      12,
      16,
      17
    ],
    [
      12,
      17,
      13
    ],
    [
      13,
      17,
      18
    ],
    [
      13,
      18,
      14
    ],
    [
      14,
      18,
      19
    ]
  ],
  "uvs": [
    [
      0.424805,
      0.401855
    ],
    [
      0.442261,
      0.401855
    ],
    [
      0.459717,
      0.401855
    ],
    [
      0.477173,
      0.401855
    ],
    [
      0.494629,
      0.401855
    ],
    [
      0.424805,
      0.410645
    ],
    [
      0.442261,
      0.410645
    ],
    [
      0.459717,
      0.410645
    ],
    [
      0.477173,
      0.410645
    ],
    [
      0.494629,
      0.410645
    ],
    [
      0.424805,
      0.419434
    ],
    [
      0.442261,
      0.419434
    ],
    [
      0.459717,
      0.419434
    ],
    [
      0.477173,
      0.419434
    ],
    [
      0.494629,
      0.419434
    ],
    [
      0.424805,
      0.428223
    ],
    [
      0.442261,
      0.428223
    ],
    [
      0.459717,
      0.428223
    ],
    [
      0.477173,
      0.428223
    ],
    [
      0.494629,
      0.428223
    ]
  ],
  "boundary_vertex_ids": [
    0,
    1,
    2,
    3,
    4,
    5,
    9,
    10,
    14,
    15,
    16,
    17,
    18,
    19
  ],
  "mesh_strategy": {
    "kind": "material_pack_alpha_bbox_grid",
    "cols": 4,
    "rows": 3,
    "note": "Mini Cubism preview mesh only; not final Cubism ArtMesh quality."
  },
  "mesh_path": "meshes/eye_L_closed_lid.json"
}
