{
  "part_id": "eye_R_white",
  "vertices": [
    [
      1117.0,
      687.0
    ],
    [
      1140.0,
      687.0
    ],
    [
      1163.0,
      687.0
    ],
    [
      1186.0,
      687.0
    ],
    [
      1209.0,
      687.0
    ],
    [
      1117.0,
      718.667
    ],
    [
      1140.0,
      718.667
    ],
    [
      1163.0,
      718.667
    ],
    [
      1186.0,
      718.667
    ],
    [
      1209.0,
      718.667
    ],
    [
      1117.0,
      750.333
    ],
    [
      1140.0,
      750.333
    ],
    [
      1163.0,
      750.333
    ],
    [
      1186.0,
      750.333
    ],
    [
      1209.0,
      750.333
    ],
    [
      1117.0,
      782.0
    ],
    [
      1140.0,
      782.0
    ],
    [
      1163.0,
      782.0
    ],
    [
      1186.0,
      782.0
    ],
    [
      1209.0,
      782.0
    ]
  ],
  "triangles": [
    [
      0,
      5,
      1
    ],
    [
      1,
      5,
      6
    ],
    [
      1,
      6,
      2
    ],
    [
      2,
      6,
      7
    ],
    [
      2,
      7,
      3
    ],
    [
      3,
      7,
      8
    ],
    [
      3,
      8,
      4
    ],
    [
      4,
      8,
      9
    ],
    [
      5,
      10,
      6
    ],
    [
      6,
      10,
      11
    ],
    [
      6,
      11,
      7
    ],
    [
      7,
      11,
      12
    ],
    [
      7,
      12,
      8
    ],
    [
      8,
      12,
      13
    ],
    [
      8,
      13,
      9
    ],
    [
      9,
      13,
      14
    ],
    [
      10,
      15,
      11
    ],
    [
      11,
      15,
      16
    ],
    [
      11,
      16,
      12
    ],
    [
      12,
      16,
      17
    ],
    [
      12,
      17,
      13
    ],
    [
      13,
      17,
      18
    ],
    [
      13,
      18,
      14
    ],
    [
      14,
      18,
      19
    ]
  ],
  "uvs": [
    [
      0.54541,
      0.335449
    ],
    [
      0.556641,
      0.335449
    ],
    [
      0.567871,
      0.335449
    ],
    [
      0.579102,
      0.335449
    ],
    [
      0.590332,
      0.335449
    ],
    [
      0.54541,
      0.350911
    ],
    [
      0.556641,
      0.350911
    ],
    [
      0.567871,
      0.350911
    ],
    [
      0.579102,
      0.350911
    ],
    [
      0.590332,
      0.350911
    ],
    [
      0.54541,
      0.366374
    ],
    [
      0.556641,
      0.366374
    ],
    [
      0.567871,
      0.366374
    ],
    [
      0.579102,
      0.366374
    ],
    [
      0.590332,
      0.366374
    ],
    [
      0.54541,
      0.381836
    ],
    [
      0.556641,
      0.381836
    ],
    [
      0.567871,
      0.381836
    ],
    [
      0.579102,
      0.381836
    ],
    [
      0.590332,
      0.381836
    ]
  ],
  "boundary_vertex_ids": [
    0,
    1,
    2,
    3,
    4,
    5,
    9,
    10,
    14,
    15,
    16,
    17,
    18,
    19
  ],
  "mesh_strategy": {
    "kind": "material_pack_alpha_bbox_grid",
    "cols": 4,
    "rows": 3,
    "note": "Mini Cubism preview mesh only; not final Cubism ArtMesh quality."
  },
  "mesh_path": "meshes/eye_R_white.json"
}
