{
  "part_id": "eye_R_highlight",
  "vertices": [
    [
      1115.0,
      713.0
    ],
    [
      1121.25,
      713.0
    ],
    [
      1127.5,
      713.0
    ],
    [
      1133.75,
      713.0
    ],
    [
      1140.0,
      713.0
    ],
    [
      1115.0,
      722.0
    ],
    [
      1121.25,
      722.0
    ],
    [
      1127.5,
      722.0
    ],
    [
      1133.75,
      722.0
    ],
    [
      1140.0,
      722.0
    ],
    [
      1115.0,
      731.0
    ],
    [
      1121.25,
      731.0
    ],
    [
      1127.5,
      731.0
    ],
    [
      1133.75,
      731.0
    ],
    [
      1140.0,
      731.0
    ],
    [
      1115.0,
      740.0
    ],
    [
      1121.25,
      740.0
    ],
    [
      1127.5,
      740.0
    ],
    [
      1133.75,
      740.0
    ],
    [
      1140.0,
      740.0
    ]
  ],
  "triangles": [
    [
      0,
      5,
      1
    ],
    [
      1,
      5,
      6
    ],
    [
      1,
      6,
      2
    ],
    [
      2,
      6,
      7
    ],
    [
      2,
      7,
      3
    ],
    [
      3,
      7,
      8
    ],
    [
      3,
      8,
      4
    ],
    [
      4,
      8,
      9
    ],
    [
      5,
      10,
      6
    ],
    [
      6,
      10,
      11
    ],
    [
      6,
      11,
      7
    ],
    [
      7,
      11,
      12
    ],
    [
      7,
      12,
      8
    ],
    [
      8,
      12,
      13
    ],
    [
      8,
      13,
      9
    ],
    [
      9,
      13,
      14
    ],
    [
      10,
      15,
      11
    ],
    [
      11,
      15,
      16
    ],
    [
      11,
      16,
      12
    ],
    [
      12,
      16,
      17
    ],
    [
      12,
      17,
      13
    ],
    [
      13,
      17,
      18
    ],
    [
      13,
      18,
      14
    ],
    [
      14,
      18,
      19
    ]
  ],
  "uvs": [
    [
      0.544434,
      0.348145
    ],
    [
      0.547485,
      0.348145
    ],
    [
      0.550537,
      0.348145
    ],
    [
      0.553589,
      0.348145
    ],
    [
      0.556641,
      0.348145
    ],
    [
      0.544434,
      0.352539
    ],
    [
      0.547485,
      0.352539
    ],
    [
      0.550537,
      0.352539
    ],
    [
      0.553589,
      0.352539
    ],
    [
      0.556641,
      0.352539
    ],
    [
      0.544434,
      0.356934
    ],
    [
      0.547485,
      0.356934
    ],
    [
      0.550537,
      0.356934
    ],
    [
      0.553589,
      0.356934
    ],
    [
      0.556641,
      0.356934
    ],
    [
      0.544434,
      0.361328
    ],
    [
      0.547485,
      0.361328
    ],
    [
      0.550537,
      0.361328
    ],
    [
      0.553589,
      0.361328
    ],
    [
      0.556641,
      0.361328
    ]
  ],
  "boundary_vertex_ids": [
    0,
    1,
    2,
    3,
    4,
    5,
    9,
    10,
    14,
    15,
    16,
    17,
    18,
    19
  ],
  "mesh_strategy": {
    "kind": "material_pack_alpha_bbox_grid",
    "cols": 4,
    "rows": 3,
    "note": "Mini Cubism preview mesh only; not final Cubism ArtMesh quality."
  },
  "mesh_path": "meshes/eye_R_highlight.json"
}
