{
  "part_id": "mouth_teeth",
  "vertices": [
    [
      984.0,
      860.0
    ],
    [
      1005.25,
      860.0
    ],
    [
      1026.5,
      860.0
    ],
    [
      1047.75,
      860.0
    ],
    [
      1069.0,
      860.0
    ],
    [
      984.0,
      865.0
    ],
    [
      1005.25,
      865.0
    ],
    [
      1026.5,
      865.0
    ],
    [
      1047.75,
      865.0
    ],
    [
      1069.0,
      865.0
    ],
    [
      984.0,
      870.0
    ],
    [
      1005.25,
      870.0
    ],
    [
      1026.5,
      870.0
    ],
    [
      1047.75,
      870.0
    ],
    [
      1069.0,
      870.0
    ],
    [
      984.0,
      875.0
    ],
    [
      1005.25,
      875.0
    ],
    [
      1026.5,
      875.0
    ],
    [
      1047.75,
      875.0
    ],
    [
      1069.0,
      875.0
    ]
  ],
  "triangles": [
    [
      0,
      5,
      1
    ],
    [
      1,
      5,
      6
    ],
    [
      1,
      6,
      2
    ],
    [
      2,
      6,
      7
    ],
    [
      2,
      7,
      3
    ],
    [
      3,
      7,
      8
    ],
    [
      3,
      8,
      4
    ],
    [
      4,
      8,
      9
    ],
    [
      5,
      10,
      6
    ],
    [
      6,
      10,
      11
    ],
    [
      6,
      11,
      7
    ],
    [
      7,
      11,
      12
    ],
    [
      7,
      12,
      8
    ],
    [
      8,
      12,
      13
    ],
    [
      8,
      13,
      9
    ],
    [
      9,
      13,
      14
    ],
    [
      10,
      15,
      11
    ],
    [
      11,
      15,
      16
    ],
    [
      11,
      16,
      12
    ],
    [
      12,
      16,
      17
    ],
    [
      12,
      17,
      13
    ],
    [
      13,
      17,
      18
    ],
    [
      13,
      18,
      14
    ],
    [
      14,
      18,
      19
    ]
  ],
  "uvs": [
    [
      0.480469,
      0.419922
    ],
    [
      0.490845,
      0.419922
    ],
    [
      0.501221,
      0.419922
    ],
    [
      0.511597,
      0.419922
    ],
    [
      0.521973,
      0.419922
    ],
    [
      0.480469,
      0.422363
    ],
    [
      0.490845,
      0.422363
    ],
    [
      0.501221,
      0.422363
    ],
    [
      0.511597,
      0.422363
    ],
    [
      0.521973,
      0.422363
    ],
    [
      0.480469,
      0.424805
    ],
    [
      0.490845,
      0.424805
    ],
    [
      0.501221,
      0.424805
    ],
    [
      0.511597,
      0.424805
    ],
    [
      0.521973,
      0.424805
    ],
    [
      0.480469,
      0.427246
    ],
    [
      0.490845,
      0.427246
    ],
    [
      0.501221,
      0.427246
    ],
    [
      0.511597,
      0.427246
    ],
    [
      0.521973,
      0.427246
    ]
  ],
  "boundary_vertex_ids": [
    0,
    1,
    2,
    3,
    4,
    5,
    9,
    10,
    14,
    15,
    16,
    17,
    18,
    19
  ],
  "mesh_strategy": {
    "kind": "material_pack_alpha_bbox_grid",
    "cols": 4,
    "rows": 3,
    "note": "Mini Cubism preview mesh only; not final Cubism ArtMesh quality."
  },
  "mesh_path": "meshes/mouth_teeth.json"
}
