{
  "part_id": "eye_R_lid_inbetween_065",
  "vertices": [
    [
      1106.0,
      682.0
    ],
    [
      1143.25,
      682.0
    ],
    [
      1180.5,
      682.0
    ],
    [
      1217.75,
      682.0
    ],
    [
      1255.0,
      682.0
    ],
    [
      1106.0,
      697.333
    ],
    [
      1143.25,
      697.333
    ],
    [
      1180.5,
      697.333
    ],
    [
      1217.75,
      697.333
    ],
    [
      1255.0,
      697.333
    ],
    [
      1106.0,
      712.667
    ],
    [
      1143.25,
      712.667
    ],
    [
      1180.5,
      712.667
    ],
    [
      1217.75,
      712.667
    ],
    [
      1255.0,
      712.667
    ],
    [
      1106.0,
      728.0
    ],
    [
      1143.25,
      728.0
    ],
    [
      1180.5,
      728.0
    ],
    [
      1217.75,
      728.0
    ],
    [
      1255.0,
      728.0
    ]
  ],
  "triangles": [
    [
      0,
      5,
      1
    ],
    [
      1,
      5,
      6
    ],
    [
      1,
      6,
      2
    ],
    [
      2,
      6,
      7
    ],
    [
      2,
      7,
      3
    ],
    [
      3,
      7,
      8
    ],
    [
      3,
      8,
      4
    ],
    [
      4,
      8,
      9
    ],
    [
      5,
      10,
      6
    ],
    [
      6,
      10,
      11
    ],
    [
      6,
      11,
      7
    ],
    [
      7,
      11,
      12
    ],
    [
      7,
      12,
      8
    ],
    [
      8,
      12,
      13
    ],
    [
      8,
      13,
      9
    ],
    [
      9,
      13,
      14
    ],
    [
      10,
      15,
      11
    ],
    [
      11,
      15,
      16
    ],
    [
      11,
      16,
      12
    ],
    [
      12,
      16,
      17
    ],
    [
      12,
      17,
      13
    ],
    [
      13,
      17,
      18
    ],
    [
      13,
      18,
      14
    ],
    [
      14,
      18,
      19
    ]
  ],
  "uvs": [
    [
      0.540039,
      0.333008
    ],
    [
      0.558228,
      0.333008
    ],
    [
      0.576416,
      0.333008
    ],
    [
      0.594604,
      0.333008
    ],
    [
      0.612793,
      0.333008
    ],
    [
      0.540039,
      0.340495
    ],
    [
      0.558228,
      0.340495
    ],
    [
      0.576416,
      0.340495
    ],
    [
      0.594604,
      0.340495
    ],
    [
      0.612793,
      0.340495
    ],
    [
      0.540039,
      0.347982
    ],
    [
      0.558228,
      0.347982
    ],
    [
      0.576416,
      0.347982
    ],
    [
      0.594604,
      0.347982
    ],
    [
      0.612793,
      0.347982
    ],
    [
      0.540039,
      0.355469
    ],
    [
      0.558228,
      0.355469
    ],
    [
      0.576416,
      0.355469
    ],
    [
      0.594604,
      0.355469
    ],
    [
      0.612793,
      0.355469
    ]
  ],
  "mesh_path": "meshes/eye_R_lid_inbetween_065.json"
}
