{
  "part_id": "eye_L_iris",
  "vertices": [
    [
      841.0,
      649.0
    ],
    [
      863.0,
      649.0
    ],
    [
      885.0,
      649.0
    ],
    [
      907.0,
      649.0
    ],
    [
      929.0,
      649.0
    ],
    [
      841.0,
      672.667
    ],
    [
      863.0,
      672.667
    ],
    [
      885.0,
      672.667
    ],
    [
      907.0,
      672.667
    ],
    [
      929.0,
      672.667
    ],
    [
      841.0,
      696.333
    ],
    [
      863.0,
      696.333
    ],
    [
      885.0,
      696.333
    ],
    [
      907.0,
      696.333
    ],
    [
      929.0,
      696.333
    ],
    [
      841.0,
      720.0
    ],
    [
      863.0,
      720.0
    ],
    [
      885.0,
      720.0
    ],
    [
      907.0,
      720.0
    ],
    [
      929.0,
      720.0
    ]
  ],
  "triangles": [
    [
      0,
      5,
      1
    ],
    [
      1,
      5,
      6
    ],
    [
      1,
      6,
      2
    ],
    [
      2,
      6,
      7
    ],
    [
      2,
      7,
      3
    ],
    [
      3,
      7,
      8
    ],
    [
      3,
      8,
      4
    ],
    [
      4,
      8,
      9
    ],
    [
      5,
      10,
      6
    ],
    [
      6,
      10,
      11
    ],
    [
      6,
      11,
      7
    ],
    [
      7,
      11,
      12
    ],
    [
      7,
      12,
      8
    ],
    [
      8,
      12,
      13
    ],
    [
      8,
      13,
      9
    ],
    [
      9,
      13,
      14
    ],
    [
      10,
      15,
      11
    ],
    [
      11,
      15,
      16
    ],
    [
      11,
      16,
      12
    ],
    [
      12,
      16,
      17
    ],
    [
      12,
      17,
      13
    ],
    [
      13,
      17,
      18
    ],
    [
      13,
      18,
      14
    ],
    [
      14,
      18,
      19
    ]
  ],
  "uvs": [
    [
      0.410645,
      0.316895
    ],
    [
      0.421387,
      0.316895
    ],
    [
      0.432129,
      0.316895
    ],
    [
      0.442871,
      0.316895
    ],
    [
      0.453613,
      0.316895
    ],
    [
      0.410645,
      0.328451
    ],
    [
      0.421387,
      0.328451
    ],
    [
      0.432129,
      0.328451
    ],
    [
      0.442871,
      0.328451
    ],
    [
      0.453613,
      0.328451
    ],
    [
      0.410645,
      0.340007
    ],
    [
      0.421387,
      0.340007
    ],
    [
      0.432129,
      0.340007
    ],
    [
      0.442871,
      0.340007
    ],
    [
      0.453613,
      0.340007
    ],
    [
      0.410645,
      0.351562
    ],
    [
      0.421387,
      0.351562
    ],
    [
      0.432129,
      0.351562
    ],
    [
      0.442871,
      0.351562
    ],
    [
      0.453613,
      0.351562
    ]
  ],
  "mesh_path": "meshes/eye_L_iris.json"
}
