{
  "part_id": "eye_R_highlight",
  "vertices": [
    [
      1148.0,
      666.0
    ],
    [
      1152.25,
      666.0
    ],
    [
      1156.5,
      666.0
    ],
    [
      1160.75,
      666.0
    ],
    [
      1165.0,
      666.0
    ],
    [
      1148.0,
      670.333
    ],
    [
      1152.25,
      670.333
    ],
    [
      1156.5,
      670.333
    ],
    [
      1160.75,
      670.333
    ],
    [
      1165.0,
      670.333
    ],
    [
      1148.0,
      674.667
    ],
    [
      1152.25,
      674.667
    ],
    [
      1156.5,
      674.667
    ],
    [
      1160.75,
      674.667
    ],
    [
      1165.0,
      674.667
    ],
    [
      1148.0,
      679.0
    ],
    [
      1152.25,
      679.0
    ],
    [
      1156.5,
      679.0
    ],
    [
      1160.75,
      679.0
    ],
    [
      1165.0,
      679.0
    ]
  ],
  "triangles": [
    [
      0,
      5,
      1
    ],
    [
      1,
      5,
      6
    ],
    [
      1,
      6,
      2
    ],
    [
      2,
      6,
      7
    ],
    [
      2,
      7,
      3
    ],
    [
      3,
      7,
      8
    ],
    [
      3,
      8,
      4
    ],
    [
      4,
      8,
      9
    ],
    [
      5,
      10,
      6
    ],
    [
      6,
      10,
      11
    ],
    [
      6,
      11,
      7
    ],
    [
      7,
      11,
      12
    ],
    [
      7,
      12,
      8
    ],
    [
      8,
      12,
      13
    ],
    [
      8,
      13,
      9
    ],
    [
      9,
      13,
      14
    ],
    [
      10,
      15,
      11
    ],
    [
      11,
      15,
      16
    ],
    [
      11,
      16,
      12
    ],
    [
      12,
      16,
      17
    ],
    [
      12,
      17,
      13
    ],
    [
      13,
      17,
      18
    ],
    [
      13,
      18,
      14
    ],
    [
      14,
      18,
      19
    ]
  ],
  "uvs": [
    [
      0.560547,
      0.325195
    ],
    [
      0.562622,
      0.325195
    ],
    [
      0.564697,
      0.325195
    ],
    [
      0.566772,
      0.325195
    ],
    [
      0.568848,
      0.325195
    ],
    [
      0.560547,
      0.327311
    ],
    [
      0.562622,
      0.327311
    ],
    [
      0.564697,
      0.327311
    ],
    [
      0.566772,
      0.327311
    ],
    [
      0.568848,
      0.327311
    ],
    [
      0.560547,
      0.329427
    ],
    [
      0.562622,
      0.329427
    ],
    [
      0.564697,
      0.329427
    ],
    [
      0.566772,
      0.329427
    ],
    [
      0.568848,
      0.329427
    ],
    [
      0.560547,
      0.331543
    ],
    [
      0.562622,
      0.331543
    ],
    [
      0.564697,
      0.331543
    ],
    [
      0.566772,
      0.331543
    ],
    [
      0.568848,
      0.331543
    ]
  ],
  "mesh_path": "meshes/eye_R_highlight.json"
}
