{
  "part_id": "eye_L_pupil",
  "vertices": [
    [
      842.0,
      650.0
    ],
    [
      863.5,
      650.0
    ],
    [
      885.0,
      650.0
    ],
    [
      906.5,
      650.0
    ],
    [
      928.0,
      650.0
    ],
    [
      842.0,
      672.0
    ],
    [
      863.5,
      672.0
    ],
    [
      885.0,
      672.0
    ],
    [
      906.5,
      672.0
    ],
    [
      928.0,
      672.0
    ],
    [
      842.0,
      694.0
    ],
    [
      863.5,
      694.0
    ],
    [
      885.0,
      694.0
    ],
    [
      906.5,
      694.0
    ],
    [
      928.0,
      694.0
    ],
    [
      842.0,
      716.0
    ],
    [
      863.5,
      716.0
    ],
    [
      885.0,
      716.0
    ],
    [
      906.5,
      716.0
    ],
    [
      928.0,
      716.0
    ]
  ],
  "triangles": [
    [
      0,
      5,
      1
    ],
    [
      1,
      5,
      6
    ],
    [
      1,
      6,
      2
    ],
    [
      2,
      6,
      7
    ],
    [
      2,
      7,
      3
    ],
    [
      3,
      7,
      8
    ],
    [
      3,
      8,
      4
    ],
    [
      4,
      8,
      9
    ],
    [
      5,
      10,
      6
    ],
    [
      6,
      10,
      11
    ],
    [
      6,
      11,
      7
    ],
    [
      7,
      11,
      12
    ],
    [
      7,
      12,
      8
    ],
    [
      8,
      12,
      13
    ],
    [
      8,
      13,
      9
    ],
    [
      9,
      13,
      14
    ],
    [
      10,
      15,
      11
    ],
    [
      11,
      15,
      16
    ],
    [
      11,
      16,
      12
    ],
    [
      12,
      16,
      17
    ],
    [
      12,
      17,
      13
    ],
    [
      13,
      17,
      18
    ],
    [
      13,
      18,
      14
    ],
    [
      14,
      18,
      19
    ]
  ],
  "uvs": [
    [
      0.411133,
      0.317383
    ],
    [
      0.421631,
      0.317383
    ],
    [
      0.432129,
      0.317383
    ],
    [
      0.442627,
      0.317383
    ],
    [
      0.453125,
      0.317383
    ],
    [
      0.411133,
      0.328125
    ],
    [
      0.421631,
      0.328125
    ],
    [
      0.432129,
      0.328125
    ],
    [
      0.442627,
      0.328125
    ],
    [
      0.453125,
      0.328125
    ],
    [
      0.411133,
      0.338867
    ],
    [
      0.421631,
      0.338867
    ],
    [
      0.432129,
      0.338867
    ],
    [
      0.442627,
      0.338867
    ],
    [
      0.453125,
      0.338867
    ],
    [
      0.411133,
      0.349609
    ],
    [
      0.421631,
      0.349609
    ],
    [
      0.432129,
      0.349609
    ],
    [
      0.442627,
      0.349609
    ],
    [
      0.453125,
      0.349609
    ]
  ],
  "mesh_path": "meshes/eye_L_pupil.json"
}
