{
  "part_id": "eye_R_pupil",
  "vertices": [
    [
      1124.0,
      650.0
    ],
    [
      1145.5,
      650.0
    ],
    [
      1167.0,
      650.0
    ],
    [
      1188.5,
      650.0
    ],
    [
      1210.0,
      650.0
    ],
    [
      1124.0,
      672.0
    ],
    [
      1145.5,
      672.0
    ],
    [
      1167.0,
      672.0
    ],
    [
      1188.5,
      672.0
    ],
    [
      1210.0,
      672.0
    ],
    [
      1124.0,
      694.0
    ],
    [
      1145.5,
      694.0
    ],
    [
      1167.0,
      694.0
    ],
    [
      1188.5,
      694.0
    ],
    [
      1210.0,
      694.0
    ],
    [
      1124.0,
      716.0
    ],
    [
      1145.5,
      716.0
    ],
    [
      1167.0,
      716.0
    ],
    [
      1188.5,
      716.0
    ],
    [
      1210.0,
      716.0
    ]
  ],
  "triangles": [
    [
      0,
      5,
      1
    ],
    [
      1,
      5,
      6
    ],
    [
      1,
      6,
      2
    ],
    [
      2,
      6,
      7
    ],
    [
      2,
      7,
      3
    ],
    [
      3,
      7,
      8
    ],
    [
      3,
      8,
      4
    ],
    [
      4,
      8,
      9
    ],
    [
      5,
      10,
      6
    ],
    [
      6,
      10,
      11
    ],
    [
      6,
      11,
      7
    ],
    [
      7,
      11,
      12
    ],
    [
      7,
      12,
      8
    ],
    [
      8,
      12,
      13
    ],
    [
      8,
      13,
      9
    ],
    [
      9,
      13,
      14
    ],
    [
      10,
      15,
      11
    ],
    [
      11,
      15,
      16
    ],
    [
      11,
      16,
      12
    ],
    [
      12,
      16,
      17
    ],
    [
      12,
      17,
      13
    ],
    [
      13,
      17,
      18
    ],
    [
      13,
      18,
      14
    ],
    [
      14,
      18,
      19
    ]
  ],
  "uvs": [
    [
      0.548828,
      0.317383
    ],
    [
      0.559326,
      0.317383
    ],
    [
      0.569824,
      0.317383
    ],
    [
      0.580322,
      0.317383
    ],
    [
      0.59082,
      0.317383
    ],
    [
      0.548828,
      0.328125
    ],
    [
      0.559326,
      0.328125
    ],
    [
      0.569824,
      0.328125
    ],
    [
      0.580322,
      0.328125
    ],
    [
      0.59082,
      0.328125
    ],
    [
      0.548828,
      0.338867
    ],
    [
      0.559326,
      0.338867
    ],
    [
      0.569824,
      0.338867
    ],
    [
      0.580322,
      0.338867
    ],
    [
      0.59082,
      0.338867
    ],
    [
      0.548828,
      0.349609
    ],
    [
      0.559326,
      0.349609
    ],
    [
      0.569824,
      0.349609
    ],
    [
      0.580322,
      0.349609
    ],
    [
      0.59082,
      0.349609
    ]
  ],
  "mesh_path": "meshes/eye_R_pupil.json"
}
