{
  "part_id": "eye_L_lid_inbetween_080",
  "vertices": [
    [
      795.0,
      663.0
    ],
    [
      832.25,
      663.0
    ],
    [
      869.5,
      663.0
    ],
    [
      906.75,
      663.0
    ],
    [
      944.0,
      663.0
    ],
    [
      795.0,
      684.333
    ],
    [
      832.25,
      684.333
    ],
    [
      869.5,
      684.333
    ],
    [
      906.75,
      684.333
    ],
    [
      944.0,
      684.333
    ],
    [
      795.0,
      705.667
    ],
    [
      832.25,
      705.667
    ],
    [
      869.5,
      705.667
    ],
    [
      906.75,
      705.667
    ],
    [
      944.0,
      705.667
    ],
    [
      795.0,
      727.0
    ],
    [
      832.25,
      727.0
    ],
    [
      869.5,
      727.0
    ],
    [
      906.75,
      727.0
    ],
    [
      944.0,
      727.0
    ]
  ],
  "triangles": [
    [
      0,
      5,
      1
    ],
    [
      1,
      5,
      6
    ],
    [
      1,
      6,
      2
    ],
    [
      2,
      6,
      7
    ],
    [
      2,
      7,
      3
    ],
    [
      3,
      7,
      8
    ],
    [
      3,
      8,
      4
    ],
    [
      4,
      8,
      9
    ],
    [
      5,
      10,
      6
    ],
    [
      6,
      10,
      11
    ],
    [
      6,
      11,
      7
    ],
    [
      7,
      11,
      12
    ],
    [
      7,
      12,
      8
    ],
    [
      8,
      12,
      13
    ],
    [
      8,
      13,
      9
    ],
    [
      9,
      13,
      14
    ],
    [
      10,
      15,
      11
    ],
    [
      11,
      15,
      16
    ],
    [
      11,
      16,
      12
    ],
    [
      12,
      16,
      17
    ],
    [
      12,
      17,
      13
    ],
    [
      13,
      17,
      18
    ],
    [
      13,
      18,
      14
    ],
    [
      14,
      18,
      19
    ]
  ],
  "uvs": [
    [
      0.388184,
      0.32373
    ],
    [
      0.406372,
      0.32373
    ],
    [
      0.424561,
      0.32373
    ],
    [
      0.442749,
      0.32373
    ],
    [
      0.460938,
      0.32373
    ],
    [
      0.388184,
      0.334147
    ],
    [
      0.406372,
      0.334147
    ],
    [
      0.424561,
      0.334147
    ],
    [
      0.442749,
      0.334147
    ],
    [
      0.460938,
      0.334147
    ],
    [
      0.388184,
      0.344564
    ],
    [
      0.406372,
      0.344564
    ],
    [
      0.424561,
      0.344564
    ],
    [
      0.442749,
      0.344564
    ],
    [
      0.460938,
      0.344564
    ],
    [
      0.388184,
      0.35498
    ],
    [
      0.406372,
      0.35498
    ],
    [
      0.424561,
      0.35498
    ],
    [
      0.442749,
      0.35498
    ],
    [
      0.460938,
      0.35498
    ]
  ],
  "mesh_path": "meshes/eye_L_lid_inbetween_080.json"
}
