{
  "part_id": "eye_L_white",
  "vertices": [
    [
      785.0,
      637.0
    ],
    [
      832.75,
      637.0
    ],
    [
      880.5,
      637.0
    ],
    [
      928.25,
      637.0
    ],
    [
      976.0,
      637.0
    ],
    [
      785.0,
      670.667
    ],
    [
      832.75,
      670.667
    ],
    [
      880.5,
      670.667
    ],
    [
      928.25,
      670.667
    ],
    [
      976.0,
      670.667
    ],
    [
      785.0,
      704.333
    ],
    [
      832.75,
      704.333
    ],
    [
      880.5,
      704.333
    ],
    [
      928.25,
      704.333
    ],
    [
      976.0,
      704.333
    ],
    [
      785.0,
      738.0
    ],
    [
      832.75,
      738.0
    ],
    [
      880.5,
      738.0
    ],
    [
      928.25,
      738.0
    ],
    [
      976.0,
      738.0
    ]
  ],
  "triangles": [
    [
      0,
      5,
      1
    ],
    [
      1,
      5,
      6
    ],
    [
      1,
      6,
      2
    ],
    [
      2,
      6,
      7
    ],
    [
      2,
      7,
      3
    ],
    [
      3,
      7,
      8
    ],
    [
      3,
      8,
      4
    ],
    [
      4,
      8,
      9
    ],
    [
      5,
      10,
      6
    ],
    [
      6,
      10,
      11
    ],
    [
      6,
      11,
      7
    ],
    [
      7,
      11,
      12
    ],
    [
      7,
      12,
      8
    ],
    [
      8,
      12,
      13
    ],
    [
      8,
      13,
      9
    ],
    [
      9,
      13,
      14
    ],
    [
      10,
      15,
      11
    ],
    [
      11,
      15,
      16
    ],
    [
      11,
      16,
      12
    ],
    [
      12,
      16,
      17
    ],
    [
      12,
      17,
      13
    ],
    [
      13,
      17,
      18
    ],
    [
      13,
      18,
      14
    ],
    [
      14,
      18,
      19
    ]
  ],
  "uvs": [
    [
      0.383301,
      0.311035
    ],
    [
      0.406616,
      0.311035
    ],
    [
      0.429932,
      0.311035
    ],
    [
      0.453247,
      0.311035
    ],
    [
      0.476562,
      0.311035
    ],
    [
      0.383301,
      0.327474
    ],
    [
      0.406616,
      0.327474
    ],
    [
      0.429932,
      0.327474
    ],
    [
      0.453247,
      0.327474
    ],
    [
      0.476562,
      0.327474
    ],
    [
      0.383301,
      0.343913
    ],
    [
      0.406616,
      0.343913
    ],
    [
      0.429932,
      0.343913
    ],
    [
      0.453247,
      0.343913
    ],
    [
      0.476562,
      0.343913
    ],
    [
      0.383301,
      0.360352
    ],
    [
      0.406616,
      0.360352
    ],
    [
      0.429932,
      0.360352
    ],
    [
      0.453247,
      0.360352
    ],
    [
      0.476562,
      0.360352
    ]
  ],
  "mesh_path": "meshes/eye_L_white.json"
}
