{
  "part_id": "eye_R_lid_inbetween_038",
  "vertices": [
    [
      1100.0,
      674.0
    ],
    [
      1139.75,
      674.0
    ],
    [
      1179.5,
      674.0
    ],
    [
      1219.25,
      674.0
    ],
    [
      1259.0,
      674.0
    ],
    [
      1100.0,
      690.333
    ],
    [
      1139.75,
      690.333
    ],
    [
      1179.5,
      690.333
    ],
    [
      1219.25,
      690.333
    ],
    [
      1259.0,
      690.333
    ],
    [
      1100.0,
      706.667
    ],
    [
      1139.75,
      706.667
    ],
    [
      1179.5,
      706.667
    ],
    [
      1219.25,
      706.667
    ],
    [
      1259.0,
      706.667
    ],
    [
      1100.0,
      723.0
    ],
    [
      1139.75,
      723.0
    ],
    [
      1179.5,
      723.0
    ],
    [
      1219.25,
      723.0
    ],
    [
      1259.0,
      723.0
    ]
  ],
  "triangles": [
    [
      0,
      5,
      1
    ],
    [
      1,
      5,
      6
    ],
    [
      1,
      6,
      2
    ],
    [
      2,
      6,
      7
    ],
    [
      2,
      7,
      3
    ],
    [
      3,
      7,
      8
    ],
    [
      3,
      8,
      4
    ],
    [
      4,
      8,
      9
    ],
    [
      5,
      10,
      6
    ],
    [
      6,
      10,
      11
    ],
    [
      6,
      11,
      7
    ],
    [
      7,
      11,
      12
    ],
    [
      7,
      12,
      8
    ],
    [
      8,
      12,
      13
    ],
    [
      8,
      13,
      9
    ],
    [
      9,
      13,
      14
    ],
    [
      10,
      15,
      11
    ],
    [
      11,
      15,
      16
    ],
    [
      11,
      16,
      12
    ],
    [
      12,
      16,
      17
    ],
    [
      12,
      17,
      13
    ],
    [
      13,
      17,
      18
    ],
    [
      13,
      18,
      14
    ],
    [
      14,
      18,
      19
    ]
  ],
  "uvs": [
    [
      0.537109,
      0.329102
    ],
    [
      0.556519,
      0.329102
    ],
    [
      0.575928,
      0.329102
    ],
    [
      0.595337,
      0.329102
    ],
    [
      0.614746,
      0.329102
    ],
    [
      0.537109,
      0.337077
    ],
    [
      0.556519,
      0.337077
    ],
    [
      0.575928,
      0.337077
    ],
    [
      0.595337,
      0.337077
    ],
    [
      0.614746,
      0.337077
    ],
    [
      0.537109,
      0.345052
    ],
    [
      0.556519,
      0.345052
    ],
    [
      0.575928,
      0.345052
    ],
    [
      0.595337,
      0.345052
    ],
    [
      0.614746,
      0.345052
    ],
    [
      0.537109,
      0.353027
    ],
    [
      0.556519,
      0.353027
    ],
    [
      0.575928,
      0.353027
    ],
    [
      0.595337,
      0.353027
    ],
    [
      0.614746,
      0.353027
    ]
  ],
  "mesh_path": "meshes/eye_R_lid_inbetween_038.json"
}
