{
  "part_id": "eye_L_mostly_closed_lid",
  "vertices": [
    [
      796.0,
      653.0
    ],
    [
      834.25,
      653.0
    ],
    [
      872.5,
      653.0
    ],
    [
      910.75,
      653.0
    ],
    [
      949.0,
      653.0
    ],
    [
      796.0,
      676.333
    ],
    [
      834.25,
      676.333
    ],
    [
      872.5,
      676.333
    ],
    [
      910.75,
      676.333
    ],
    [
      949.0,
      676.333
    ],
    [
      796.0,
      699.667
    ],
    [
      834.25,
      699.667
    ],
    [
      872.5,
      699.667
    ],
    [
      910.75,
      699.667
    ],
    [
      949.0,
      699.667
    ],
    [
      796.0,
      723.0
    ],
    [
      834.25,
      723.0
    ],
    [
      872.5,
      723.0
    ],
    [
      910.75,
      723.0
    ],
    [
      949.0,
      723.0
    ]
  ],
  "triangles": [
    [
      0,
      5,
      1
    ],
    [
      1,
      5,
      6
    ],
    [
      1,
      6,
      2
    ],
    [
      2,
      6,
      7
    ],
    [
      2,
      7,
      3
    ],
    [
      3,
      7,
      8
    ],
    [
      3,
      8,
      4
    ],
    [
      4,
      8,
      9
    ],
    [
      5,
      10,
      6
    ],
    [
      6,
      10,
      11
    ],
    [
      6,
      11,
      7
    ],
    [
      7,
      11,
      12
    ],
    [
      7,
      12,
      8
    ],
    [
      8,
      12,
      13
    ],
    [
      8,
      13,
      9
    ],
    [
      9,
      13,
      14
    ],
    [
      10,
      15,
      11
    ],
    [
      11,
      15,
      16
    ],
    [
      11,
      16,
      12
    ],
    [
      12,
      16,
      17
    ],
    [
      12,
      17,
      13
    ],
    [
      13,
      17,
      18
    ],
    [
      13,
      18,
      14
    ],
    [
      14,
      18,
      19
    ]
  ],
  "uvs": [
    [
      0.388672,
      0.318848
    ],
    [
      0.407349,
      0.318848
    ],
    [
      0.426025,
      0.318848
    ],
    [
      0.444702,
      0.318848
    ],
    [
      0.463379,
      0.318848
    ],
    [
      0.388672,
      0.330241
    ],
    [
      0.407349,
      0.330241
    ],
    [
      0.426025,
      0.330241
    ],
    [
      0.444702,
      0.330241
    ],
    [
      0.463379,
      0.330241
    ],
    [
      0.388672,
      0.341634
    ],
    [
      0.407349,
      0.341634
    ],
    [
      0.426025,
      0.341634
    ],
    [
      0.444702,
      0.341634
    ],
    [
      0.463379,
      0.341634
    ],
    [
      0.388672,
      0.353027
    ],
    [
      0.407349,
      0.353027
    ],
    [
      0.426025,
      0.353027
    ],
    [
      0.444702,
      0.353027
    ],
    [
      0.463379,
      0.353027
    ]
  ],
  "mesh_path": "meshes/eye_L_mostly_closed_lid.json"
}
