{
  "part_id": "eye_R_open",
  "vertices": [
    [
      1075.0,
      637.0
    ],
    [
      1122.75,
      637.0
    ],
    [
      1170.5,
      637.0
    ],
    [
      1218.25,
      637.0
    ],
    [
      1266.0,
      637.0
    ],
    [
      1075.0,
      670.333
    ],
    [
      1122.75,
      670.333
    ],
    [
      1170.5,
      670.333
    ],
    [
      1218.25,
      670.333
    ],
    [
      1266.0,
      670.333
    ],
    [
      1075.0,
      703.667
    ],
    [
      1122.75,
      703.667
    ],
    [
      1170.5,
      703.667
    ],
    [
      1218.25,
      703.667
    ],
    [
      1266.0,
      703.667
    ],
    [
      1075.0,
      737.0
    ],
    [
      1122.75,
      737.0
    ],
    [
      1170.5,
      737.0
    ],
    [
      1218.25,
      737.0
    ],
    [
      1266.0,
      737.0
    ]
  ],
  "triangles": [
    [
      0,
      5,
      1
    ],
    [
      1,
      5,
      6
    ],
    [
      1,
      6,
      2
    ],
    [
      2,
      6,
      7
    ],
    [
      2,
      7,
      3
    ],
    [
      3,
      7,
      8
    ],
    [
      3,
      8,
      4
    ],
    [
      4,
      8,
      9
    ],
    [
      5,
      10,
      6
    ],
    [
      6,
      10,
      11
    ],
    [
      6,
      11,
      7
    ],
    [
      7,
      11,
      12
    ],
    [
      7,
      12,
      8
    ],
    [
      8,
      12,
      13
    ],
    [
      8,
      13,
      9
    ],
    [
      9,
      13,
      14
    ],
    [
      10,
      15,
      11
    ],
    [
      11,
      15,
      16
    ],
    [
      11,
      16,
      12
    ],
    [
      12,
      16,
      17
    ],
    [
      12,
      17,
      13
    ],
    [
      13,
      17,
      18
    ],
    [
      13,
      18,
      14
    ],
    [
      14,
      18,
      19
    ]
  ],
  "uvs": [
    [
      0.524902,
      0.311035
    ],
    [
      0.548218,
      0.311035
    ],
    [
      0.571533,
      0.311035
    ],
    [
      0.594849,
      0.311035
    ],
    [
      0.618164,
      0.311035
    ],
    [
      0.524902,
      0.327311
    ],
    [
      0.548218,
      0.327311
    ],
    [
      0.571533,
      0.327311
    ],
    [
      0.594849,
      0.327311
    ],
    [
      0.618164,
      0.327311
    ],
    [
      0.524902,
      0.343587
    ],
    [
      0.548218,
      0.343587
    ],
    [
      0.571533,
      0.343587
    ],
    [
      0.594849,
      0.343587
    ],
    [
      0.618164,
      0.343587
    ],
    [
      0.524902,
      0.359863
    ],
    [
      0.548218,
      0.359863
    ],
    [
      0.571533,
      0.359863
    ],
    [
      0.594849,
      0.359863
    ],
    [
      0.618164,
      0.359863
    ]
  ],
  "mesh_path": "meshes/eye_R_open.json"
}
