{
  "part_id": "eye_L_highlight",
  "vertices": [
    [
      865.0,
      666.0
    ],
    [
      869.25,
      666.0
    ],
    [
      873.5,
      666.0
    ],
    [
      877.75,
      666.0
    ],
    [
      882.0,
      666.0
    ],
    [
      865.0,
      670.333
    ],
    [
      869.25,
      670.333
    ],
    [
      873.5,
      670.333
    ],
    [
      877.75,
      670.333
    ],
    [
      882.0,
      670.333
    ],
    [
      865.0,
      674.667
    ],
    [
      869.25,
      674.667
    ],
    [
      873.5,
      674.667
    ],
    [
      877.75,
      674.667
    ],
    [
      882.0,
      674.667
    ],
    [
      865.0,
      679.0
    ],
    [
      869.25,
      679.0
    ],
    [
      873.5,
      679.0
    ],
    [
      877.75,
      679.0
    ],
    [
      882.0,
      679.0
    ]
  ],
  "triangles": [
    [
      0,
      5,
      1
    ],
    [
      1,
      5,
      6
    ],
    [
      1,
      6,
      2
    ],
    [
      2,
      6,
      7
    ],
    [
      2,
      7,
      3
    ],
    [
      3,
      7,
      8
    ],
    [
      3,
      8,
      4
    ],
    [
      4,
      8,
      9
    ],
    [
      5,
      10,
      6
    ],
    [
      6,
      10,
      11
    ],
    [
      6,
      11,
      7
    ],
    [
      7,
      11,
      12
    ],
    [
      7,
      12,
      8
    ],
    [
      8,
      12,
      13
    ],
    [
      8,
      13,
      9
    ],
    [
      9,
      13,
      14
    ],
    [
      10,
      15,
      11
    ],
    [
      11,
      15,
      16
    ],
    [
      11,
      16,
      12
    ],
    [
      12,
      16,
      17
    ],
    [
      12,
      17,
      13
    ],
    [
      13,
      17,
      18
    ],
    [
      13,
      18,
      14
    ],
    [
      14,
      18,
      19
    ]
  ],
  "uvs": [
    [
      0.422363,
      0.325195
    ],
    [
      0.424438,
      0.325195
    ],
    [
      0.426514,
      0.325195
    ],
    [
      0.428589,
      0.325195
    ],
    [
      0.430664,
      0.325195
    ],
    [
      0.422363,
      0.327311
    ],
    [
      0.424438,
      0.327311
    ],
    [
      0.426514,
      0.327311
    ],
    [
      0.428589,
      0.327311
    ],
    [
      0.430664,
      0.327311
    ],
    [
      0.422363,
      0.329427
    ],
    [
      0.424438,
      0.329427
    ],
    [
      0.426514,
      0.329427
    ],
    [
      0.428589,
      0.329427
    ],
    [
      0.430664,
      0.329427
    ],
    [
      0.422363,
      0.331543
    ],
    [
      0.424438,
      0.331543
    ],
    [
      0.426514,
      0.331543
    ],
    [
      0.428589,
      0.331543
    ],
    [
      0.430664,
      0.331543
    ]
  ],
  "mesh_path": "meshes/eye_L_highlight.json"
}
