{
  "part_id": "mouth_wide_teeth_tongue_gen",
  "vertices": [
    [
      948.0,
      853.0
    ],
    [
      991.75,
      853.0
    ],
    [
      1035.5,
      853.0
    ],
    [
      1079.25,
      853.0
    ],
    [
      1123.0,
      853.0
    ],
    [
      948.0,
      879.0
    ],
    [
      991.75,
      879.0
    ],
    [
      1035.5,
      879.0
    ],
    [
      1079.25,
      879.0
    ],
    [
      1123.0,
      879.0
    ],
    [
      948.0,
      905.0
    ],
    [
      991.75,
      905.0
    ],
    [
      1035.5,
      905.0
    ],
    [
      1079.25,
      905.0
    ],
    [
      1123.0,
      905.0
    ],
    [
      948.0,
      931.0
    ],
    [
      991.75,
      931.0
    ],
    [
      1035.5,
      931.0
    ],
    [
      1079.25,
      931.0
    ],
    [
      1123.0,
      931.0
    ]
  ],
  "triangles": [
    [
      0,
      5,
      1
    ],
    [
      1,
      5,
      6
    ],
    [
      1,
      6,
      2
    ],
    [
      2,
      6,
      7
    ],
    [
      2,
      7,
      3
    ],
    [
      3,
      7,
      8
    ],
    [
      3,
      8,
      4
    ],
    [
      4,
      8,
      9
    ],
    [
      5,
      10,
      6
    ],
    [
      6,
      10,
      11
    ],
    [
      6,
      11,
      7
    ],
    [
      7,
      11,
      12
    ],
    [
      7,
      12,
      8
    ],
    [
      8,
      12,
      13
    ],
    [
      8,
      13,
      9
    ],
    [
      9,
      13,
      14
    ],
    [
      10,
      15,
      11
    ],
    [
      11,
      15,
      16
    ],
    [
      11,
      16,
      12
    ],
    [
      12,
      16,
      17
    ],
    [
      12,
      17,
      13
    ],
    [
      13,
      17,
      18
    ],
    [
      13,
      18,
      14
    ],
    [
      14,
      18,
      19
    ]
  ],
  "uvs": [
    [
      0.462891,
      0.416504
    ],
    [
      0.484253,
      0.416504
    ],
    [
      0.505615,
      0.416504
    ],
    [
      0.526978,
      0.416504
    ],
    [
      0.54834,
      0.416504
    ],
    [
      0.462891,
      0.429199
    ],
    [
      0.484253,
      0.429199
    ],
    [
      0.505615,
      0.429199
    ],
    [
      0.526978,
      0.429199
    ],
    [
      0.54834,
      0.429199
    ],
    [
      0.462891,
      0.441895
    ],
    [
      0.484253,
      0.441895
    ],
    [
      0.505615,
      0.441895
    ],
    [
      0.526978,
      0.441895
    ],
    [
      0.54834,
      0.441895
    ],
    [
      0.462891,
      0.45459
    ],
    [
      0.484253,
      0.45459
    ],
    [
      0.505615,
      0.45459
    ],
    [
      0.526978,
      0.45459
    ],
    [
      0.54834,
      0.45459
    ]
  ],
  "mesh_path": "meshes/mouth_wide_teeth_tongue_gen.json"
}
