{
  "part_id": "L_upper_lash",
  "vertices": [
    [
      1108.0,
      685.0
    ],
    [
      1166.75,
      685.0
    ],
    [
      1225.5,
      685.0
    ],
    [
      1284.25,
      685.0
    ],
    [
      1343.0,
      685.0
    ],
    [
      1108.0,
      734.333
    ],
    [
      1166.75,
      734.333
    ],
    [
      1225.5,
      734.333
    ],
    [
      1284.25,
      734.333
    ],
    [
      1343.0,
      734.333
    ],
    [
      1108.0,
      783.667
    ],
    [
      1166.75,
      783.667
    ],
    [
      1225.5,
      783.667
    ],
    [
      1284.25,
      783.667
    ],
    [
      1343.0,
      783.667
    ],
    [
      1108.0,
      833.0
    ],
    [
      1166.75,
      833.0
    ],
    [
      1225.5,
      833.0
    ],
    [
      1284.25,
      833.0
    ],
    [
      1343.0,
      833.0
    ]
  ],
  "triangles": [
    [
      0,
      5,
      1
    ],
    [
      1,
      5,
      6
    ],
    [
      1,
      6,
      2
    ],
    [
      2,
      6,
      7
    ],
    [
      2,
      7,
      3
    ],
    [
      3,
      7,
      8
    ],
    [
      3,
      8,
      4
    ],
    [
      4,
      8,
      9
    ],
    [
      5,
      10,
      6
    ],
    [
      6,
      10,
      11
    ],
    [
      6,
      11,
      7
    ],
    [
      7,
      11,
      12
    ],
    [
      7,
      12,
      8
    ],
    [
      8,
      12,
      13
    ],
    [
      8,
      13,
      9
    ],
    [
      9,
      13,
      14
    ],
    [
      10,
      15,
      11
    ],
    [
      11,
      15,
      16
    ],
    [
      11,
      16,
      12
    ],
    [
      12,
      16,
      17
    ],
    [
      12,
      17,
      13
    ],
    [
      13,
      17,
      18
    ],
    [
      13,
      18,
      14
    ],
    [
      14,
      18,
      19
    ]
  ],
  "uvs": [
    [
      0.541016,
      0.334473
    ],
    [
      0.569702,
      0.334473
    ],
    [
      0.598389,
      0.334473
    ],
    [
      0.627075,
      0.334473
    ],
    [
      0.655762,
      0.334473
    ],
    [
      0.541016,
      0.358561
    ],
    [
      0.569702,
      0.358561
    ],
    [
      0.598389,
      0.358561
    ],
    [
      0.627075,
      0.358561
    ],
    [
      0.655762,
      0.358561
    ],
    [
      0.541016,
      0.38265
    ],
    [
      0.569702,
      0.38265
    ],
    [
      0.598389,
      0.38265
    ],
    [
      0.627075,
      0.38265
    ],
    [
      0.655762,
      0.38265
    ],
    [
      0.541016,
      0.406738
    ],
    [
      0.569702,
      0.406738
    ],
    [
      0.598389,
      0.406738
    ],
    [
      0.627075,
      0.406738
    ],
    [
      0.655762,
      0.406738
    ]
  ],
  "boundary_vertex_ids": [
    0,
    1,
    2,
    3,
    4,
    5,
    9,
    10,
    14,
    15,
    16,
    17,
    18,
    19
  ],
  "mesh_strategy": {
    "kind": "alpha_bbox_grid",
    "cols": 4,
    "rows": 3,
    "note": "v0 conservative mesh based on alpha bbox; not final Cubism ArtMesh quality"
  },
  "mesh_path": "meshes/L_upper_lash.json"
}
