{
  "part_id": "mouth_half_open",
  "vertices": [
    [
      977.0,
      992.0
    ],
    [
      996.8,
      992.0
    ],
    [
      1016.6,
      992.0
    ],
    [
      1036.4,
      992.0
    ],
    [
      1056.2,
      992.0
    ],
    [
      1076.0,
      992.0
    ],
    [
      977.0,
      1008.667
    ],
    [
      996.8,
      1008.667
    ],
    [
      1016.6,
      1008.667
    ],
    [
      1036.4,
      1008.667
    ],
    [
      1056.2,
      1008.667
    ],
    [
      1076.0,
      1008.667
    ],
    [
      977.0,
      1025.333
    ],
    [
      996.8,
      1025.333
    ],
    [
      1016.6,
      1025.333
    ],
    [
      1036.4,
      1025.333
    ],
    [
      1056.2,
      1025.333
    ],
    [
      1076.0,
      1025.333
    ],
    [
      977.0,
      1042.0
    ],
    [
      996.8,
      1042.0
    ],
    [
      1016.6,
      1042.0
    ],
    [
      1036.4,
      1042.0
    ],
    [
      1056.2,
      1042.0
    ],
    [
      1076.0,
      1042.0
    ]
  ],
  "triangles": [
    [
      0,
      6,
      1
    ],
    [
      1,
      6,
      7
    ],
    [
      1,
      7,
      2
    ],
    [
      2,
      7,
      8
    ],
    [
      2,
      8,
      3
    ],
    [
      3,
      8,
      9
    ],
    [
      3,
      9,
      4
    ],
    [
      4,
      9,
      10
    ],
    [
      4,
      10,
      5
    ],
    [
      5,
      10,
      11
    ],
    [
      6,
      12,
      7
    ],
    [
      7,
      12,
      13
    ],
    [
      7,
      13,
      8
    ],
    [
      8,
      13,
      14
    ],
    [
      8,
      14,
      9
    ],
    [
      9,
      14,
      15
    ],
    [
      9,
      15,
      10
    ],
    [
      10,
      15,
      16
    ],
    [
      10,
      16,
      11
    ],
    [
      11,
      16,
      17
    ],
    [
      12,
      18,
      13
    ],
    [
      13,
      18,
      19
    ],
    [
      13,
      19,
      14
    ],
    [
      14,
      19,
      20
    ],
    [
      14,
      20,
      15
    ],
    [
      15,
      20,
      21
    ],
    [
      15,
      21,
      16
    ],
    [
      16,
      21,
      22
    ],
    [
      16,
      22,
      17
    ],
    [
      17,
      22,
      23
    ]
  ],
  "uvs": [
    [
      0.477051,
      0.484375
    ],
    [
      0.486719,
      0.484375
    ],
    [
      0.496387,
      0.484375
    ],
    [
      0.506055,
      0.484375
    ],
    [
      0.515723,
      0.484375
    ],
    [
      0.525391,
      0.484375
    ],
    [
      0.477051,
      0.492513
    ],
    [
      0.486719,
      0.492513
    ],
    [
      0.496387,
      0.492513
    ],
    [
      0.506055,
      0.492513
    ],
    [
      0.515723,
      0.492513
    ],
    [
      0.525391,
      0.492513
    ],
    [
      0.477051,
      0.500651
    ],
    [
      0.486719,
      0.500651
    ],
    [
      0.496387,
      0.500651
    ],
    [
      0.506055,
      0.500651
    ],
    [
      0.515723,
      0.500651
    ],
    [
      0.525391,
      0.500651
    ],
    [
      0.477051,
      0.508789
    ],
    [
      0.486719,
      0.508789
    ],
    [
      0.496387,
      0.508789
    ],
    [
      0.506055,
      0.508789
    ],
    [
      0.515723,
      0.508789
    ],
    [
      0.525391,
      0.508789
    ]
  ],
  "boundary_vertex_ids": [
    0,
    1,
    2,
    3,
    4,
    5,
    6,
    11,
    12,
    17,
    18,
    19,
    20,
    21,
    22,
    23
  ],
  "mesh_strategy": {
    "kind": "physics_v0_3_keypose_bbox_grid",
    "cols": 5,
    "rows": 3
  },
  "mesh_path": "meshes/mouth_half_open.json"
}
