{
  "part_id": "mouth_open",
  "vertices": [
    [
      969.0,
      978.0
    ],
    [
      992.2,
      978.0
    ],
    [
      1015.4,
      978.0
    ],
    [
      1038.6,
      978.0
    ],
    [
      1061.8,
      978.0
    ],
    [
      1085.0,
      978.0
    ],
    [
      969.0,
      1004.0
    ],
    [
      992.2,
      1004.0
    ],
    [
      1015.4,
      1004.0
    ],
    [
      1038.6,
      1004.0
    ],
    [
      1061.8,
      1004.0
    ],
    [
      1085.0,
      1004.0
    ],
    [
      969.0,
      1030.0
    ],
    [
      992.2,
      1030.0
    ],
    [
      1015.4,
      1030.0
    ],
    [
      1038.6,
      1030.0
    ],
    [
      1061.8,
      1030.0
    ],
    [
      1085.0,
      1030.0
    ],
    [
      969.0,
      1056.0
    ],
    [
      992.2,
      1056.0
    ],
    [
      1015.4,
      1056.0
    ],
    [
      1038.6,
      1056.0
    ],
    [
      1061.8,
      1056.0
    ],
    [
      1085.0,
      1056.0
    ]
  ],
  "triangles": [
    [
      0,
      6,
      1
    ],
    [
      1,
      6,
      7
    ],
    [
      1,
      7,
      2
    ],
    [
      2,
      7,
      8
    ],
    [
      2,
      8,
      3
    ],
    [
      3,
      8,
      9
    ],
    [
      3,
      9,
      4
    ],
    [
      4,
      9,
      10
    ],
    [
      4,
      10,
      5
    ],
    [
      5,
      10,
      11
    ],
    [
      6,
      12,
      7
    ],
    [
      7,
      12,
      13
    ],
    [
      7,
      13,
      8
    ],
    [
      8,
      13,
      14
    ],
    [
      8,
      14,
      9
    ],
    [
      9,
      14,
      15
    ],
    [
      9,
      15,
      10
    ],
    [
      10,
      15,
      16
    ],
    [
      10,
      16,
      11
    ],
    [
      11,
      16,
      17
    ],
    [
      12,
      18,
      13
    ],
    [
      13,
      18,
      19
    ],
    [
      13,
      19,
      14
    ],
    [
      14,
      19,
      20
    ],
    [
      14,
      20,
      15
    ],
    [
      15,
      20,
      21
    ],
    [
      15,
      21,
      16
    ],
    [
      16,
      21,
      22
    ],
    [
      16,
      22,
      17
    ],
    [
      17,
      22,
      23
    ]
  ],
  "uvs": [
    [
      0.473145,
      0.477539
    ],
    [
      0.484473,
      0.477539
    ],
    [
      0.495801,
      0.477539
    ],
    [
      0.507129,
      0.477539
    ],
    [
      0.518457,
      0.477539
    ],
    [
      0.529785,
      0.477539
    ],
    [
      0.473145,
      0.490234
    ],
    [
      0.484473,
      0.490234
    ],
    [
      0.495801,
      0.490234
    ],
    [
      0.507129,
      0.490234
    ],
    [
      0.518457,
      0.490234
    ],
    [
      0.529785,
      0.490234
    ],
    [
      0.473145,
      0.50293
    ],
    [
      0.484473,
      0.50293
    ],
    [
      0.495801,
      0.50293
    ],
    [
      0.507129,
      0.50293
    ],
    [
      0.518457,
      0.50293
    ],
    [
      0.529785,
      0.50293
    ],
    [
      0.473145,
      0.515625
    ],
    [
      0.484473,
      0.515625
    ],
    [
      0.495801,
      0.515625
    ],
    [
      0.507129,
      0.515625
    ],
    [
      0.518457,
      0.515625
    ],
    [
      0.529785,
      0.515625
    ]
  ],
  "boundary_vertex_ids": [
    0,
    1,
    2,
    3,
    4,
    5,
    6,
    11,
    12,
    17,
    18,
    19,
    20,
    21,
    22,
    23
  ],
  "mesh_strategy": {
    "kind": "physics_v0_3_keypose_bbox_grid",
    "cols": 5,
    "rows": 3
  },
  "mesh_path": "meshes/mouth_open.json"
}
