{
  "part_id": "accent_blush",
  "vertices": [
    [
      881.0,
      447.0
    ],
    [
      953.2,
      447.0
    ],
    [
      1025.5,
      447.0
    ],
    [
      1097.8,
      447.0
    ],
    [
      1170.0,
      447.0
    ],
    [
      881.0,
      467.3
    ],
    [
      953.2,
      467.3
    ],
    [
      1025.5,
      467.3
    ],
    [
      1097.8,
      467.3
    ],
    [
      1170.0,
      467.3
    ],
    [
      881.0,
      487.7
    ],
    [
      953.2,
      487.7
    ],
    [
      1025.5,
      487.7
    ],
    [
      1097.8,
      487.7
    ],
    [
      1170.0,
      487.7
    ],
    [
      881.0,
      508.0
    ],
    [
      953.2,
      508.0
    ],
    [
      1025.5,
      508.0
    ],
    [
      1097.8,
      508.0
    ],
    [
      1170.0,
      508.0
    ]
  ],
  "triangles": [
    [
      0,
      5,
      1
    ],
    [
      1,
      5,
      6
    ],
    [
      1,
      6,
      2
    ],
    [
      2,
      6,
      7
    ],
    [
      2,
      7,
      3
    ],
    [
      3,
      7,
      8
    ],
    [
      3,
      8,
      4
    ],
    [
      4,
      8,
      9
    ],
    [
      5,
      10,
      6
    ],
    [
      6,
      10,
      11
    ],
    [
      6,
      11,
      7
    ],
    [
      7,
      11,
      12
    ],
    [
      7,
      12,
      8
    ],
    [
      8,
      12,
      13
    ],
    [
      8,
      13,
      9
    ],
    [
      9,
      13,
      14
    ],
    [
      10,
      15,
      11
    ],
    [
      11,
      15,
      16
    ],
    [
      11,
      16,
      12
    ],
    [
      12,
      16,
      17
    ],
    [
      12,
      17,
      13
    ],
    [
      13,
      17,
      18
    ],
    [
      13,
      18,
      14
    ],
    [
      14,
      18,
      19
    ]
  ],
  "uvs": [
    [
      0.430176,
      0.218262
    ],
    [
      0.46543,
      0.218262
    ],
    [
      0.500732,
      0.218262
    ],
    [
      0.536035,
      0.218262
    ],
    [
      0.571289,
      0.218262
    ],
    [
      0.430176,
      0.228174
    ],
    [
      0.46543,
      0.228174
    ],
    [
      0.500732,
      0.228174
    ],
    [
      0.536035,
      0.228174
    ],
    [
      0.571289,
      0.228174
    ],
    [
      0.430176,
      0.238135
    ],
    [
      0.46543,
      0.238135
    ],
    [
      0.500732,
      0.238135
    ],
    [
      0.536035,
      0.238135
    ],
    [
      0.571289,
      0.238135
    ],
    [
      0.430176,
      0.248047
    ],
    [
      0.46543,
      0.248047
    ],
    [
      0.500732,
      0.248047
    ],
    [
      0.536035,
      0.248047
    ],
    [
      0.571289,
      0.248047
    ]
  ],
  "mesh_path": "meshes/accent_blush.json"
}
