{
  "part_id": "accent_sweat",
  "vertices": [
    [
      1185.0,
      288.0
    ],
    [
      1189.0,
      288.0
    ],
    [
      1193.0,
      288.0
    ],
    [
      1197.0,
      288.0
    ],
    [
      1201.0,
      288.0
    ],
    [
      1185.0,
      305.3
    ],
    [
      1189.0,
      305.3
    ],
    [
      1193.0,
      305.3
    ],
    [
      1197.0,
      305.3
    ],
    [
      1201.0,
      305.3
    ],
    [
      1185.0,
      322.7
    ],
    [
      1189.0,
      322.7
    ],
    [
      1193.0,
      322.7
    ],
    [
      1197.0,
      322.7
    ],
    [
      1201.0,
      322.7
    ],
    [
      1185.0,
      340.0
    ],
    [
      1189.0,
      340.0
    ],
    [
      1193.0,
      340.0
    ],
    [
      1197.0,
      340.0
    ],
    [
      1201.0,
      340.0
    ]
  ],
  "triangles": [
    [
      0,
      5,
      1
    ],
    [
      1,
      5,
      6
    ],
    [
      1,
      6,
      2
    ],
    [
      2,
      6,
      7
    ],
    [
      2,
      7,
      3
    ],
    [
      3,
      7,
      8
    ],
    [
      3,
      8,
      4
    ],
    [
      4,
      8,
      9
    ],
    [
      5,
      10,
      6
    ],
    [
      6,
      10,
      11
    ],
    [
      6,
      11,
      7
    ],
    [
      7,
      11,
      12
    ],
    [
      7,
      12,
      8
    ],
    [
      8,
      12,
      13
    ],
    [
      8,
      13,
      9
    ],
    [
      9,
      13,
      14
    ],
    [
      10,
      15,
      11
    ],
    [
      11,
      15,
      16
    ],
    [
      11,
      16,
      12
    ],
    [
      12,
      16,
      17
    ],
    [
      12,
      17,
      13
    ],
    [
      13,
      17,
      18
    ],
    [
      13,
      18,
      14
    ],
    [
      14,
      18,
      19
    ]
  ],
  "uvs": [
    [
      0.578613,
      0.140625
    ],
    [
      0.580566,
      0.140625
    ],
    [
      0.58252,
      0.140625
    ],
    [
      0.584473,
      0.140625
    ],
    [
      0.586426,
      0.140625
    ],
    [
      0.578613,
      0.149072
    ],
    [
      0.580566,
      0.149072
    ],
    [
      0.58252,
      0.149072
    ],
    [
      0.584473,
      0.149072
    ],
    [
      0.586426,
      0.149072
    ],
    [
      0.578613,
      0.157568
    ],
    [
      0.580566,
      0.157568
    ],
    [
      0.58252,
      0.157568
    ],
    [
      0.584473,
      0.157568
    ],
    [
      0.586426,
      0.157568
    ],
    [
      0.578613,
      0.166016
    ],
    [
      0.580566,
      0.166016
    ],
    [
      0.58252,
      0.166016
    ],
    [
      0.584473,
      0.166016
    ],
    [
      0.586426,
      0.166016
    ]
  ],
  "mesh_path": "meshes/accent_sweat.json"
}
