{
  "part_id": "choker",
  "vertices": [
    [
      969.0,
      643.0
    ],
    [
      1003.0,
      643.0
    ],
    [
      1037.0,
      643.0
    ],
    [
      1071.0,
      643.0
    ],
    [
      1105.0,
      643.0
    ],
    [
      969.0,
      651.7
    ],
    [
      1003.0,
      651.7
    ],
    [
      1037.0,
      651.7
    ],
    [
      1071.0,
      651.7
    ],
    [
      1105.0,
      651.7
    ],
    [
      969.0,
      660.3
    ],
    [
      1003.0,
      660.3
    ],
    [
      1037.0,
      660.3
    ],
    [
      1071.0,
      660.3
    ],
    [
      1105.0,
      660.3
    ],
    [
      969.0,
      669.0
    ],
    [
      1003.0,
      669.0
    ],
    [
      1037.0,
      669.0
    ],
    [
      1071.0,
      669.0
    ],
    [
      1105.0,
      669.0
    ]
  ],
  "triangles": [
    [
      0,
      5,
      1
    ],
    [
      1,
      5,
      6
    ],
    [
      1,
      6,
      2
    ],
    [
      2,
      6,
      7
    ],
    [
      2,
      7,
      3
    ],
    [
      3,
      7,
      8
    ],
    [
      3,
      8,
      4
    ],
    [
      4,
      8,
      9
    ],
    [
      5,
      10,
      6
    ],
    [
      6,
      10,
      11
    ],
    [
      6,
      11,
      7
    ],
    [
      7,
      11,
      12
    ],
    [
      7,
      12,
      8
    ],
    [
      8,
      12,
      13
    ],
    [
      8,
      13,
      9
    ],
    [
      9,
      13,
      14
    ],
    [
      10,
      15,
      11
    ],
    [
      11,
      15,
      16
    ],
    [
      11,
      16,
      12
    ],
    [
      12,
      16,
      17
    ],
    [
      12,
      17,
      13
    ],
    [
      13,
      17,
      18
    ],
    [
      13,
      18,
      14
    ],
    [
      14,
      18,
      19
    ]
  ],
  "uvs": [
    [
      0.473145,
      0.313965
    ],
    [
      0.489746,
      0.313965
    ],
    [
      0.506348,
      0.313965
    ],
    [
      0.522949,
      0.313965
    ],
    [
      0.539551,
      0.313965
    ],
    [
      0.473145,
      0.318213
    ],
    [
      0.489746,
      0.318213
    ],
    [
      0.506348,
      0.318213
    ],
    [
      0.522949,
      0.318213
    ],
    [
      0.539551,
      0.318213
    ],
    [
      0.473145,
      0.322412
    ],
    [
      0.489746,
      0.322412
    ],
    [
      0.506348,
      0.322412
    ],
    [
      0.522949,
      0.322412
    ],
    [
      0.539551,
      0.322412
    ],
    [
      0.473145,
      0.32666
    ],
    [
      0.489746,
      0.32666
    ],
    [
      0.506348,
      0.32666
    ],
    [
      0.522949,
      0.32666
    ],
    [
      0.539551,
      0.32666
    ]
  ],
  "mesh_path": "meshes/choker.json"
}
