{
  "part_id": "eye_expr_wink",
  "vertices": [
    [
      838.0,
      291.0
    ],
    [
      930.5,
      291.0
    ],
    [
      1023.0,
      291.0
    ],
    [
      1115.5,
      291.0
    ],
    [
      1208.0,
      291.0
    ],
    [
      838.0,
      343.0
    ],
    [
      930.5,
      343.0
    ],
    [
      1023.0,
      343.0
    ],
    [
      1115.5,
      343.0
    ],
    [
      1208.0,
      343.0
    ],
    [
      838.0,
      395.0
    ],
    [
      930.5,
      395.0
    ],
    [
      1023.0,
      395.0
    ],
    [
      1115.5,
      395.0
    ],
    [
      1208.0,
      395.0
    ],
    [
      838.0,
      447.0
    ],
    [
      930.5,
      447.0
    ],
    [
      1023.0,
      447.0
    ],
    [
      1115.5,
      447.0
    ],
    [
      1208.0,
      447.0
    ]
  ],
  "triangles": [
    [
      0,
      5,
      1
    ],
    [
      1,
      5,
      6
    ],
    [
      1,
      6,
      2
    ],
    [
      2,
      6,
      7
    ],
    [
      2,
      7,
      3
    ],
    [
      3,
      7,
      8
    ],
    [
      3,
      8,
      4
    ],
    [
      4,
      8,
      9
    ],
    [
      5,
      10,
      6
    ],
    [
      6,
      10,
      11
    ],
    [
      6,
      11,
      7
    ],
    [
      7,
      11,
      12
    ],
    [
      7,
      12,
      8
    ],
    [
      8,
      12,
      13
    ],
    [
      8,
      13,
      9
    ],
    [
      9,
      13,
      14
    ],
    [
      10,
      15,
      11
    ],
    [
      11,
      15,
      16
    ],
    [
      11,
      16,
      12
    ],
    [
      12,
      16,
      17
    ],
    [
      12,
      17,
      13
    ],
    [
      13,
      17,
      18
    ],
    [
      13,
      18,
      14
    ],
    [
      14,
      18,
      19
    ]
  ],
  "uvs": [
    [
      0.40918,
      0.14209
    ],
    [
      0.454346,
      0.14209
    ],
    [
      0.499512,
      0.14209
    ],
    [
      0.544678,
      0.14209
    ],
    [
      0.589844,
      0.14209
    ],
    [
      0.40918,
      0.16748
    ],
    [
      0.454346,
      0.16748
    ],
    [
      0.499512,
      0.16748
    ],
    [
      0.544678,
      0.16748
    ],
    [
      0.589844,
      0.16748
    ],
    [
      0.40918,
      0.192871
    ],
    [
      0.454346,
      0.192871
    ],
    [
      0.499512,
      0.192871
    ],
    [
      0.544678,
      0.192871
    ],
    [
      0.589844,
      0.192871
    ],
    [
      0.40918,
      0.218262
    ],
    [
      0.454346,
      0.218262
    ],
    [
      0.499512,
      0.218262
    ],
    [
      0.544678,
      0.218262
    ],
    [
      0.589844,
      0.218262
    ]
  ],
  "mesh_path": "meshes/eye_expr_wink.json"
}
