{
  "part_id": "L_arm",
  "vertices": [
    [
      1223.0,
      711.0
    ],
    [
      1273.8,
      711.0
    ],
    [
      1324.5,
      711.0
    ],
    [
      1375.2,
      711.0
    ],
    [
      1426.0,
      711.0
    ],
    [
      1223.0,
      1070.3
    ],
    [
      1273.8,
      1070.3
    ],
    [
      1324.5,
      1070.3
    ],
    [
      1375.2,
      1070.3
    ],
    [
      1426.0,
      1070.3
    ],
    [
      1223.0,
      1429.7
    ],
    [
      1273.8,
      1429.7
    ],
    [
      1324.5,
      1429.7
    ],
    [
      1375.2,
      1429.7
    ],
    [
      1426.0,
      1429.7
    ],
    [
      1223.0,
      1789.0
    ],
    [
      1273.8,
      1789.0
    ],
    [
      1324.5,
      1789.0
    ],
    [
      1375.2,
      1789.0
    ],
    [
      1426.0,
      1789.0
    ]
  ],
  "triangles": [
    [
      0,
      5,
      1
    ],
    [
      1,
      5,
      6
    ],
    [
      1,
      6,
      2
    ],
    [
      2,
      6,
      7
    ],
    [
      2,
      7,
      3
    ],
    [
      3,
      7,
      8
    ],
    [
      3,
      8,
      4
    ],
    [
      4,
      8,
      9
    ],
    [
      5,
      10,
      6
    ],
    [
      6,
      10,
      11
    ],
    [
      6,
      11,
      7
    ],
    [
      7,
      11,
      12
    ],
    [
      7,
      12,
      8
    ],
    [
      8,
      12,
      13
    ],
    [
      8,
      13,
      9
    ],
    [
      9,
      13,
      14
    ],
    [
      10,
      15,
      11
    ],
    [
      11,
      15,
      16
    ],
    [
      11,
      16,
      12
    ],
    [
      12,
      16,
      17
    ],
    [
      12,
      17,
      13
    ],
    [
      13,
      17,
      18
    ],
    [
      13,
      18,
      14
    ],
    [
      14,
      18,
      19
    ]
  ],
  "uvs": [
    [
      0.597168,
      0.347168
    ],
    [
      0.621973,
      0.347168
    ],
    [
      0.646729,
      0.347168
    ],
    [
      0.671484,
      0.347168
    ],
    [
      0.696289,
      0.347168
    ],
    [
      0.597168,
      0.522607
    ],
    [
      0.621973,
      0.522607
    ],
    [
      0.646729,
      0.522607
    ],
    [
      0.671484,
      0.522607
    ],
    [
      0.696289,
      0.522607
    ],
    [
      0.597168,
      0.698096
    ],
    [
      0.621973,
      0.698096
    ],
    [
      0.646729,
      0.698096
    ],
    [
      0.671484,
      0.698096
    ],
    [
      0.696289,
      0.698096
    ],
    [
      0.597168,
      0.873535
    ],
    [
      0.621973,
      0.873535
    ],
    [
      0.646729,
      0.873535
    ],
    [
      0.671484,
      0.873535
    ],
    [
      0.696289,
      0.873535
    ]
  ],
  "mesh_path": "meshes/L_arm.json"
}
