{
  "part_id": "L_brow",
  "vertices": [
    [
      1065.0,
      309.0
    ],
    [
      1092.8,
      309.0
    ],
    [
      1120.5,
      309.0
    ],
    [
      1148.2,
      309.0
    ],
    [
      1176.0,
      309.0
    ],
    [
      1065.0,
      313.3
    ],
    [
      1092.8,
      313.3
    ],
    [
      1120.5,
      313.3
    ],
    [
      1148.2,
      313.3
    ],
    [
      1176.0,
      313.3
    ],
    [
      1065.0,
      317.7
    ],
    [
      1092.8,
      317.7
    ],
    [
      1120.5,
      317.7
    ],
    [
      1148.2,
      317.7
    ],
    [
      1176.0,
      317.7
    ],
    [
      1065.0,
      322.0
    ],
    [
      1092.8,
      322.0
    ],
    [
      1120.5,
      322.0
    ],
    [
      1148.2,
      322.0
    ],
    [
      1176.0,
      322.0
    ]
  ],
  "triangles": [
    [
      0,
      5,
      1
    ],
    [
      1,
      5,
      6
    ],
    [
      1,
      6,
      2
    ],
    [
      2,
      6,
      7
    ],
    [
      2,
      7,
      3
    ],
    [
      3,
      7,
      8
    ],
    [
      3,
      8,
      4
    ],
    [
      4,
      8,
      9
    ],
    [
      5,
      10,
      6
    ],
    [
      6,
      10,
      11
    ],
    [
      6,
      11,
      7
    ],
    [
      7,
      11,
      12
    ],
    [
      7,
      12,
      8
    ],
    [
      8,
      12,
      13
    ],
    [
      8,
      13,
      9
    ],
    [
      9,
      13,
      14
    ],
    [
      10,
      15,
      11
    ],
    [
      11,
      15,
      16
    ],
    [
      11,
      16,
      12
    ],
    [
      12,
      16,
      17
    ],
    [
      12,
      17,
      13
    ],
    [
      13,
      17,
      18
    ],
    [
      13,
      18,
      14
    ],
    [
      14,
      18,
      19
    ]
  ],
  "uvs": [
    [
      0.52002,
      0.150879
    ],
    [
      0.533594,
      0.150879
    ],
    [
      0.547119,
      0.150879
    ],
    [
      0.560645,
      0.150879
    ],
    [
      0.574219,
      0.150879
    ],
    [
      0.52002,
      0.152979
    ],
    [
      0.533594,
      0.152979
    ],
    [
      0.547119,
      0.152979
    ],
    [
      0.560645,
      0.152979
    ],
    [
      0.574219,
      0.152979
    ],
    [
      0.52002,
      0.155127
    ],
    [
      0.533594,
      0.155127
    ],
    [
      0.547119,
      0.155127
    ],
    [
      0.560645,
      0.155127
    ],
    [
      0.574219,
      0.155127
    ],
    [
      0.52002,
      0.157227
    ],
    [
      0.533594,
      0.157227
    ],
    [
      0.547119,
      0.157227
    ],
    [
      0.560645,
      0.157227
    ],
    [
      0.574219,
      0.157227
    ]
  ],
  "mesh_path": "meshes/L_brow.json"
}
