{
  "part_id": "L_eye_white",
  "vertices": [
    [
      1082.0,
      378.0
    ],
    [
      1104.2,
      378.0
    ],
    [
      1126.5,
      378.0
    ],
    [
      1148.8,
      378.0
    ],
    [
      1171.0,
      378.0
    ],
    [
      1082.0,
      392.3
    ],
    [
      1104.2,
      392.3
    ],
    [
      1126.5,
      392.3
    ],
    [
      1148.8,
      392.3
    ],
    [
      1171.0,
      392.3
    ],
    [
      1082.0,
      406.7
    ],
    [
      1104.2,
      406.7
    ],
    [
      1126.5,
      406.7
    ],
    [
      1148.8,
      406.7
    ],
    [
      1171.0,
      406.7
    ],
    [
      1082.0,
      421.0
    ],
    [
      1104.2,
      421.0
    ],
    [
      1126.5,
      421.0
    ],
    [
      1148.8,
      421.0
    ],
    [
      1171.0,
      421.0
    ]
  ],
  "triangles": [
    [
      0,
      5,
      1
    ],
    [
      1,
      5,
      6
    ],
    [
      1,
      6,
      2
    ],
    [
      2,
      6,
      7
    ],
    [
      2,
      7,
      3
    ],
    [
      3,
      7,
      8
    ],
    [
      3,
      8,
      4
    ],
    [
      4,
      8,
      9
    ],
    [
      5,
      10,
      6
    ],
    [
      6,
      10,
      11
    ],
    [
      6,
      11,
      7
    ],
    [
      7,
      11,
      12
    ],
    [
      7,
      12,
      8
    ],
    [
      8,
      12,
      13
    ],
    [
      8,
      13,
      9
    ],
    [
      9,
      13,
      14
    ],
    [
      10,
      15,
      11
    ],
    [
      11,
      15,
      16
    ],
    [
      11,
      16,
      12
    ],
    [
      12,
      16,
      17
    ],
    [
      12,
      17,
      13
    ],
    [
      13,
      17,
      18
    ],
    [
      13,
      18,
      14
    ],
    [
      14,
      18,
      19
    ]
  ],
  "uvs": [
    [
      0.52832,
      0.18457
    ],
    [
      0.53916,
      0.18457
    ],
    [
      0.550049,
      0.18457
    ],
    [
      0.560937,
      0.18457
    ],
    [
      0.571777,
      0.18457
    ],
    [
      0.52832,
      0.191553
    ],
    [
      0.53916,
      0.191553
    ],
    [
      0.550049,
      0.191553
    ],
    [
      0.560937,
      0.191553
    ],
    [
      0.571777,
      0.191553
    ],
    [
      0.52832,
      0.198584
    ],
    [
      0.53916,
      0.198584
    ],
    [
      0.550049,
      0.198584
    ],
    [
      0.560937,
      0.198584
    ],
    [
      0.571777,
      0.198584
    ],
    [
      0.52832,
      0.205566
    ],
    [
      0.53916,
      0.205566
    ],
    [
      0.550049,
      0.205566
    ],
    [
      0.560937,
      0.205566
    ],
    [
      0.571777,
      0.205566
    ]
  ],
  "mesh_path": "meshes/L_eye_white.json"
}
