{
  "part_id": "L_iris",
  "vertices": [
    [
      1088.0,
      372.0
    ],
    [
      1100.5,
      372.0
    ],
    [
      1113.0,
      372.0
    ],
    [
      1125.5,
      372.0
    ],
    [
      1138.0,
      372.0
    ],
    [
      1088.0,
      388.7
    ],
    [
      1100.5,
      388.7
    ],
    [
      1113.0,
      388.7
    ],
    [
      1125.5,
      388.7
    ],
    [
      1138.0,
      388.7
    ],
    [
      1088.0,
      405.3
    ],
    [
      1100.5,
      405.3
    ],
    [
      1113.0,
      405.3
    ],
    [
      1125.5,
      405.3
    ],
    [
      1138.0,
      405.3
    ],
    [
      1088.0,
      422.0
    ],
    [
      1100.5,
      422.0
    ],
    [
      1113.0,
      422.0
    ],
    [
      1125.5,
      422.0
    ],
    [
      1138.0,
      422.0
    ]
  ],
  "triangles": [
    [
      0,
      5,
      1
    ],
    [
      1,
      5,
      6
    ],
    [
      1,
      6,
      2
    ],
    [
      2,
      6,
      7
    ],
    [
      2,
      7,
      3
    ],
    [
      3,
      7,
      8
    ],
    [
      3,
      8,
      4
    ],
    [
      4,
      8,
      9
    ],
    [
      5,
      10,
      6
    ],
    [
      6,
      10,
      11
    ],
    [
      6,
      11,
      7
    ],
    [
      7,
      11,
      12
    ],
    [
      7,
      12,
      8
    ],
    [
      8,
      12,
      13
    ],
    [
      8,
      13,
      9
    ],
    [
      9,
      13,
      14
    ],
    [
      10,
      15,
      11
    ],
    [
      11,
      15,
      16
    ],
    [
      11,
      16,
      12
    ],
    [
      12,
      16,
      17
    ],
    [
      12,
      17,
      13
    ],
    [
      13,
      17,
      18
    ],
    [
      13,
      18,
      14
    ],
    [
      14,
      18,
      19
    ]
  ],
  "uvs": [
    [
      0.53125,
      0.181641
    ],
    [
      0.537354,
      0.181641
    ],
    [
      0.543457,
      0.181641
    ],
    [
      0.549561,
      0.181641
    ],
    [
      0.555664,
      0.181641
    ],
    [
      0.53125,
      0.189795
    ],
    [
      0.537354,
      0.189795
    ],
    [
      0.543457,
      0.189795
    ],
    [
      0.549561,
      0.189795
    ],
    [
      0.555664,
      0.189795
    ],
    [
      0.53125,
      0.1979
    ],
    [
      0.537354,
      0.1979
    ],
    [
      0.543457,
      0.1979
    ],
    [
      0.549561,
      0.1979
    ],
    [
      0.555664,
      0.1979
    ],
    [
      0.53125,
      0.206055
    ],
    [
      0.537354,
      0.206055
    ],
    [
      0.543457,
      0.206055
    ],
    [
      0.549561,
      0.206055
    ],
    [
      0.555664,
      0.206055
    ]
  ],
  "mesh_path": "meshes/L_iris.json"
}
