{
  "part_id": "L_upper_lash",
  "vertices": [
    [
      1067.0,
      355.0
    ],
    [
      1098.5,
      355.0
    ],
    [
      1130.0,
      355.0
    ],
    [
      1161.5,
      355.0
    ],
    [
      1193.0,
      355.0
    ],
    [
      1067.0,
      373.0
    ],
    [
      1098.5,
      373.0
    ],
    [
      1130.0,
      373.0
    ],
    [
      1161.5,
      373.0
    ],
    [
      1193.0,
      373.0
    ],
    [
      1067.0,
      391.0
    ],
    [
      1098.5,
      391.0
    ],
    [
      1130.0,
      391.0
    ],
    [
      1161.5,
      391.0
    ],
    [
      1193.0,
      391.0
    ],
    [
      1067.0,
      409.0
    ],
    [
      1098.5,
      409.0
    ],
    [
      1130.0,
      409.0
    ],
    [
      1161.5,
      409.0
    ],
    [
      1193.0,
      409.0
    ]
  ],
  "triangles": [
    [
      0,
      5,
      1
    ],
    [
      1,
      5,
      6
    ],
    [
      1,
      6,
      2
    ],
    [
      2,
      6,
      7
    ],
    [
      2,
      7,
      3
    ],
    [
      3,
      7,
      8
    ],
    [
      3,
      8,
      4
    ],
    [
      4,
      8,
      9
    ],
    [
      5,
      10,
      6
    ],
    [
      6,
      10,
      11
    ],
    [
      6,
      11,
      7
    ],
    [
      7,
      11,
      12
    ],
    [
      7,
      12,
      8
    ],
    [
      8,
      12,
      13
    ],
    [
      8,
      13,
      9
    ],
    [
      9,
      13,
      14
    ],
    [
      10,
      15,
      11
    ],
    [
      11,
      15,
      16
    ],
    [
      11,
      16,
      12
    ],
    [
      12,
      16,
      17
    ],
    [
      12,
      17,
      13
    ],
    [
      13,
      17,
      18
    ],
    [
      13,
      18,
      14
    ],
    [
      14,
      18,
      19
    ]
  ],
  "uvs": [
    [
      0.520996,
      0.17334
    ],
    [
      0.536377,
      0.17334
    ],
    [
      0.551758,
      0.17334
    ],
    [
      0.567139,
      0.17334
    ],
    [
      0.58252,
      0.17334
    ],
    [
      0.520996,
      0.182129
    ],
    [
      0.536377,
      0.182129
    ],
    [
      0.551758,
      0.182129
    ],
    [
      0.567139,
      0.182129
    ],
    [
      0.58252,
      0.182129
    ],
    [
      0.520996,
      0.190918
    ],
    [
      0.536377,
      0.190918
    ],
    [
      0.551758,
      0.190918
    ],
    [
      0.567139,
      0.190918
    ],
    [
      0.58252,
      0.190918
    ],
    [
      0.520996,
      0.199707
    ],
    [
      0.536377,
      0.199707
    ],
    [
      0.551758,
      0.199707
    ],
    [
      0.567139,
      0.199707
    ],
    [
      0.58252,
      0.199707
    ]
  ],
  "mesh_path": "meshes/L_upper_lash.json"
}
