{
  "part_id": "mouth_parts_tongue",
  "vertices": [
    [
      998.0,
      540.0
    ],
    [
      1011.2,
      540.0
    ],
    [
      1024.5,
      540.0
    ],
    [
      1037.8,
      540.0
    ],
    [
      1051.0,
      540.0
    ],
    [
      998.0,
      545.0
    ],
    [
      1011.2,
      545.0
    ],
    [
      1024.5,
      545.0
    ],
    [
      1037.8,
      545.0
    ],
    [
      1051.0,
      545.0
    ],
    [
      998.0,
      550.0
    ],
    [
      1011.2,
      550.0
    ],
    [
      1024.5,
      550.0
    ],
    [
      1037.8,
      550.0
    ],
    [
      1051.0,
      550.0
    ],
    [
      998.0,
      555.0
    ],
    [
      1011.2,
      555.0
    ],
    [
      1024.5,
      555.0
    ],
    [
      1037.8,
      555.0
    ],
    [
      1051.0,
      555.0
    ]
  ],
  "triangles": [
    [
      0,
      5,
      1
    ],
    [
      1,
      5,
      6
    ],
    [
      1,
      6,
      2
    ],
    [
      2,
      6,
      7
    ],
    [
      2,
      7,
      3
    ],
    [
      3,
      7,
      8
    ],
    [
      3,
      8,
      4
    ],
    [
      4,
      8,
      9
    ],
    [
      5,
      10,
      6
    ],
    [
      6,
      10,
      11
    ],
    [
      6,
      11,
      7
    ],
    [
      7,
      11,
      12
    ],
    [
      7,
      12,
      8
    ],
    [
      8,
      12,
      13
    ],
    [
      8,
      13,
      9
    ],
    [
      9,
      13,
      14
    ],
    [
      10,
      15,
      11
    ],
    [
      11,
      15,
      16
    ],
    [
      11,
      16,
      12
    ],
    [
      12,
      16,
      17
    ],
    [
      12,
      17,
      13
    ],
    [
      13,
      17,
      18
    ],
    [
      13,
      18,
      14
    ],
    [
      14,
      18,
      19
    ]
  ],
  "uvs": [
    [
      0.487305,
      0.263672
    ],
    [
      0.49375,
      0.263672
    ],
    [
      0.500244,
      0.263672
    ],
    [
      0.506738,
      0.263672
    ],
    [
      0.513184,
      0.263672
    ],
    [
      0.487305,
      0.266113
    ],
    [
      0.49375,
      0.266113
    ],
    [
      0.500244,
      0.266113
    ],
    [
      0.506738,
      0.266113
    ],
    [
      0.513184,
      0.266113
    ],
    [
      0.487305,
      0.268555
    ],
    [
      0.49375,
      0.268555
    ],
    [
      0.500244,
      0.268555
    ],
    [
      0.506738,
      0.268555
    ],
    [
      0.513184,
      0.268555
    ],
    [
      0.487305,
      0.270996
    ],
    [
      0.49375,
      0.270996
    ],
    [
      0.500244,
      0.270996
    ],
    [
      0.506738,
      0.270996
    ],
    [
      0.513184,
      0.270996
    ]
  ],
  "mesh_path": "meshes/mouth_parts_tongue.json",
  "vertex_keyforms": {
    "parameter_id": "ParamMouthOpenY",
    "keys": [
      {
        "value": 0.0,
        "vertices": [
          [
            998.0,
            519.8
          ],
          [
            1011.2,
            519.8
          ],
          [
            1024.5,
            519.8
          ],
          [
            1037.8,
            519.8
          ],
          [
            1051.0,
            519.8
          ],
          [
            998.0,
            520.0
          ],
          [
            1011.2,
            520.0
          ],
          [
            1024.5,
            520.0
          ],
          [
            1037.8,
            520.0
          ],
          [
            1051.0,
            520.0
          ],
          [
            998.0,
            520.2
          ],
          [
            1011.2,
            520.2
          ],
          [
            1024.5,
            520.2
          ],
          [
            1037.8,
            520.2
          ],
          [
            1051.0,
            520.2
          ],
          [
            998.0,
            520.4
          ],
          [
            1011.2,
            520.4
          ],
          [
            1024.5,
            520.4
          ],
          [
            1037.8,
            520.4
          ],
          [
            1051.0,
            520.4
          ]
        ]
      },
      {
        "value": 0.25,
        "vertices": [
          [
            998.0,
            525.3
          ],
          [
            1011.2,
            525.3
          ],
          [
            1024.5,
            525.3
          ],
          [
            1037.8,
            525.3
          ],
          [
            1051.0,
            525.3
          ],
          [
            998.0,
            526.8
          ],
          [
            1011.2,
            526.8
          ],
          [
            1024.5,
            526.8
          ],
          [
            1037.8,
            526.8
          ],
          [
            1051.0,
            526.8
          ],
          [
            998.0,
            528.3
          ],
          [
            1011.2,
            528.3
          ],
          [
            1024.5,
            528.3
          ],
          [
            1037.8,
            528.3
          ],
          [
            1051.0,
            528.3
          ],
          [
            998.0,
            529.8
          ],
          [
            1011.2,
            529.8
          ],
          [
            1024.5,
            529.8
          ],
          [
            1037.8,
            529.8
          ],
          [
            1051.0,
            529.8
          ]
        ]
      },
      {
        "value": 0.55,
        "vertices": [
          [
            998.0,
            532.0
          ],
          [
            1011.2,
            532.0
          ],
          [
            1024.5,
            532.0
          ],
          [
            1037.8,
            532.0
          ],
          [
            1051.0,
            532.0
          ],
          [
            998.0,
            535.1
          ],
          [
            1011.2,
            535.1
          ],
          [
            1024.5,
            535.1
          ],
          [
            1037.8,
            535.1
          ],
          [
            1051.0,
            535.1
          ],
          [
            998.0,
            538.2
          ],
          [
            1011.2,
            538.2
          ],
          [
            1024.5,
            538.2
          ],
          [
            1037.8,
            538.2
          ],
          [
            1051.0,
            538.2
          ],
          [
            998.0,
            541.3
          ],
          [
            1011.2,
            541.3
          ],
          [
            1024.5,
            541.3
          ],
          [
            1037.8,
            541.3
          ],
          [
            1051.0,
            541.3
          ]
        ]
      },
      {
        "value": 1.0,