{
  "part_id": "mouth_parts_upper_lip",
  "vertices": [
    [
      981.0,
      523.0
    ],
    [
      1003.2,
      523.0
    ],
    [
      1025.5,
      523.0
    ],
    [
      1047.8,
      523.0
    ],
    [
      1070.0,
      523.0
    ],
    [
      981.0,
      526.3
    ],
    [
      1003.2,
      526.3
    ],
    [
      1025.5,
      526.3
    ],
    [
      1047.8,
      526.3
    ],
    [
      1070.0,
      526.3
    ],
    [
      981.0,
      529.7
    ],
    [
      1003.2,
      529.7
    ],
    [
      1025.5,
      529.7
    ],
    [
      1047.8,
      529.7
    ],
    [
      1070.0,
      529.7
    ],
    [
      981.0,
      533.0
    ],
    [
      1003.2,
      533.0
    ],
    [
      1025.5,
      533.0
    ],
    [
      1047.8,
      533.0
    ],
    [
      1070.0,
      533.0
    ]
  ],
  "triangles": [
    [
      0,
      5,
      1
    ],
    [
      1,
      5,
      6
    ],
    [
      1,
      6,
      2
    ],
    [
      2,
      6,
      7
    ],
    [
      2,
      7,
      3
    ],
    [
      3,
      7,
      8
    ],
    [
      3,
      8,
      4
    ],
    [
      4,
      8,
      9
    ],
    [
      5,
      10,
      6
    ],
    [
      6,
      10,
      11
    ],
    [
      6,
      11,
      7
    ],
    [
      7,
      11,
      12
    ],
    [
      7,
      12,
      8
    ],
    [
      8,
      12,
      13
    ],
    [
      8,
      13,
      9
    ],
    [
      9,
      13,
      14
    ],
    [
      10,
      15,
      11
    ],
    [
      11,
      15,
      16
    ],
    [
      11,
      16,
      12
    ],
    [
      12,
      16,
      17
    ],
    [
      12,
      17,
      13
    ],
    [
      13,
      17,
      18
    ],
    [
      13,
      18,
      14
    ],
    [
      14,
      18,
      19
    ]
  ],
  "uvs": [
    [
      0.479004,
      0.255371
    ],
    [
      0.489844,
      0.255371
    ],
    [
      0.500732,
      0.255371
    ],
    [
      0.511621,
      0.255371
    ],
    [
      0.522461,
      0.255371
    ],
    [
      0.479004,
      0.256982
    ],
    [
      0.489844,
      0.256982
    ],
    [
      0.500732,
      0.256982
    ],
    [
      0.511621,
      0.256982
    ],
    [
      0.522461,
      0.256982
    ],
    [
      0.479004,
      0.258643
    ],
    [
      0.489844,
      0.258643
    ],
    [
      0.500732,
      0.258643
    ],
    [
      0.511621,
      0.258643
    ],
    [
      0.522461,
      0.258643
    ],
    [
      0.479004,
      0.260254
    ],
    [
      0.489844,
      0.260254
    ],
    [
      0.500732,
      0.260254
    ],
    [
      0.511621,
      0.260254
    ],
    [
      0.522461,
      0.260254
    ]
  ],
  "mesh_path": "meshes/mouth_parts_upper_lip.json",
  "vertex_keyforms": {
    "parameter_id": "ParamMouthForm",
    "keys": [
      {
        "value": -1,
        "vertices": [
          [
            981.0,
            529.0
          ],
          [
            1003.2,
            525.0
          ],
          [
            1025.5,
            523.0
          ],
          [
            1047.8,
            525.0
          ],
          [
            1070.0,
            529.0
          ],
          [
            981.0,
            532.3
          ],
          [
            1003.2,
            528.3
          ],
          [
            1025.5,
            526.3
          ],
          [
            1047.8,
            528.3
          ],
          [
            1070.0,
            532.3
          ],
          [
            981.0,
            535.7
          ],
          [
            1003.2,
            531.7
          ],
          [
            1025.5,
            529.7
          ],
          [
            1047.8,
            531.7
          ],
          [
            1070.0,
            535.7
          ],
          [
            981.0,
            539.0
          ],
          [
            1003.2,
            535.0
          ],
          [
            1025.5,
            533.0
          ],
          [
            1047.8,
            535.0
          ],
          [
            1070.0,
            539.0
          ]
        ]
      },
      {
        "value": 0,
        "vertices": [
          [
            981.0,
            523.0
          ],
          [
            1003.2,
            523.0
          ],
          [
            1025.5,
            523.0
          ],
          [
            1047.8,
            523.0
          ],
          [
            1070.0,
            523.0
          ],
          [
            981.0,
            526.3
          ],
          [
            1003.2,
            526.3
          ],
          [
            1025.5,
            526.3
          ],
          [
            1047.8,
            526.3
          ],
          [
            1070.0,
            526.3
          ],
          [
            981.0,
            529.7
          ],
          [
            1003.2,
            529.7
          ],
          [
            1025.5,
            529.7
          ],
          [
            1047.8,
            529.7
          ],
          [
            1070.0,
            529.7
          ],
          [
            981.0,
            533.0
          ],
          [
            1003.2,
            533.0
          ],
          [
            1025.5,
            533.0
          ],
          [
            1047.8,
            533.0
          ],
          [
            1070.0,
            533.0
          ]
        ]
      },
      {
        "value": 1,
        "vertices": [
          [
            981.0,
            516.0
          ],
          [
            1003.2,
            520.7
          ],
          [
            1025.5,
            523.0
          ],
          [
            1047.8,
            520.7
          ],
          [
            1070.0,
            516.0
          ],
          [
            981.0,
            519.3
          ],
          [
            1003.2,
            524.0
          ],
          [
            1025.5,
            526.3
          ],
          [
            1047.8,
            524.0
          ],
          [
            1070.0,
            519.3
          ],
          [
            981.0,
            522.7
          ],
          [
            1003.2,
            527.4
          ],
          [
            1025.5,
            529.7
          ],
          [
            1047.8,
            527.4
          ],
          [
            1070.0,
            522.7
          ],
          [
            981.0,
            526.0
          ],
          [
            1003.2,
            530.7
          ],
          [
            1025.5,
            533.0
          ],
          [
            1047.8,
            530.7
          ],
          [
            1070.0,
            526.0
          ]
        ]
      }
    ]
  }
}
