{
  "part_id": "mouth_parts_interior",
  "vertices": [
    [
      972.0,
      519.0
    ],
    [
      998.2,
      519.0
    ],
    [
      1024.5,
      519.0
    ],
    [
      1050.8,
      519.0
    ],
    [
      1077.0,
      519.0
    ],
    [
      972.0,
      535.7
    ],
    [
      998.2,
      535.7
    ],
    [
      1024.5,
      535.7
    ],
    [
      1050.8,
      535.7
    ],
    [
      1077.0,
      535.7
    ],
    [
      972.0,
      552.3
    ],
    [
      998.2,
      552.3
    ],
    [
      1024.5,
      552.3
    ],
    [
      1050.8,
      552.3
    ],
    [
      1077.0,
      552.3
    ],
    [
      972.0,
      569.0
    ],
    [
      998.2,
      569.0
    ],
    [
      1024.5,
      569.0
    ],
    [
      1050.8,
      569.0
    ],
    [
      1077.0,
      569.0
    ]
  ],
  "triangles": [
    [
      0,
      5,
      1
    ],
    [
      1,
      5,
      6
    ],
    [
      1,
      6,
      2
    ],
    [
      2,
      6,
      7
    ],
    [
      2,
      7,
      3
    ],
    [
      3,
      7,
      8
    ],
    [
      3,
      8,
      4
    ],
    [
      4,
      8,
      9
    ],
    [
      5,
      10,
      6
    ],
    [
      6,
      10,
      11
    ],
    [
      6,
      11,
      7
    ],
    [
      7,
      11,
      12
    ],
    [
      7,
      12,
      8
    ],
    [
      8,
      12,
      13
    ],
    [
      8,
      13,
      9
    ],
    [
      9,
      13,
      14
    ],
    [
      10,
      15,
      11
    ],
    [
      11,
      15,
      16
    ],
    [
      11,
      16,
      12
    ],
    [
      12,
      16,
      17
    ],
    [
      12,
      17,
      13
    ],
    [
      13,
      17,
      18
    ],
    [
      13,
      18,
      14
    ],
    [
      14,
      18,
      19
    ]
  ],
  "uvs": [
    [
      0.474609,
      0.253418
    ],
    [
      0.487402,
      0.253418
    ],
    [
      0.500244,
      0.253418
    ],
    [
      0.513086,
      0.253418
    ],
    [
      0.525879,
      0.253418
    ],
    [
      0.474609,
      0.261572
    ],
    [
      0.487402,
      0.261572
    ],
    [
      0.500244,
      0.261572
    ],
    [
      0.513086,
      0.261572
    ],
    [
      0.525879,
      0.261572
    ],
    [
      0.474609,
      0.269678
    ],
    [
      0.487402,
      0.269678
    ],
    [
      0.500244,
      0.269678
    ],
    [
      0.513086,
      0.269678
    ],
    [
      0.525879,
      0.269678
    ],
    [
      0.474609,
      0.277832
    ],
    [
      0.487402,
      0.277832
    ],
    [
      0.500244,
      0.277832
    ],
    [
      0.513086,
      0.277832
    ],
    [
      0.525879,
      0.277832
    ]
  ],
  "mesh_path": "meshes/mouth_parts_interior.json",
  "vertex_keyforms": {
    "parameter_id": "ParamMouthOpenY",
    "keys": [
      {
        "value": 0.0,
        "vertices": [
          [
            972.0,
            519.0
          ],
          [
            998.2,
            519.0
          ],
          [
            1024.5,
            519.0
          ],
          [
            1050.8,
            519.0
          ],
          [
            1077.0,
            519.0
          ],
          [
            972.0,
            519.7
          ],
          [
            998.2,
            519.7
          ],
          [
            1024.5,
            519.7
          ],
          [
            1050.8,
            519.7
          ],
          [
            1077.0,
            519.7
          ],
          [
            972.0,
            520.3
          ],
          [
            998.2,
            520.3
          ],
          [
            1024.5,
            520.3
          ],
          [
            1050.8,
            520.3
          ],
          [
            1077.0,
            520.3
          ],
          [
            972.0,
            521.0
          ],
          [
            998.2,
            521.0
          ],
          [
            1024.5,
            521.0
          ],
          [
            1050.8,
            521.0
          ],
          [
            1077.0,
            521.0
          ]
        ]
      },
      {
        "value": 0.25,
        "vertices": [
          [
            972.0,
            519.0
          ],
          [
            998.2,
            519.0
          ],
          [
            1024.5,
            519.0
          ],
          [
            1050.8,
            519.0
          ],
          [
            1077.0,
            519.0
          ],
          [
            972.0,
            524.0
          ],
          [
            998.2,
            524.0
          ],
          [
            1024.5,
            524.0
          ],
          [
            1050.8,
            524.0
          ],
          [
            1077.0,
            524.0
          ],
          [
            972.0,
            529.0
          ],
          [
            998.2,
            529.0
          ],
          [
            1024.5,
            529.0
          ],
          [
            1050.8,
            529.0
          ],
          [
            1077.0,
            529.0
          ],
          [
            972.0,
            534.0
          ],
          [
            998.2,
            534.0
          ],
          [
            1024.5,
            534.0
          ],
          [
            1050.8,
            534.0
          ],
          [
            1077.0,
            534.0
          ]
        ]
      },
      {
        "value": 0.55,
        "vertices": [
          [
            972.0,
            519.0
          ],
          [
            998.2,
            519.0
          ],
          [
            1024.5,
            519.0
          ],
          [
            1050.8,
            519.0
          ],
          [
            1077.0,
            519.0
          ],
          [
            972.0,
            529.4
          ],
          [
            998.2,
            529.4
          ],
          [
            1024.5,
            529.4
          ],
          [
            1050.8,
            529.4
          ],
          [
            1077.0,
            529.4
          ],
          [
            972.0,
            539.6
          ],
          [
            998.2,
            539.6
          ],
          [
            1024.5,
            539.6
          ],
          [
            1050.8,
            539.6
          ],
          [
            1077.0,
            539.6
          ],
          [
            972.0,
            550.0
          ],
          [
            998.2,
            550.0
          ],
          [
            1024.5,
            550.0
          ],
          [
            1050.8,
            550.0
          ],
          [
            1077.0,
            550.0
          ]
        ]
      },
      {
        "value": 1.0,