{
  "part_id": "mouth_parts_teeth",
  "vertices": [
    [
      980.0,
      524.0
    ],
    [
      1002.2,
      524.0
    ],
    [
      1024.5,
      524.0
    ],
    [
      1046.8,
      524.0
    ],
    [
      1069.0,
      524.0
    ],
    [
      980.0,
      527.7
    ],
    [
      1002.2,
      527.7
    ],
    [
      1024.5,
      527.7
    ],
    [
      1046.8,
      527.7
    ],
    [
      1069.0,
      527.7
    ],
    [
      980.0,
      531.3
    ],
    [
      1002.2,
      531.3
    ],
    [
      1024.5,
      531.3
    ],
    [
      1046.8,
      531.3
    ],
    [
      1069.0,
      531.3
    ],
    [
      980.0,
      535.0
    ],
    [
      1002.2,
      535.0
    ],
    [
      1024.5,
      535.0
    ],
    [
      1046.8,
      535.0
    ],
    [
      1069.0,
      535.0
    ]
  ],
  "triangles": [
    [
      0,
      5,
      1
    ],
    [
      1,
      5,
      6
    ],
    [
      1,
      6,
      2
    ],
    [
      2,
      6,
      7
    ],
    [
      2,
      7,
      3
    ],
    [
      3,
      7,
      8
    ],
    [
      3,
      8,
      4
    ],
    [
      4,
      8,
      9
    ],
    [
      5,
      10,
      6
    ],
    [
      6,
      10,
      11
    ],
    [
      6,
      11,
      7
    ],
    [
      7,
      11,
      12
    ],
    [
      7,
      12,
      8
    ],
    [
      8,
      12,
      13
    ],
    [
      8,
      13,
      9
    ],
    [
      9,
      13,
      14
    ],
    [
      10,
      15,
      11
    ],
    [
      11,
      15,
      16
    ],
    [
      11,
      16,
      12
    ],
    [
      12,
      16,
      17
    ],
    [
      12,
      17,
      13
    ],
    [
      13,
      17,
      18
    ],
    [
      13,
      18,
      14
    ],
    [
      14,
      18,
      19
    ]
  ],
  "uvs": [
    [
      0.478516,
      0.255859
    ],
    [
      0.489355,
      0.255859
    ],
    [
      0.500244,
      0.255859
    ],
    [
      0.511133,
      0.255859
    ],
    [
      0.521973,
      0.255859
    ],
    [
      0.478516,
      0.257666
    ],
    [
      0.489355,
      0.257666
    ],
    [
      0.500244,
      0.257666
    ],
    [
      0.511133,
      0.257666
    ],
    [
      0.521973,
      0.257666
    ],
    [
      0.478516,
      0.259424
    ],
    [
      0.489355,
      0.259424
    ],
    [
      0.500244,
      0.259424
    ],
    [
      0.511133,
      0.259424
    ],
    [
      0.521973,
      0.259424
    ],
    [
      0.478516,
      0.26123
    ],
    [
      0.489355,
      0.26123
    ],
    [
      0.500244,
      0.26123
    ],
    [
      0.511133,
      0.26123
    ],
    [
      0.521973,
      0.26123
    ]
  ],
  "mesh_path": "meshes/mouth_parts_teeth.json",
  "vertex_keyforms": {
    "parameter_id": "ParamMouthOpenY",
    "keys": [
      {
        "value": 0.0,
        "vertices": [
          [
            980.0,
            519.2
          ],
          [
            1002.2,
            519.2
          ],
          [
            1024.5,
            519.2
          ],
          [
            1046.8,
            519.2
          ],
          [
            1069.0,
            519.2
          ],
          [
            980.0,
            519.3
          ],
          [
            1002.2,
            519.3
          ],
          [
            1024.5,
            519.3
          ],
          [
            1046.8,
            519.3
          ],
          [
            1069.0,
            519.3
          ],
          [
            980.0,
            519.5
          ],
          [
            1002.2,
            519.5
          ],
          [
            1024.5,
            519.5
          ],
          [
            1046.8,
            519.5
          ],
          [
            1069.0,
            519.5
          ],
          [
            980.0,
            519.6
          ],
          [
            1002.2,
            519.6
          ],
          [
            1024.5,
            519.6
          ],
          [
            1046.8,
            519.6
          ],
          [
            1069.0,
            519.6
          ]
        ]
      },
      {
        "value": 0.25,
        "vertices": [
          [
            980.0,
            520.5
          ],
          [
            1002.2,
            520.5
          ],
          [
            1024.5,
            520.5
          ],
          [
            1046.8,
            520.5
          ],
          [
            1069.0,
            520.5
          ],
          [
            980.0,
            521.6
          ],
          [
            1002.2,
            521.6
          ],
          [
            1024.5,
            521.6
          ],
          [
            1046.8,
            521.6
          ],
          [
            1069.0,
            521.6
          ],
          [
            980.0,
            522.7
          ],
          [
            1002.2,
            522.7
          ],
          [
            1024.5,
            522.7
          ],
          [
            1046.8,
            522.7
          ],
          [
            1069.0,
            522.7
          ],
          [
            980.0,
            523.8
          ],
          [
            1002.2,
            523.8
          ],
          [
            1024.5,
            523.8
          ],
          [
            1046.8,
            523.8
          ],
          [
            1069.0,
            523.8
          ]
        ]
      },
      {
        "value": 0.55,
        "vertices": [
          [
            980.0,
            522.1
          ],
          [
            1002.2,
            522.1
          ],
          [
            1024.5,
            522.1
          ],
          [
            1046.8,
            522.1
          ],
          [
            1069.0,
            522.1
          ],
          [
            980.0,
            524.4
          ],
          [
            1002.2,
            524.4
          ],
          [
            1024.5,
            524.4
          ],
          [
            1046.8,
            524.4
          ],
          [
            1069.0,
            524.4
          ],
          [
            980.0,
            526.6
          ],
          [
            1002.2,
            526.6
          ],
          [
            1024.5,
            526.6
          ],
          [
            1046.8,
            526.6
          ],
          [
            1069.0,
            526.6
          ],
          [
            980.0,
            528.9
          ],
          [
            1002.2,
            528.9
          ],
          [
            1024.5,
            528.9
          ],
          [
            1046.8,
            528.9
          ],
          [
            1069.0,
            528.9
          ]
        ]
      },
      {
        "value": 1.0,