{
  "part_id": "R_brow",
  "vertices": [
    [
      867.0,
      315.0
    ],
    [
      893.8,
      315.0
    ],
    [
      920.5,
      315.0
    ],
    [
      947.2,
      315.0
    ],
    [
      974.0,
      315.0
    ],
    [
      867.0,
      320.3
    ],
    [
      893.8,
      320.3
    ],
    [
      920.5,
      320.3
    ],
    [
      947.2,
      320.3
    ],
    [
      974.0,
      320.3
    ],
    [
      867.0,
      325.7
    ],
    [
      893.8,
      325.7
    ],
    [
      920.5,
      325.7
    ],
    [
      947.2,
      325.7
    ],
    [
      974.0,
      325.7
    ],
    [
      867.0,
      331.0
    ],
    [
      893.8,
      331.0
    ],
    [
      920.5,
      331.0
    ],
    [
      947.2,
      331.0
    ],
    [
      974.0,
      331.0
    ]
  ],
  "triangles": [
    [
      0,
      5,
      1
    ],
    [
      1,
      5,
      6
    ],
    [
      1,
      6,
      2
    ],
    [
      2,
      6,
      7
    ],
    [
      2,
      7,
      3
    ],
    [
      3,
      7,
      8
    ],
    [
      3,
      8,
      4
    ],
    [
      4,
      8,
      9
    ],
    [
      5,
      10,
      6
    ],
    [
      6,
      10,
      11
    ],
    [
      6,
      11,
      7
    ],
    [
      7,
      11,
      12
    ],
    [
      7,
      12,
      8
    ],
    [
      8,
      12,
      13
    ],
    [
      8,
      13,
      9
    ],
    [
      9,
      13,
      14
    ],
    [
      10,
      15,
      11
    ],
    [
      11,
      15,
      16
    ],
    [
      11,
      16,
      12
    ],
    [
      12,
      16,
      17
    ],
    [
      12,
      17,
      13
    ],
    [
      13,
      17,
      18
    ],
    [
      13,
      18,
      14
    ],
    [
      14,
      18,
      19
    ]
  ],
  "uvs": [
    [
      0.42334,
      0.153809
    ],
    [
      0.436426,
      0.153809
    ],
    [
      0.449463,
      0.153809
    ],
    [
      0.4625,
      0.153809
    ],
    [
      0.475586,
      0.153809
    ],
    [
      0.42334,
      0.156396
    ],
    [
      0.436426,
      0.156396
    ],
    [
      0.449463,
      0.156396
    ],
    [
      0.4625,
      0.156396
    ],
    [
      0.475586,
      0.156396
    ],
    [
      0.42334,
      0.159033
    ],
    [
      0.436426,
      0.159033
    ],
    [
      0.449463,
      0.159033
    ],
    [
      0.4625,
      0.159033
    ],
    [
      0.475586,
      0.159033
    ],
    [
      0.42334,
      0.161621
    ],
    [
      0.436426,
      0.161621
    ],
    [
      0.449463,
      0.161621
    ],
    [
      0.4625,
      0.161621
    ],
    [
      0.475586,
      0.161621
    ]
  ],
  "mesh_path": "meshes/R_brow.json"
}
