{
  "part_id": "R_ear_outer",
  "vertices": [
    [
      802.0,
      362.0
    ],
    [
      824.5,
      362.0
    ],
    [
      847.0,
      362.0
    ],
    [
      869.5,
      362.0
    ],
    [
      892.0,
      362.0
    ],
    [
      802.0,
      407.0
    ],
    [
      824.5,
      407.0
    ],
    [
      847.0,
      407.0
    ],
    [
      869.5,
      407.0
    ],
    [
      892.0,
      407.0
    ],
    [
      802.0,
      452.0
    ],
    [
      824.5,
      452.0
    ],
    [
      847.0,
      452.0
    ],
    [
      869.5,
      452.0
    ],
    [
      892.0,
      452.0
    ],
    [
      802.0,
      497.0
    ],
    [
      824.5,
      497.0
    ],
    [
      847.0,
      497.0
    ],
    [
      869.5,
      497.0
    ],
    [
      892.0,
      497.0
    ]
  ],
  "triangles": [
    [
      0,
      5,
      1
    ],
    [
      1,
      5,
      6
    ],
    [
      1,
      6,
      2
    ],
    [
      2,
      6,
      7
    ],
    [
      2,
      7,
      3
    ],
    [
      3,
      7,
      8
    ],
    [
      3,
      8,
      4
    ],
    [
      4,
      8,
      9
    ],
    [
      5,
      10,
      6
    ],
    [
      6,
      10,
      11
    ],
    [
      6,
      11,
      7
    ],
    [
      7,
      11,
      12
    ],
    [
      7,
      12,
      8
    ],
    [
      8,
      12,
      13
    ],
    [
      8,
      13,
      9
    ],
    [
      9,
      13,
      14
    ],
    [
      10,
      15,
      11
    ],
    [
      11,
      15,
      16
    ],
    [
      11,
      16,
      12
    ],
    [
      12,
      16,
      17
    ],
    [
      12,
      17,
      13
    ],
    [
      13,
      17,
      18
    ],
    [
      13,
      18,
      14
    ],
    [
      14,
      18,
      19
    ]
  ],
  "uvs": [
    [
      0.391602,
      0.176758
    ],
    [
      0.402588,
      0.176758
    ],
    [
      0.413574,
      0.176758
    ],
    [
      0.424561,
      0.176758
    ],
    [
      0.435547,
      0.176758
    ],
    [
      0.391602,
      0.19873
    ],
    [
      0.402588,
      0.19873
    ],
    [
      0.413574,
      0.19873
    ],
    [
      0.424561,
      0.19873
    ],
    [
      0.435547,
      0.19873
    ],
    [
      0.391602,
      0.220703
    ],
    [
      0.402588,
      0.220703
    ],
    [
      0.413574,
      0.220703
    ],
    [
      0.424561,
      0.220703
    ],
    [
      0.435547,
      0.220703
    ],
    [
      0.391602,
      0.242676
    ],
    [
      0.402588,
      0.242676
    ],
    [
      0.413574,
      0.242676
    ],
    [
      0.424561,
      0.242676
    ],
    [
      0.435547,
      0.242676
    ]
  ],
  "mesh_path": "meshes/R_ear_outer.json"
}
