{
  "part_id": "raw_bottomwear",
  "vertices": [
    [
      504.0,
      1284.0
    ],
    [
      762.2,
      1284.0
    ],
    [
      1020.5,
      1284.0
    ],
    [
      1278.8,
      1284.0
    ],
    [
      1537.0,
      1284.0
    ],
    [
      504.0,
      1538.7
    ],
    [
      762.2,
      1538.7
    ],
    [
      1020.5,
      1538.7
    ],
    [
      1278.8,
      1538.7
    ],
    [
      1537.0,
      1538.7
    ],
    [
      504.0,
      1793.3
    ],
    [
      762.2,
      1793.3
    ],
    [
      1020.5,
      1793.3
    ],
    [
      1278.8,
      1793.3
    ],
    [
      1537.0,
      1793.3
    ],
    [
      504.0,
      2048.0
    ],
    [
      762.2,
      2048.0
    ],
    [
      1020.5,
      2048.0
    ],
    [
      1278.8,
      2048.0
    ],
    [
      1537.0,
      2048.0
    ]
  ],
  "triangles": [
    [
      1,
      5,
      6
    ],
    [
      1,
      6,
      2
    ],
    [
      2,
      6,
      7
    ],
    [
      2,
      7,
      3
    ],
    [
      3,
      7,
      8
    ],
    [
      3,
      8,
      4
    ],
    [
      4,
      8,
      9
    ],
    [
      5,
      10,
      6
    ],
    [
      6,
      10,
      11
    ],
    [
      6,
      11,
      7
    ],
    [
      7,
      11,
      12
    ],
    [
      7,
      12,
      8
    ],
    [
      8,
      12,
      13
    ],
    [
      8,
      13,
      9
    ],
    [
      9,
      13,
      14
    ],
    [
      10,
      15,
      11
    ],
    [
      11,
      15,
      16
    ],
    [
      11,
      16,
      12
    ],
    [
      12,
      16,
      17
    ],
    [
      12,
      17,
      13
    ],
    [
      13,
      17,
      18
    ],
    [
      13,
      18,
      14
    ],
    [
      14,
      18,
      19
    ]
  ],
  "uvs": [
    [
      0.246094,
      0.626953
    ],
    [
      0.372168,
      0.626953
    ],
    [
      0.498291,
      0.626953
    ],
    [
      0.624414,
      0.626953
    ],
    [
      0.750488,
      0.626953
    ],
    [
      0.246094,
      0.751318
    ],
    [
      0.372168,
      0.751318
    ],
    [
      0.498291,
      0.751318
    ],
    [
      0.624414,
      0.751318
    ],
    [
      0.750488,
      0.751318
    ],
    [
      0.246094,
      0.875635
    ],
    [
      0.372168,
      0.875635
    ],
    [
      0.498291,
      0.875635
    ],
    [
      0.624414,
      0.875635
    ],
    [
      0.750488,
      0.875635
    ],
    [
      0.246094,
      1.0
    ],
    [
      0.372168,
      1.0
    ],
    [
      0.498291,
      1.0
    ],
    [
      0.624414,
      1.0
    ],
    [
      0.750488,
      1.0
    ]
  ],
  "mesh_path": "meshes/raw_bottomwear.json"
}
