{
  "part_id": "R_upper_lash",
  "vertices": [
    [
      707.0,
      684.0
    ],
    [
      766.25,
      684.0
    ],
    [
      825.5,
      684.0
    ],
    [
      884.75,
      684.0
    ],
    [
      944.0,
      684.0
    ],
    [
      707.0,
      733.333
    ],
    [
      766.25,
      733.333
    ],
    [
      825.5,
      733.333
    ],
    [
      884.75,
      733.333
    ],
    [
      944.0,
      733.333
    ],
    [
      707.0,
      782.667
    ],
    [
      766.25,
      782.667
    ],
    [
      825.5,
      782.667
    ],
    [
      884.75,
      782.667
    ],
    [
      944.0,
      782.667
    ],
    [
      707.0,
      832.0
    ],
    [
      766.25,
      832.0
    ],
    [
      825.5,
      832.0
    ],
    [
      884.75,
      832.0
    ],
    [
      944.0,
      832.0
    ]
  ],
  "triangles": [
    [
      0,
      5,
      1
    ],
    [
      1,
      5,
      6
    ],
    [
      1,
      6,
      2
    ],
    [
      2,
      6,
      7
    ],
    [
      2,
      7,
      3
    ],
    [
      3,
      7,
      8
    ],
    [
      3,
      8,
      4
    ],
    [
      4,
      8,
      9
    ],
    [
      5,
      10,
      6
    ],
    [
      6,
      10,
      11
    ],
    [
      6,
      11,
      7
    ],
    [
      7,
      11,
      12
    ],
    [
      7,
      12,
      8
    ],
    [
      8,
      12,
      13
    ],
    [
      8,
      13,
      9
    ],
    [
      9,
      13,
      14
    ],
    [
      10,
      15,
      11
    ],
    [
      11,
      15,
      16
    ],
    [
      11,
      16,
      12
    ],
    [
      12,
      16,
      17
    ],
    [
      12,
      17,
      13
    ],
    [
      13,
      17,
      18
    ],
    [
      13,
      18,
      14
    ],
    [
      14,
      18,
      19
    ]
  ],
  "uvs": [
    [
      0.345215,
      0.333984
    ],
    [
      0.374146,
      0.333984
    ],
    [
      0.403076,
      0.333984
    ],
    [
      0.432007,
      0.333984
    ],
    [
      0.460938,
      0.333984
    ],
    [
      0.345215,
      0.358073
    ],
    [
      0.374146,
      0.358073
    ],
    [
      0.403076,
      0.358073
    ],
    [
      0.432007,
      0.358073
    ],
    [
      0.460938,
      0.358073
    ],
    [
      0.345215,
      0.382161
    ],
    [
      0.374146,
      0.382161
    ],
    [
      0.403076,
      0.382161
    ],
    [
      0.432007,
      0.382161
    ],
    [
      0.460938,
      0.382161
    ],
    [
      0.345215,
      0.40625
    ],
    [
      0.374146,
      0.40625
    ],
    [
      0.403076,
      0.40625
    ],
    [
      0.432007,
      0.40625
    ],
    [
      0.460938,
      0.40625
    ]
  ],
  "boundary_vertex_ids": [
    0,
    1,
    2,
    3,
    4,
    5,
    9,
    10,
    14,
    15,
    16,
    17,
    18,
    19
  ],
  "mesh_strategy": {
    "kind": "alpha_bbox_grid",
    "cols": 4,
    "rows": 3,
    "note": "v0 conservative mesh based on alpha bbox; not final Cubism ArtMesh quality"
  },
  "mesh_path": "meshes/R_upper_lash.json"
}
