{
  "part_id": "eye_R_white",
  "vertices": [
    [
      1073.0,
      677.0
    ],
    [
      1109.75,
      677.0
    ],
    [
      1146.5,
      677.0
    ],
    [
      1183.25,
      677.0
    ],
    [
      1220.0,
      677.0
    ],
    [
      1073.0,
      716.333
    ],
    [
      1109.75,
      716.333
    ],
    [
      1146.5,
      716.333
    ],
    [
      1183.25,
      716.333
    ],
    [
      1220.0,
      716.333
    ],
    [
      1073.0,
      755.667
    ],
    [
      1109.75,
      755.667
    ],
    [
      1146.5,
      755.667
    ],
    [
      1183.25,
      755.667
    ],
    [
      1220.0,
      755.667
    ],
    [
      1073.0,
      795.0
    ],
    [
      1109.75,
      795.0
    ],
    [
      1146.5,
      795.0
    ],
    [
      1183.25,
      795.0
    ],
    [
      1220.0,
      795.0
    ]
  ],
  "triangles": [
    [
      0,
      5,
      1
    ],
    [
      1,
      5,
      6
    ],
    [
      1,
      6,
      2
    ],
    [
      2,
      6,
      7
    ],
    [
      2,
      7,
      3
    ],
    [
      3,
      7,
      8
    ],
    [
      3,
      8,
      4
    ],
    [
      4,
      8,
      9
    ],
    [
      5,
      10,
      6
    ],
    [
      6,
      10,
      11
    ],
    [
      6,
      11,
      7
    ],
    [
      7,
      11,
      12
    ],
    [
      7,
      12,
      8
    ],
    [
      8,
      12,
      13
    ],
    [
      8,
      13,
      9
    ],
    [
      9,
      13,
      14
    ],
    [
      10,
      15,
      11
    ],
    [
      11,
      15,
      16
    ],
    [
      11,
      16,
      12
    ],
    [
      12,
      16,
      17
    ],
    [
      12,
      17,
      13
    ],
    [
      13,
      17,
      18
    ],
    [
      13,
      18,
      14
    ],
    [
      14,
      18,
      19
    ]
  ],
  "uvs": [
    [
      0.523926,
      0.330566
    ],
    [
      0.54187,
      0.330566
    ],
    [
      0.559814,
      0.330566
    ],
    [
      0.577759,
      0.330566
    ],
    [
      0.595703,
      0.330566
    ],
    [
      0.523926,
      0.349772
    ],
    [
      0.54187,
      0.349772
    ],
    [
      0.559814,
      0.349772
    ],
    [
      0.577759,
      0.349772
    ],
    [
      0.595703,
      0.349772
    ],
    [
      0.523926,
      0.368978
    ],
    [
      0.54187,
      0.368978
    ],
    [
      0.559814,
      0.368978
    ],
    [
      0.577759,
      0.368978
    ],
    [
      0.595703,
      0.368978
    ],
    [
      0.523926,
      0.388184
    ],
    [
      0.54187,
      0.388184
    ],
    [
      0.559814,
      0.388184
    ],
    [
      0.577759,
      0.388184
    ],
    [
      0.595703,
      0.388184
    ]
  ],
  "boundary_vertex_ids": [
    0,
    1,
    2,
    3,
    4,
    5,
    9,
    10,
    14,
    15,
    16,
    17,
    18,
    19
  ],
  "mesh_strategy": {
    "kind": "material_pack_alpha_bbox_grid",
    "cols": 4,
    "rows": 3,
    "note": "Mini Cubism preview mesh only; not final Cubism ArtMesh quality."
  },
  "mesh_path": "meshes/eye_R_white.json"
}
