{
  "part_id": "eye_L_white",
  "vertices": [
    [
      817.0,
      675.0
    ],
    [
      859.75,
      675.0
    ],
    [
      902.5,
      675.0
    ],
    [
      945.25,
      675.0
    ],
    [
      988.0,
      675.0
    ],
    [
      817.0,
      713.333
    ],
    [
      859.75,
      713.333
    ],
    [
      902.5,
      713.333
    ],
    [
      945.25,
      713.333
    ],
    [
      988.0,
      713.333
    ],
    [
      817.0,
      751.667
    ],
    [
      859.75,
      751.667
    ],
    [
      902.5,
      751.667
    ],
    [
      945.25,
      751.667
    ],
    [
      988.0,
      751.667
    ],
    [
      817.0,
      790.0
    ],
    [
      859.75,
      790.0
    ],
    [
      902.5,
      790.0
    ],
    [
      945.25,
      790.0
    ],
    [
      988.0,
      790.0
    ]
  ],
  "triangles": [
    [
      0,
      5,
      1
    ],
    [
      1,
      5,
      6
    ],
    [
      1,
      6,
      2
    ],
    [
      2,
      6,
      7
    ],
    [
      2,
      7,
      3
    ],
    [
      3,
      7,
      8
    ],
    [
      3,
      8,
      4
    ],
    [
      4,
      8,
      9
    ],
    [
      5,
      10,
      6
    ],
    [
      6,
      10,
      11
    ],
    [
      6,
      11,
      7
    ],
    [
      7,
      11,
      12
    ],
    [
      7,
      12,
      8
    ],
    [
      8,
      12,
      13
    ],
    [
      8,
      13,
      9
    ],
    [
      9,
      13,
      14
    ],
    [
      10,
      15,
      11
    ],
    [
      11,
      15,
      16
    ],
    [
      11,
      16,
      12
    ],
    [
      12,
      16,
      17
    ],
    [
      12,
      17,
      13
    ],
    [
      13,
      17,
      18
    ],
    [
      13,
      18,
      14
    ],
    [
      14,
      18,
      19
    ]
  ],
  "uvs": [
    [
      0.398926,
      0.32959
    ],
    [
      0.4198,
      0.32959
    ],
    [
      0.440674,
      0.32959
    ],
    [
      0.461548,
      0.32959
    ],
    [
      0.482422,
      0.32959
    ],
    [
      0.398926,
      0.348307
    ],
    [
      0.4198,
      0.348307
    ],
    [
      0.440674,
      0.348307
    ],
    [
      0.461548,
      0.348307
    ],
    [
      0.482422,
      0.348307
    ],
    [
      0.398926,
      0.367025
    ],
    [
      0.4198,
      0.367025
    ],
    [
      0.440674,
      0.367025
    ],
    [
      0.461548,
      0.367025
    ],
    [
      0.482422,
      0.367025
    ],
    [
      0.398926,
      0.385742
    ],
    [
      0.4198,
      0.385742
    ],
    [
      0.440674,
      0.385742
    ],
    [
      0.461548,
      0.385742
    ],
    [
      0.482422,
      0.385742
    ]
  ],
  "boundary_vertex_ids": [
    0,
    1,
    2,
    3,
    4,
    5,
    9,
    10,
    14,
    15,
    16,
    17,
    18,
    19
  ],
  "mesh_strategy": {
    "kind": "material_pack_alpha_bbox_grid",
    "cols": 4,
    "rows": 3,
    "note": "Mini Cubism preview mesh only; not final Cubism ArtMesh quality."
  },
  "mesh_path": "meshes/eye_L_white.json"
}
