{
  "part_id": "mouth_inner",
  "vertices": [
    [
      981.0,
      837.0
    ],
    [
      1006.75,
      837.0
    ],
    [
      1032.5,
      837.0
    ],
    [
      1058.25,
      837.0
    ],
    [
      1084.0,
      837.0
    ],
    [
      981.0,
      857.333
    ],
    [
      1006.75,
      857.333
    ],
    [
      1032.5,
      857.333
    ],
    [
      1058.25,
      857.333
    ],
    [
      1084.0,
      857.333
    ],
    [
      981.0,
      877.667
    ],
    [
      1006.75,
      877.667
    ],
    [
      1032.5,
      877.667
    ],
    [
      1058.25,
      877.667
    ],
    [
      1084.0,
      877.667
    ],
    [
      981.0,
      898.0
    ],
    [
      1006.75,
      898.0
    ],
    [
      1032.5,
      898.0
    ],
    [
      1058.25,
      898.0
    ],
    [
      1084.0,
      898.0
    ]
  ],
  "triangles": [
    [
      0,
      5,
      1
    ],
    [
      1,
      5,
      6
    ],
    [
      1,
      6,
      2
    ],
    [
      2,
      6,
      7
    ],
    [
      2,
      7,
      3
    ],
    [
      3,
      7,
      8
    ],
    [
      3,
      8,
      4
    ],
    [
      4,
      8,
      9
    ],
    [
      5,
      10,
      6
    ],
    [
      6,
      10,
      11
    ],
    [
      6,
      11,
      7
    ],
    [
      7,
      11,
      12
    ],
    [
      7,
      12,
      8
    ],
    [
      8,
      12,
      13
    ],
    [
      8,
      13,
      9
    ],
    [
      9,
      13,
      14
    ],
    [
      10,
      15,
      11
    ],
    [
      11,
      15,
      16
    ],
    [
      11,
      16,
      12
    ],
    [
      12,
      16,
      17
    ],
    [
      12,
      17,
      13
    ],
    [
      13,
      17,
      18
    ],
    [
      13,
      18,
      14
    ],
    [
      14,
      18,
      19
    ]
  ],
  "uvs": [
    [
      0.479004,
      0.408691
    ],
    [
      0.491577,
      0.408691
    ],
    [
      0.50415,
      0.408691
    ],
    [
      0.516724,
      0.408691
    ],
    [
      0.529297,
      0.408691
    ],
    [
      0.479004,
      0.41862
    ],
    [
      0.491577,
      0.41862
    ],
    [
      0.50415,
      0.41862
    ],
    [
      0.516724,
      0.41862
    ],
    [
      0.529297,
      0.41862
    ],
    [
      0.479004,
      0.428548
    ],
    [
      0.491577,
      0.428548
    ],
    [
      0.50415,
      0.428548
    ],
    [
      0.516724,
      0.428548
    ],
    [
      0.529297,
      0.428548
    ],
    [
      0.479004,
      0.438477
    ],
    [
      0.491577,
      0.438477
    ],
    [
      0.50415,
      0.438477
    ],
    [
      0.516724,
      0.438477
    ],
    [
      0.529297,
      0.438477
    ]
  ],
  "boundary_vertex_ids": [
    0,
    1,
    2,
    3,
    4,
    5,
    9,
    10,
    14,
    15,
    16,
    17,
    18,
    19
  ],
  "mesh_strategy": {
    "kind": "material_pack_alpha_bbox_grid",
    "cols": 4,
    "rows": 3,
    "note": "Mini Cubism preview mesh only; not final Cubism ArtMesh quality."
  },
  "mesh_path": "meshes/mouth_inner.json"
}
