{
  "part_id": "eye_L_highlight",
  "vertices": [
    [
      935.0,
      709.0
    ],
    [
      937.5,
      709.0
    ],
    [
      940.0,
      709.0
    ],
    [
      942.5,
      709.0
    ],
    [
      945.0,
      709.0
    ],
    [
      935.0,
      713.0
    ],
    [
      937.5,
      713.0
    ],
    [
      940.0,
      713.0
    ],
    [
      942.5,
      713.0
    ],
    [
      945.0,
      713.0
    ],
    [
      935.0,
      717.0
    ],
    [
      937.5,
      717.0
    ],
    [
      940.0,
      717.0
    ],
    [
      942.5,
      717.0
    ],
    [
      945.0,
      717.0
    ],
    [
      935.0,
      721.0
    ],
    [
      937.5,
      721.0
    ],
    [
      940.0,
      721.0
    ],
    [
      942.5,
      721.0
    ],
    [
      945.0,
      721.0
    ]
  ],
  "triangles": [
    [
      0,
      5,
      1
    ],
    [
      1,
      5,
      6
    ],
    [
      1,
      6,
      2
    ],
    [
      2,
      6,
      7
    ],
    [
      2,
      7,
      3
    ],
    [
      3,
      7,
      8
    ],
    [
      3,
      8,
      4
    ],
    [
      4,
      8,
      9
    ],
    [
      5,
      10,
      6
    ],
    [
      6,
      10,
      11
    ],
    [
      6,
      11,
      7
    ],
    [
      7,
      11,
      12
    ],
    [
      7,
      12,
      8
    ],
    [
      8,
      12,
      13
    ],
    [
      8,
      13,
      9
    ],
    [
      9,
      13,
      14
    ],
    [
      10,
      15,
      11
    ],
    [
      11,
      15,
      16
    ],
    [
      11,
      16,
      12
    ],
    [
      12,
      16,
      17
    ],
    [
      12,
      17,
      13
    ],
    [
      13,
      17,
      18
    ],
    [
      13,
      18,
      14
    ],
    [
      14,
      18,
      19
    ]
  ],
  "uvs": [
    [
      0.456543,
      0.346191
    ],
    [
      0.457764,
      0.346191
    ],
    [
      0.458984,
      0.346191
    ],
    [
      0.460205,
      0.346191
    ],
    [
      0.461426,
      0.346191
    ],
    [
      0.456543,
      0.348145
    ],
    [
      0.457764,
      0.348145
    ],
    [
      0.458984,
      0.348145
    ],
    [
      0.460205,
      0.348145
    ],
    [
      0.461426,
      0.348145
    ],
    [
      0.456543,
      0.350098
    ],
    [
      0.457764,
      0.350098
    ],
    [
      0.458984,
      0.350098
    ],
    [
      0.460205,
      0.350098
    ],
    [
      0.461426,
      0.350098
    ],
    [
      0.456543,
      0.352051
    ],
    [
      0.457764,
      0.352051
    ],
    [
      0.458984,
      0.352051
    ],
    [
      0.460205,
      0.352051
    ],
    [
      0.461426,
      0.352051
    ]
  ],
  "boundary_vertex_ids": [
    0,
    1,
    2,
    3,
    4,
    5,
    9,
    10,
    14,
    15,
    16,
    17,
    18,
    19
  ],
  "mesh_strategy": {
    "kind": "material_pack_alpha_bbox_grid",
    "cols": 4,
    "rows": 3,
    "note": "Mini Cubism preview mesh only; not final Cubism ArtMesh quality."
  },
  "mesh_path": "meshes/eye_L_highlight.json"
}
