{
  "part_id": "eye_R_highlight",
  "vertices": [
    [
      1116.0,
      714.0
    ],
    [
      1119.5,
      714.0
    ],
    [
      1123.0,
      714.0
    ],
    [
      1126.5,
      714.0
    ],
    [
      1130.0,
      714.0
    ],
    [
      1116.0,
      717.333
    ],
    [
      1119.5,
      717.333
    ],
    [
      1123.0,
      717.333
    ],
    [
      1126.5,
      717.333
    ],
    [
      1130.0,
      717.333
    ],
    [
      1116.0,
      720.667
    ],
    [
      1119.5,
      720.667
    ],
    [
      1123.0,
      720.667
    ],
    [
      1126.5,
      720.667
    ],
    [
      1130.0,
      720.667
    ],
    [
      1116.0,
      724.0
    ],
    [
      1119.5,
      724.0
    ],
    [
      1123.0,
      724.0
    ],
    [
      1126.5,
      724.0
    ],
    [
      1130.0,
      724.0
    ]
  ],
  "triangles": [
    [
      0,
      5,
      1
    ],
    [
      1,
      5,
      6
    ],
    [
      1,
      6,
      2
    ],
    [
      2,
      6,
      7
    ],
    [
      2,
      7,
      3
    ],
    [
      3,
      7,
      8
    ],
    [
      3,
      8,
      4
    ],
    [
      4,
      8,
      9
    ],
    [
      5,
      10,
      6
    ],
    [
      6,
      10,
      11
    ],
    [
      6,
      11,
      7
    ],
    [
      7,
      11,
      12
    ],
    [
      7,
      12,
      8
    ],
    [
      8,
      12,
      13
    ],
    [
      8,
      13,
      9
    ],
    [
      9,
      13,
      14
    ],
    [
      10,
      15,
      11
    ],
    [
      11,
      15,
      16
    ],
    [
      11,
      16,
      12
    ],
    [
      12,
      16,
      17
    ],
    [
      12,
      17,
      13
    ],
    [
      13,
      17,
      18
    ],
    [
      13,
      18,
      14
    ],
    [
      14,
      18,
      19
    ]
  ],
  "uvs": [
    [
      0.544922,
      0.348633
    ],
    [
      0.546631,
      0.348633
    ],
    [
      0.54834,
      0.348633
    ],
    [
      0.550049,
      0.348633
    ],
    [
      0.551758,
      0.348633
    ],
    [
      0.544922,
      0.35026
    ],
    [
      0.546631,
      0.35026
    ],
    [
      0.54834,
      0.35026
    ],
    [
      0.550049,
      0.35026
    ],
    [
      0.551758,
      0.35026
    ],
    [
      0.544922,
      0.351888
    ],
    [
      0.546631,
      0.351888
    ],
    [
      0.54834,
      0.351888
    ],
    [
      0.550049,
      0.351888
    ],
    [
      0.551758,
      0.351888
    ],
    [
      0.544922,
      0.353516
    ],
    [
      0.546631,
      0.353516
    ],
    [
      0.54834,
      0.353516
    ],
    [
      0.550049,
      0.353516
    ],
    [
      0.551758,
      0.353516
    ]
  ],
  "boundary_vertex_ids": [
    0,
    1,
    2,
    3,
    4,
    5,
    9,
    10,
    14,
    15,
    16,
    17,
    18,
    19
  ],
  "mesh_strategy": {
    "kind": "material_pack_alpha_bbox_grid",
    "cols": 4,
    "rows": 3,
    "note": "Mini Cubism preview mesh only; not final Cubism ArtMesh quality."
  },
  "mesh_path": "meshes/eye_R_highlight.json"
}
