{
  "part_id": "eye_L_pupil",
  "vertices": [
    [
      924.0,
      716.0
    ],
    [
      933.0,
      716.0
    ],
    [
      942.0,
      716.0
    ],
    [
      951.0,
      716.0
    ],
    [
      960.0,
      716.0
    ],
    [
      924.0,
      723.333
    ],
    [
      933.0,
      723.333
    ],
    [
      942.0,
      723.333
    ],
    [
      951.0,
      723.333
    ],
    [
      960.0,
      723.333
    ],
    [
      924.0,
      730.667
    ],
    [
      933.0,
      730.667
    ],
    [
      942.0,
      730.667
    ],
    [
      951.0,
      730.667
    ],
    [
      960.0,
      730.667
    ],
    [
      924.0,
      738.0
    ],
    [
      933.0,
      738.0
    ],
    [
      942.0,
      738.0
    ],
    [
      951.0,
      738.0
    ],
    [
      960.0,
      738.0
    ]
  ],
  "triangles": [
    [
      0,
      5,
      1
    ],
    [
      1,
      5,
      6
    ],
    [
      1,
      6,
      2
    ],
    [
      2,
      6,
      7
    ],
    [
      2,
      7,
      3
    ],
    [
      3,
      7,
      8
    ],
    [
      3,
      8,
      4
    ],
    [
      4,
      8,
      9
    ],
    [
      5,
      10,
      6
    ],
    [
      6,
      10,
      11
    ],
    [
      6,
      11,
      7
    ],
    [
      7,
      11,
      12
    ],
    [
      7,
      12,
      8
    ],
    [
      8,
      12,
      13
    ],
    [
      8,
      13,
      9
    ],
    [
      9,
      13,
      14
    ],
    [
      10,
      15,
      11
    ],
    [
      11,
      15,
      16
    ],
    [
      11,
      16,
      12
    ],
    [
      12,
      16,
      17
    ],
    [
      12,
      17,
      13
    ],
    [
      13,
      17,
      18
    ],
    [
      13,
      18,
      14
    ],
    [
      14,
      18,
      19
    ]
  ],
  "uvs": [
    [
      0.451172,
      0.349609
    ],
    [
      0.455566,
      0.349609
    ],
    [
      0.459961,
      0.349609
    ],
    [
      0.464355,
      0.349609
    ],
    [
      0.46875,
      0.349609
    ],
    [
      0.451172,
      0.35319
    ],
    [
      0.455566,
      0.35319
    ],
    [
      0.459961,
      0.35319
    ],
    [
      0.464355,
      0.35319
    ],
    [
      0.46875,
      0.35319
    ],
    [
      0.451172,
      0.356771
    ],
    [
      0.455566,
      0.356771
    ],
    [
      0.459961,
      0.356771
    ],
    [
      0.464355,
      0.356771
    ],
    [
      0.46875,
      0.356771
    ],
    [
      0.451172,
      0.360352
    ],
    [
      0.455566,
      0.360352
    ],
    [
      0.459961,
      0.360352
    ],
    [
      0.464355,
      0.360352
    ],
    [
      0.46875,
      0.360352
    ]
  ],
  "boundary_vertex_ids": [
    0,
    1,
    2,
    3,
    4,
    5,
    9,
    10,
    14,
    15,
    16,
    17,
    18,
    19
  ],
  "mesh_strategy": {
    "kind": "material_pack_alpha_bbox_grid",
    "cols": 4,
    "rows": 3,
    "note": "Mini Cubism preview mesh only; not final Cubism ArtMesh quality."
  },
  "mesh_path": "meshes/eye_L_pupil.json"
}
