{
  "part_id": "mouth_line",
  "vertices": [
    [
      999.0,
      855.0
    ],
    [
      1014.75,
      855.0
    ],
    [
      1030.5,
      855.0
    ],
    [
      1046.25,
      855.0
    ],
    [
      1062.0,
      855.0
    ],
    [
      999.0,
      860.667
    ],
    [
      1014.75,
      860.667
    ],
    [
      1030.5,
      860.667
    ],
    [
      1046.25,
      860.667
    ],
    [
      1062.0,
      860.667
    ],
    [
      999.0,
      866.333
    ],
    [
      1014.75,
      866.333
    ],
    [
      1030.5,
      866.333
    ],
    [
      1046.25,
      866.333
    ],
    [
      1062.0,
      866.333
    ],
    [
      999.0,
      872.0
    ],
    [
      1014.75,
      872.0
    ],
    [
      1030.5,
      872.0
    ],
    [
      1046.25,
      872.0
    ],
    [
      1062.0,
      872.0
    ]
  ],
  "triangles": [
    [
      0,
      5,
      1
    ],
    [
      1,
      5,
      6
    ],
    [
      1,
      6,
      2
    ],
    [
      2,
      6,
      7
    ],
    [
      2,
      7,
      3
    ],
    [
      3,
      7,
      8
    ],
    [
      3,
      8,
      4
    ],
    [
      4,
      8,
      9
    ],
    [
      5,
      10,
      6
    ],
    [
      6,
      10,
      11
    ],
    [
      6,
      11,
      7
    ],
    [
      7,
      11,
      12
    ],
    [
      7,
      12,
      8
    ],
    [
      8,
      12,
      13
    ],
    [
      8,
      13,
      9
    ],
    [
      9,
      13,
      14
    ],
    [
      10,
      15,
      11
    ],
    [
      11,
      15,
      16
    ],
    [
      11,
      16,
      12
    ],
    [
      12,
      16,
      17
    ],
    [
      12,
      17,
      13
    ],
    [
      13,
      17,
      18
    ],
    [
      13,
      18,
      14
    ],
    [
      14,
      18,
      19
    ]
  ],
  "uvs": [
    [
      0.487793,
      0.41748
    ],
    [
      0.495483,
      0.41748
    ],
    [
      0.503174,
      0.41748
    ],
    [
      0.510864,
      0.41748
    ],
    [
      0.518555,
      0.41748
    ],
    [
      0.487793,
      0.420247
    ],
    [
      0.495483,
      0.420247
    ],
    [
      0.503174,
      0.420247
    ],
    [
      0.510864,
      0.420247
    ],
    [
      0.518555,
      0.420247
    ],
    [
      0.487793,
      0.423014
    ],
    [
      0.495483,
      0.423014
    ],
    [
      0.503174,
      0.423014
    ],
    [
      0.510864,
      0.423014
    ],
    [
      0.518555,
      0.423014
    ],
    [
      0.487793,
      0.425781
    ],
    [
      0.495483,
      0.425781
    ],
    [
      0.503174,
      0.425781
    ],
    [
      0.510864,
      0.425781
    ],
    [
      0.518555,
      0.425781
    ]
  ],
  "boundary_vertex_ids": [
    0,
    1,
    2,
    3,
    4,
    5,
    9,
    10,
    14,
    15,
    16,
    17,
    18,
    19
  ],
  "mesh_strategy": {
    "kind": "material_pack_alpha_bbox_grid",
    "cols": 4,
    "rows": 3,
    "note": "Mini Cubism preview mesh only; not final Cubism ArtMesh quality."
  },
  "mesh_path": "meshes/mouth_line.json"
}
