{
  "part_id": "mouth_teeth",
  "vertices": [
    [
      985.0,
      857.0
    ],
    [
      1006.25,
      857.0
    ],
    [
      1027.5,
      857.0
    ],
    [
      1048.75,
      857.0
    ],
    [
      1070.0,
      857.0
    ],
    [
      985.0,
      863.667
    ],
    [
      1006.25,
      863.667
    ],
    [
      1027.5,
      863.667
    ],
    [
      1048.75,
      863.667
    ],
    [
      1070.0,
      863.667
    ],
    [
      985.0,
      870.333
    ],
    [
      1006.25,
      870.333
    ],
    [
      1027.5,
      870.333
    ],
    [
      1048.75,
      870.333
    ],
    [
      1070.0,
      870.333
    ],
    [
      985.0,
      877.0
    ],
    [
      1006.25,
      877.0
    ],
    [
      1027.5,
      877.0
    ],
    [
      1048.75,
      877.0
    ],
    [
      1070.0,
      877.0
    ]
  ],
  "triangles": [
    [
      0,
      5,
      1
    ],
    [
      1,
      5,
      6
    ],
    [
      1,
      6,
      2
    ],
    [
      2,
      6,
      7
    ],
    [
      2,
      7,
      3
    ],
    [
      3,
      7,
      8
    ],
    [
      3,
      8,
      4
    ],
    [
      4,
      8,
      9
    ],
    [
      5,
      10,
      6
    ],
    [
      6,
      10,
      11
    ],
    [
      6,
      11,
      7
    ],
    [
      7,
      11,
      12
    ],
    [
      7,
      12,
      8
    ],
    [
      8,
      12,
      13
    ],
    [
      8,
      13,
      9
    ],
    [
      9,
      13,
      14
    ],
    [
      10,
      15,
      11
    ],
    [
      11,
      15,
      16
    ],
    [
      11,
      16,
      12
    ],
    [
      12,
      16,
      17
    ],
    [
      12,
      17,
      13
    ],
    [
      13,
      17,
      18
    ],
    [
      13,
      18,
      14
    ],
    [
      14,
      18,
      19
    ]
  ],
  "uvs": [
    [
      0.480957,
      0.418457
    ],
    [
      0.491333,
      0.418457
    ],
    [
      0.501709,
      0.418457
    ],
    [
      0.512085,
      0.418457
    ],
    [
      0.522461,
      0.418457
    ],
    [
      0.480957,
      0.421712
    ],
    [
      0.491333,
      0.421712
    ],
    [
      0.501709,
      0.421712
    ],
    [
      0.512085,
      0.421712
    ],
    [
      0.522461,
      0.421712
    ],
    [
      0.480957,
      0.424967
    ],
    [
      0.491333,
      0.424967
    ],
    [
      0.501709,
      0.424967
    ],
    [
      0.512085,
      0.424967
    ],
    [
      0.522461,
      0.424967
    ],
    [
      0.480957,
      0.428223
    ],
    [
      0.491333,
      0.428223
    ],
    [
      0.501709,
      0.428223
    ],
    [
      0.512085,
      0.428223
    ],
    [
      0.522461,
      0.428223
    ]
  ],
  "boundary_vertex_ids": [
    0,
    1,
    2,
    3,
    4,
    5,
    9,
    10,
    14,
    15,
    16,
    17,
    18,
    19
  ],
  "mesh_strategy": {
    "kind": "material_pack_alpha_bbox_grid",
    "cols": 4,
    "rows": 3,
    "note": "Mini Cubism preview mesh only; not final Cubism ArtMesh quality."
  },
  "mesh_path": "meshes/mouth_teeth.json"
}
