{
  "part_id": "eye_R_closed_underpaint",
  "vertices": [
    [
      1063.0,
      607.0
    ],
    [
      1116.5,
      607.0
    ],
    [
      1170.0,
      607.0
    ],
    [
      1223.5,
      607.0
    ],
    [
      1277.0,
      607.0
    ],
    [
      1063.0,
      648.0
    ],
    [
      1116.5,
      648.0
    ],
    [
      1170.0,
      648.0
    ],
    [
      1223.5,
      648.0
    ],
    [
      1277.0,
      648.0
    ],
    [
      1063.0,
      689.0
    ],
    [
      1116.5,
      689.0
    ],
    [
      1170.0,
      689.0
    ],
    [
      1223.5,
      689.0
    ],
    [
      1277.0,
      689.0
    ],
    [
      1063.0,
      730.0
    ],
    [
      1116.5,
      730.0
    ],
    [
      1170.0,
      730.0
    ],
    [
      1223.5,
      730.0
    ],
    [
      1277.0,
      730.0
    ]
  ],
  "triangles": [
    [
      0,
      5,
      1
    ],
    [
      1,
      5,
      6
    ],
    [
      1,
      6,
      2
    ],
    [
      2,
      6,
      7
    ],
    [
      2,
      7,
      3
    ],
    [
      3,
      7,
      8
    ],
    [
      3,
      8,
      4
    ],
    [
      4,
      8,
      9
    ],
    [
      5,
      10,
      6
    ],
    [
      6,
      10,
      11
    ],
    [
      6,
      11,
      7
    ],
    [
      7,
      11,
      12
    ],
    [
      7,
      12,
      8
    ],
    [
      8,
      12,
      13
    ],
    [
      8,
      13,
      9
    ],
    [
      9,
      13,
      14
    ],
    [
      10,
      15,
      11
    ],
    [
      11,
      15,
      16
    ],
    [
      11,
      16,
      12
    ],
    [
      12,
      16,
      17
    ],
    [
      12,
      17,
      13
    ],
    [
      13,
      17,
      18
    ],
    [
      13,
      18,
      14
    ],
    [
      14,
      18,
      19
    ]
  ],
  "uvs": [
    [
      0.519043,
      0.296387
    ],
    [
      0.545166,
      0.296387
    ],
    [
      0.571289,
      0.296387
    ],
    [
      0.597412,
      0.296387
    ],
    [
      0.623535,
      0.296387
    ],
    [
      0.519043,
      0.316406
    ],
    [
      0.545166,
      0.316406
    ],
    [
      0.571289,
      0.316406
    ],
    [
      0.597412,
      0.316406
    ],
    [
      0.623535,
      0.316406
    ],
    [
      0.519043,
      0.336426
    ],
    [
      0.545166,
      0.336426
    ],
    [
      0.571289,
      0.336426
    ],
    [
      0.597412,
      0.336426
    ],
    [
      0.623535,
      0.336426
    ],
    [
      0.519043,
      0.356445
    ],
    [
      0.545166,
      0.356445
    ],
    [
      0.571289,
      0.356445
    ],
    [
      0.597412,
      0.356445
    ],
    [
      0.623535,
      0.356445
    ]
  ],
  "mesh_path": "meshes/eye_R_closed_underpaint.json"
}
