{
  "part_id": "eye_R_iris",
  "vertices": [
    [
      1123.0,
      631.0
    ],
    [
      1145.0,
      631.0
    ],
    [
      1167.0,
      631.0
    ],
    [
      1189.0,
      631.0
    ],
    [
      1211.0,
      631.0
    ],
    [
      1123.0,
      654.333
    ],
    [
      1145.0,
      654.333
    ],
    [
      1167.0,
      654.333
    ],
    [
      1189.0,
      654.333
    ],
    [
      1211.0,
      654.333
    ],
    [
      1123.0,
      677.667
    ],
    [
      1145.0,
      677.667
    ],
    [
      1167.0,
      677.667
    ],
    [
      1189.0,
      677.667
    ],
    [
      1211.0,
      677.667
    ],
    [
      1123.0,
      701.0
    ],
    [
      1145.0,
      701.0
    ],
    [
      1167.0,
      701.0
    ],
    [
      1189.0,
      701.0
    ],
    [
      1211.0,
      701.0
    ]
  ],
  "triangles": [
    [
      0,
      5,
      1
    ],
    [
      1,
      5,
      6
    ],
    [
      1,
      6,
      2
    ],
    [
      2,
      6,
      7
    ],
    [
      2,
      7,
      3
    ],
    [
      3,
      7,
      8
    ],
    [
      3,
      8,
      4
    ],
    [
      4,
      8,
      9
    ],
    [
      5,
      10,
      6
    ],
    [
      6,
      10,
      11
    ],
    [
      6,
      11,
      7
    ],
    [
      7,
      11,
      12
    ],
    [
      7,
      12,
      8
    ],
    [
      8,
      12,
      13
    ],
    [
      8,
      13,
      9
    ],
    [
      9,
      13,
      14
    ],
    [
      10,
      15,
      11
    ],
    [
      11,
      15,
      16
    ],
    [
      11,
      16,
      12
    ],
    [
      12,
      16,
      17
    ],
    [
      12,
      17,
      13
    ],
    [
      13,
      17,
      18
    ],
    [
      13,
      18,
      14
    ],
    [
      14,
      18,
      19
    ]
  ],
  "uvs": [
    [
      0.54834,
      0.308105
    ],
    [
      0.559082,
      0.308105
    ],
    [
      0.569824,
      0.308105
    ],
    [
      0.580566,
      0.308105
    ],
    [
      0.591309,
      0.308105
    ],
    [
      0.54834,
      0.319499
    ],
    [
      0.559082,
      0.319499
    ],
    [
      0.569824,
      0.319499
    ],
    [
      0.580566,
      0.319499
    ],
    [
      0.591309,
      0.319499
    ],
    [
      0.54834,
      0.330892
    ],
    [
      0.559082,
      0.330892
    ],
    [
      0.569824,
      0.330892
    ],
    [
      0.580566,
      0.330892
    ],
    [
      0.591309,
      0.330892
    ],
    [
      0.54834,
      0.342285
    ],
    [
      0.559082,
      0.342285
    ],
    [
      0.569824,
      0.342285
    ],
    [
      0.580566,
      0.342285
    ],
    [
      0.591309,
      0.342285
    ]
  ],
  "mesh_path": "meshes/eye_R_iris.json"
}
