{
  "part_id": "R_ear_outer",
  "vertices": [
    [
      616.0,
      739.0
    ],
    [
      658.5,
      739.0
    ],
    [
      701.0,
      739.0
    ],
    [
      743.5,
      739.0
    ],
    [
      786.0,
      739.0
    ],
    [
      616.0,
      788.75
    ],
    [
      658.5,
      788.75
    ],
    [
      701.0,
      788.75
    ],
    [
      743.5,
      788.75
    ],
    [
      786.0,
      788.75
    ],
    [
      616.0,
      838.5
    ],
    [
      658.5,
      838.5
    ],
    [
      701.0,
      838.5
    ],
    [
      743.5,
      838.5
    ],
    [
      786.0,
      838.5
    ],
    [
      616.0,
      888.25
    ],
    [
      658.5,
      888.25
    ],
    [
      701.0,
      888.25
    ],
    [
      743.5,
      888.25
    ],
    [
      786.0,
      888.25
    ],
    [
      616.0,
      938.0
    ],
    [
      658.5,
      938.0
    ],
    [
      701.0,
      938.0
    ],
    [
      743.5,
      938.0
    ],
    [
      786.0,
      938.0
    ]
  ],
  "triangles": [
    [
      0,
      5,
      1
    ],
    [
      1,
      5,
      6
    ],
    [
      1,
      6,
      2
    ],
    [
      2,
      6,
      7
    ],
    [
      2,
      7,
      3
    ],
    [
      3,
      7,
      8
    ],
    [
      3,
      8,
      4
    ],
    [
      4,
      8,
      9
    ],
    [
      5,
      10,
      6
    ],
    [
      6,
      10,
      11
    ],
    [
      6,
      11,
      7
    ],
    [
      7,
      11,
      12
    ],
    [
      7,
      12,
      8
    ],
    [
      8,
      12,
      13
    ],
    [
      8,
      13,
      9
    ],
    [
      9,
      13,
      14
    ],
    [
      10,
      15,
      11
    ],
    [
      11,
      15,
      16
    ],
    [
      11,
      16,
      12
    ],
    [
      12,
      16,
      17
    ],
    [
      12,
      17,
      13
    ],
    [
      13,
      17,
      18
    ],
    [
      13,
      18,
      14
    ],
    [
      14,
      18,
      19
    ],
    [
      15,
      20,
      16
    ],
    [
      16,
      20,
      21
    ],
    [
      16,
      21,
      17
    ],
    [
      17,
      21,
      22
    ],
    [
      17,
      22,
      18
    ],
    [
      18,
      22,
      23
    ],
    [
      18,
      23,
      19
    ],
    [
      19,
      23,
      24
    ]
  ],
  "uvs": [
    [
      0.300781,
      0.36084
    ],
    [
      0.321533,
      0.36084
    ],
    [
      0.342285,
      0.36084
    ],
    [
      0.363037,
      0.36084
    ],
    [
      0.383789,
      0.36084
    ],
    [
      0.300781,
      0.385132
    ],
    [
      0.321533,
      0.385132
    ],
    [
      0.342285,
      0.385132
    ],
    [
      0.363037,
      0.385132
    ],
    [
      0.383789,
      0.385132
    ],
    [
      0.300781,
      0.409424
    ],
    [
      0.321533,
      0.409424
    ],
    [
      0.342285,
      0.409424
    ],
    [
      0.363037,
      0.409424
    ],
    [
      0.383789,
      0.409424
    ],
    [
      0.300781,
      0.433716
    ],
    [
      0.321533,
      0.433716
    ],
    [
      0.342285,
      0.433716
    ],
    [
      0.363037,
      0.433716
    ],
    [
      0.383789,
      0.433716
    ],
    [
      0.300781,
      0.458008
    ],
    [
      0.321533,
      0.458008
    ],
    [
      0.342285,
      0.458008
    ],
    [
      0.363037,
      0.458008
    ],
    [
      0.383789,
      0.458008
    ]
  ],
  "boundary_vertex_ids": [
    0,
    1,
    2,
    3,
    4,
    5,
    9,
    10,
    14,
    15,
    19,
    20,
    21,
    22,
    23,
    24
  ],
  "mesh_strategy": {
    "kind": "alpha_bbox_grid",
    "cols": 4,
    "rows": 4,
    "note": "v0 conservative mesh based on alpha bbox; not final Cubism ArtMesh quality"
  },
  "mesh_path": "meshes/R_ear_outer.json"
}
