{
  "part_id": "eye_L_closed_lid",
  "vertices": [
    [
      787.0,
      656.0
    ],
    [
      831.0,
      656.0
    ],
    [
      875.0,
      656.0
    ],
    [
      919.0,
      656.0
    ],
    [
      963.0,
      656.0
    ],
    [
      787.0,
      678.333
    ],
    [
      831.0,
      678.333
    ],
    [
      875.0,
      678.333
    ],
    [
      919.0,
      678.333
    ],
    [
      963.0,
      678.333
    ],
    [
      787.0,
      700.667
    ],
    [
      831.0,
      700.667
    ],
    [
      875.0,
      700.667
    ],
    [
      919.0,
      700.667
    ],
    [
      963.0,
      700.667
    ],
    [
      787.0,
      723.0
    ],
    [
      831.0,
      723.0
    ],
    [
      875.0,
      723.0
    ],
    [
      919.0,
      723.0
    ],
    [
      963.0,
      723.0
    ]
  ],
  "triangles": [
    [
      0,
      5,
      1
    ],
    [
      1,
      5,
      6
    ],
    [
      1,
      6,
      2
    ],
    [
      2,
      6,
      7
    ],
    [
      2,
      7,
      3
    ],
    [
      3,
      7,
      8
    ],
    [
      3,
      8,
      4
    ],
    [
      4,
      8,
      9
    ],
    [
      5,
      10,
      6
    ],
    [
      6,
      10,
      11
    ],
    [
      6,
      11,
      7
    ],
    [
      7,
      11,
      12
    ],
    [
      7,
      12,
      8
    ],
    [
      8,
      12,
      13
    ],
    [
      8,
      13,
      9
    ],
    [
      9,
      13,
      14
    ],
    [
      10,
      15,
      11
    ],
    [
      11,
      15,
      16
    ],
    [
      11,
      16,
      12
    ],
    [
      12,
      16,
      17
    ],
    [
      12,
      17,
      13
    ],
    [
      13,
      17,
      18
    ],
    [
      13,
      18,
      14
    ],
    [
      14,
      18,
      19
    ]
  ],
  "uvs": [
    [
      0.384277,
      0.320312
    ],
    [
      0.405762,
      0.320312
    ],
    [
      0.427246,
      0.320312
    ],
    [
      0.44873,
      0.320312
    ],
    [
      0.470215,
      0.320312
    ],
    [
      0.384277,
      0.331217
    ],
    [
      0.405762,
      0.331217
    ],
    [
      0.427246,
      0.331217
    ],
    [
      0.44873,
      0.331217
    ],
    [
      0.470215,
      0.331217
    ],
    [
      0.384277,
      0.342122
    ],
    [
      0.405762,
      0.342122
    ],
    [
      0.427246,
      0.342122
    ],
    [
      0.44873,
      0.342122
    ],
    [
      0.470215,
      0.342122
    ],
    [
      0.384277,
      0.353027
    ],
    [
      0.405762,
      0.353027
    ],
    [
      0.427246,
      0.353027
    ],
    [
      0.44873,
      0.353027
    ],
    [
      0.470215,
      0.353027
    ]
  ],
  "mesh_path": "meshes/eye_L_closed_lid.json"
}
