{
  "part_id": "mouth_small_open",
  "vertices": [
    [
      943.0,
      864.0
    ],
    [
      989.0,
      864.0
    ],
    [
      1035.0,
      864.0
    ],
    [
      1081.0,
      864.0
    ],
    [
      1127.0,
      864.0
    ],
    [
      943.0,
      882.667
    ],
    [
      989.0,
      882.667
    ],
    [
      1035.0,
      882.667
    ],
    [
      1081.0,
      882.667
    ],
    [
      1127.0,
      882.667
    ],
    [
      943.0,
      901.333
    ],
    [
      989.0,
      901.333
    ],
    [
      1035.0,
      901.333
    ],
    [
      1081.0,
      901.333
    ],
    [
      1127.0,
      901.333
    ],
    [
      943.0,
      920.0
    ],
    [
      989.0,
      920.0
    ],
    [
      1035.0,
      920.0
    ],
    [
      1081.0,
      920.0
    ],
    [
      1127.0,
      920.0
    ]
  ],
  "triangles": [
    [
      0,
      5,
      1
    ],
    [
      1,
      5,
      6
    ],
    [
      1,
      6,
      2
    ],
    [
      2,
      6,
      7
    ],
    [
      2,
      7,
      3
    ],
    [
      3,
      7,
      8
    ],
    [
      3,
      8,
      4
    ],
    [
      4,
      8,
      9
    ],
    [
      5,
      10,
      6
    ],
    [
      6,
      10,
      11
    ],
    [
      6,
      11,
      7
    ],
    [
      7,
      11,
      12
    ],
    [
      7,
      12,
      8
    ],
    [
      8,
      12,
      13
    ],
    [
      8,
      13,
      9
    ],
    [
      9,
      13,
      14
    ],
    [
      10,
      15,
      11
    ],
    [
      11,
      15,
      16
    ],
    [
      11,
      16,
      12
    ],
    [
      12,
      16,
      17
    ],
    [
      12,
      17,
      13
    ],
    [
      13,
      17,
      18
    ],
    [
      13,
      18,
      14
    ],
    [
      14,
      18,
      19
    ]
  ],
  "uvs": [
    [
      0.460449,
      0.421875
    ],
    [
      0.48291,
      0.421875
    ],
    [
      0.505371,
      0.421875
    ],
    [
      0.527832,
      0.421875
    ],
    [
      0.550293,
      0.421875
    ],
    [
      0.460449,
      0.43099
    ],
    [
      0.48291,
      0.43099
    ],
    [
      0.505371,
      0.43099
    ],
    [
      0.527832,
      0.43099
    ],
    [
      0.550293,
      0.43099
    ],
    [
      0.460449,
      0.440104
    ],
    [
      0.48291,
      0.440104
    ],
    [
      0.505371,
      0.440104
    ],
    [
      0.527832,
      0.440104
    ],
    [
      0.550293,
      0.440104
    ],
    [
      0.460449,
      0.449219
    ],
    [
      0.48291,
      0.449219
    ],
    [
      0.505371,
      0.449219
    ],
    [
      0.527832,
      0.449219
    ],
    [
      0.550293,
      0.449219
    ]
  ],
  "mesh_path": "meshes/mouth_small_open.json"
}
