{
  "part_id": "mouth_mid_teeth_gen",
  "vertices": [
    [
      931.0,
      850.0
    ],
    [
      983.0,
      850.0
    ],
    [
      1035.0,
      850.0
    ],
    [
      1087.0,
      850.0
    ],
    [
      1139.0,
      850.0
    ],
    [
      931.0,
      878.0
    ],
    [
      983.0,
      878.0
    ],
    [
      1035.0,
      878.0
    ],
    [
      1087.0,
      878.0
    ],
    [
      1139.0,
      878.0
    ],
    [
      931.0,
      906.0
    ],
    [
      983.0,
      906.0
    ],
    [
      1035.0,
      906.0
    ],
    [
      1087.0,
      906.0
    ],
    [
      1139.0,
      906.0
    ],
    [
      931.0,
      934.0
    ],
    [
      983.0,
      934.0
    ],
    [
      1035.0,
      934.0
    ],
    [
      1087.0,
      934.0
    ],
    [
      1139.0,
      934.0
    ]
  ],
  "triangles": [
    [
      0,
      5,
      1
    ],
    [
      1,
      5,
      6
    ],
    [
      1,
      6,
      2
    ],
    [
      2,
      6,
      7
    ],
    [
      2,
      7,
      3
    ],
    [
      3,
      7,
      8
    ],
    [
      3,
      8,
      4
    ],
    [
      4,
      8,
      9
    ],
    [
      5,
      10,
      6
    ],
    [
      6,
      10,
      11
    ],
    [
      6,
      11,
      7
    ],
    [
      7,
      11,
      12
    ],
    [
      7,
      12,
      8
    ],
    [
      8,
      12,
      13
    ],
    [
      8,
      13,
      9
    ],
    [
      9,
      13,
      14
    ],
    [
      10,
      15,
      11
    ],
    [
      11,
      15,
      16
    ],
    [
      11,
      16,
      12
    ],
    [
      12,
      16,
      17
    ],
    [
      12,
      17,
      13
    ],
    [
      13,
      17,
      18
    ],
    [
      13,
      18,
      14
    ],
    [
      14,
      18,
      19
    ]
  ],
  "uvs": [
    [
      0.45459,
      0.415039
    ],
    [
      0.47998,
      0.415039
    ],
    [
      0.505371,
      0.415039
    ],
    [
      0.530762,
      0.415039
    ],
    [
      0.556152,
      0.415039
    ],
    [
      0.45459,
      0.428711
    ],
    [
      0.47998,
      0.428711
    ],
    [
      0.505371,
      0.428711
    ],
    [
      0.530762,
      0.428711
    ],
    [
      0.556152,
      0.428711
    ],
    [
      0.45459,
      0.442383
    ],
    [
      0.47998,
      0.442383
    ],
    [
      0.505371,
      0.442383
    ],
    [
      0.530762,
      0.442383
    ],
    [
      0.556152,
      0.442383
    ],
    [
      0.45459,
      0.456055
    ],
    [
      0.47998,
      0.456055
    ],
    [
      0.505371,
      0.456055
    ],
    [
      0.530762,
      0.456055
    ],
    [
      0.556152,
      0.456055
    ]
  ],
  "mesh_path": "meshes/mouth_mid_teeth_gen.json"
}
