{
  "part_id": "mouth_closed_smile",
  "vertices": [
    [
      951.0,
      872.0
    ],
    [
      993.0,
      872.0
    ],
    [
      1035.0,
      872.0
    ],
    [
      1077.0,
      872.0
    ],
    [
      1119.0,
      872.0
    ],
    [
      951.0,
      885.333
    ],
    [
      993.0,
      885.333
    ],
    [
      1035.0,
      885.333
    ],
    [
      1077.0,
      885.333
    ],
    [
      1119.0,
      885.333
    ],
    [
      951.0,
      898.667
    ],
    [
      993.0,
      898.667
    ],
    [
      1035.0,
      898.667
    ],
    [
      1077.0,
      898.667
    ],
    [
      1119.0,
      898.667
    ],
    [
      951.0,
      912.0
    ],
    [
      993.0,
      912.0
    ],
    [
      1035.0,
      912.0
    ],
    [
      1077.0,
      912.0
    ],
    [
      1119.0,
      912.0
    ]
  ],
  "triangles": [
    [
      0,
      5,
      1
    ],
    [
      1,
      5,
      6
    ],
    [
      1,
      6,
      2
    ],
    [
      2,
      6,
      7
    ],
    [
      2,
      7,
      3
    ],
    [
      3,
      7,
      8
    ],
    [
      3,
      8,
      4
    ],
    [
      4,
      8,
      9
    ],
    [
      5,
      10,
      6
    ],
    [
      6,
      10,
      11
    ],
    [
      6,
      11,
      7
    ],
    [
      7,
      11,
      12
    ],
    [
      7,
      12,
      8
    ],
    [
      8,
      12,
      13
    ],
    [
      8,
      13,
      9
    ],
    [
      9,
      13,
      14
    ],
    [
      10,
      15,
      11
    ],
    [
      11,
      15,
      16
    ],
    [
      11,
      16,
      12
    ],
    [
      12,
      16,
      17
    ],
    [
      12,
      17,
      13
    ],
    [
      13,
      17,
      18
    ],
    [
      13,
      18,
      14
    ],
    [
      14,
      18,
      19
    ]
  ],
  "uvs": [
    [
      0.464355,
      0.425781
    ],
    [
      0.484863,
      0.425781
    ],
    [
      0.505371,
      0.425781
    ],
    [
      0.525879,
      0.425781
    ],
    [
      0.546387,
      0.425781
    ],
    [
      0.464355,
      0.432292
    ],
    [
      0.484863,
      0.432292
    ],
    [
      0.505371,
      0.432292
    ],
    [
      0.525879,
      0.432292
    ],
    [
      0.546387,
      0.432292
    ],
    [
      0.464355,
      0.438802
    ],
    [
      0.484863,
      0.438802
    ],
    [
      0.505371,
      0.438802
    ],
    [
      0.525879,
      0.438802
    ],
    [
      0.546387,
      0.438802
    ],
    [
      0.464355,
      0.445312
    ],
    [
      0.484863,
      0.445312
    ],
    [
      0.505371,
      0.445312
    ],
    [
      0.525879,
      0.445312
    ],
    [
      0.546387,
      0.445312
    ]
  ],
  "mesh_path": "meshes/mouth_closed_smile.json"
}
