{
  "part_id": "mouth_wide_teeth_tongue_gen",
  "vertices": [
    [
      919.0,
      834.0
    ],
    [
      977.0,
      834.0
    ],
    [
      1035.0,
      834.0
    ],
    [
      1093.0,
      834.0
    ],
    [
      1151.0,
      834.0
    ],
    [
      919.0,
      872.667
    ],
    [
      977.0,
      872.667
    ],
    [
      1035.0,
      872.667
    ],
    [
      1093.0,
      872.667
    ],
    [
      1151.0,
      872.667
    ],
    [
      919.0,
      911.333
    ],
    [
      977.0,
      911.333
    ],
    [
      1035.0,
      911.333
    ],
    [
      1093.0,
      911.333
    ],
    [
      1151.0,
      911.333
    ],
    [
      919.0,
      950.0
    ],
    [
      977.0,
      950.0
    ],
    [
      1035.0,
      950.0
    ],
    [
      1093.0,
      950.0
    ],
    [
      1151.0,
      950.0
    ]
  ],
  "triangles": [
    [
      0,
      5,
      1
    ],
    [
      1,
      5,
      6
    ],
    [
      1,
      6,
      2
    ],
    [
      2,
      6,
      7
    ],
    [
      2,
      7,
      3
    ],
    [
      3,
      7,
      8
    ],
    [
      3,
      8,
      4
    ],
    [
      4,
      8,
      9
    ],
    [
      5,
      10,
      6
    ],
    [
      6,
      10,
      11
    ],
    [
      6,
      11,
      7
    ],
    [
      7,
      11,
      12
    ],
    [
      7,
      12,
      8
    ],
    [
      8,
      12,
      13
    ],
    [
      8,
      13,
      9
    ],
    [
      9,
      13,
      14
    ],
    [
      10,
      15,
      11
    ],
    [
      11,
      15,
      16
    ],
    [
      11,
      16,
      12
    ],
    [
      12,
      16,
      17
    ],
    [
      12,
      17,
      13
    ],
    [
      13,
      17,
      18
    ],
    [
      13,
      18,
      14
    ],
    [
      14,
      18,
      19
    ]
  ],
  "uvs": [
    [
      0.44873,
      0.407227
    ],
    [
      0.477051,
      0.407227
    ],
    [
      0.505371,
      0.407227
    ],
    [
      0.533691,
      0.407227
    ],
    [
      0.562012,
      0.407227
    ],
    [
      0.44873,
      0.426107
    ],
    [
      0.477051,
      0.426107
    ],
    [
      0.505371,
      0.426107
    ],
    [
      0.533691,
      0.426107
    ],
    [
      0.562012,
      0.426107
    ],
    [
      0.44873,
      0.444987
    ],
    [
      0.477051,
      0.444987
    ],
    [
      0.505371,
      0.444987
    ],
    [
      0.533691,
      0.444987
    ],
    [
      0.562012,
      0.444987
    ],
    [
      0.44873,
      0.463867
    ],
    [
      0.477051,
      0.463867
    ],
    [
      0.505371,
      0.463867
    ],
    [
      0.533691,
      0.463867
    ],
    [
      0.562012,
      0.463867
    ]
  ],
  "mesh_path": "meshes/mouth_wide_teeth_tongue_gen.json"
}
