{
  "part_id": "eye_white_L",
  "vertices": [
    [
      1055.0,
      610.0
    ],
    [
      1097.2,
      610.0
    ],
    [
      1139.4,
      610.0
    ],
    [
      1181.6,
      610.0
    ],
    [
      1223.8,
      610.0
    ],
    [
      1266.0,
      610.0
    ],
    [
      1055.0,
      643.667
    ],
    [
      1097.2,
      643.667
    ],
    [
      1139.4,
      643.667
    ],
    [
      1181.6,
      643.667
    ],
    [
      1223.8,
      643.667
    ],
    [
      1266.0,
      643.667
    ],
    [
      1055.0,
      677.333
    ],
    [
      1097.2,
      677.333
    ],
    [
      1139.4,
      677.333
    ],
    [
      1181.6,
      677.333
    ],
    [
      1223.8,
      677.333
    ],
    [
      1266.0,
      677.333
    ],
    [
      1055.0,
      711.0
    ],
    [
      1097.2,
      711.0
    ],
    [
      1139.4,
      711.0
    ],
    [
      1181.6,
      711.0
    ],
    [
      1223.8,
      711.0
    ],
    [
      1266.0,
      711.0
    ]
  ],
  "triangles": [
    [
      0,
      6,
      1
    ],
    [
      1,
      6,
      7
    ],
    [
      1,
      7,
      2
    ],
    [
      2,
      7,
      8
    ],
    [
      2,
      8,
      3
    ],
    [
      3,
      8,
      9
    ],
    [
      3,
      9,
      4
    ],
    [
      4,
      9,
      10
    ],
    [
      4,
      10,
      5
    ],
    [
      5,
      10,
      11
    ],
    [
      6,
      12,
      7
    ],
    [
      7,
      12,
      13
    ],
    [
      7,
      13,
      8
    ],
    [
      8,
      13,
      14
    ],
    [
      8,
      14,
      9
    ],
    [
      9,
      14,
      15
    ],
    [
      9,
      15,
      10
    ],
    [
      10,
      15,
      16
    ],
    [
      10,
      16,
      11
    ],
    [
      11,
      16,
      17
    ],
    [
      12,
      18,
      13
    ],
    [
      13,
      18,
      19
    ],
    [
      13,
      19,
      14
    ],
    [
      14,
      19,
      20
    ],
    [
      14,
      20,
      15
    ],
    [
      15,
      20,
      21
    ],
    [
      15,
      21,
      16
    ],
    [
      16,
      21,
      22
    ],
    [
      16,
      22,
      17
    ],
    [
      17,
      22,
      23
    ]
  ],
  "uvs": [
    [
      0.515137,
      0.297852
    ],
    [
      0.535742,
      0.297852
    ],
    [
      0.556348,
      0.297852
    ],
    [
      0.576953,
      0.297852
    ],
    [
      0.597559,
      0.297852
    ],
    [
      0.618164,
      0.297852
    ],
    [
      0.515137,
      0.31429
    ],
    [
      0.535742,
      0.31429
    ],
    [
      0.556348,
      0.31429
    ],
    [
      0.576953,
      0.31429
    ],
    [
      0.597559,
      0.31429
    ],
    [
      0.618164,
      0.31429
    ],
    [
      0.515137,
      0.330729
    ],
    [
      0.535742,
      0.330729
    ],
    [
      0.556348,
      0.330729
    ],
    [
      0.576953,
      0.330729
    ],
    [
      0.597559,
      0.330729
    ],
    [
      0.618164,
      0.330729
    ],
    [
      0.515137,
      0.347168
    ],
    [
      0.535742,
      0.347168
    ],
    [
      0.556348,
      0.347168
    ],
    [
      0.576953,
      0.347168
    ],
    [
      0.597559,
      0.347168
    ],
    [
      0.618164,
      0.347168
    ]
  ],
  "boundary_vertex_ids": [
    0,
    1,
    2,
    3,
    4,
    5,
    6,
    11,
    12,
    17,
    18,
    19,
    20,
    21,
    22,
    23
  ],
  "mesh_strategy": {
    "kind": "dedicated_v1_bbox_grid",
    "cols": 5,
    "rows": 3
  },
  "mesh_path": "meshes/eye_white_L.json"
}
