{
  "part_id": "eye_white_R",
  "vertices": [
    [
      780.0,
      610.0
    ],
    [
      822.2,
      610.0
    ],
    [
      864.4,
      610.0
    ],
    [
      906.6,
      610.0
    ],
    [
      948.8,
      610.0
    ],
    [
      991.0,
      610.0
    ],
    [
      780.0,
      643.667
    ],
    [
      822.2,
      643.667
    ],
    [
      864.4,
      643.667
    ],
    [
      906.6,
      643.667
    ],
    [
      948.8,
      643.667
    ],
    [
      991.0,
      643.667
    ],
    [
      780.0,
      677.333
    ],
    [
      822.2,
      677.333
    ],
    [
      864.4,
      677.333
    ],
    [
      906.6,
      677.333
    ],
    [
      948.8,
      677.333
    ],
    [
      991.0,
      677.333
    ],
    [
      780.0,
      711.0
    ],
    [
      822.2,
      711.0
    ],
    [
      864.4,
      711.0
    ],
    [
      906.6,
      711.0
    ],
    [
      948.8,
      711.0
    ],
    [
      991.0,
      711.0
    ]
  ],
  "triangles": [
    [
      0,
      6,
      1
    ],
    [
      1,
      6,
      7
    ],
    [
      1,
      7,
      2
    ],
    [
      2,
      7,
      8
    ],
    [
      2,
      8,
      3
    ],
    [
      3,
      8,
      9
    ],
    [
      3,
      9,
      4
    ],
    [
      4,
      9,
      10
    ],
    [
      4,
      10,
      5
    ],
    [
      5,
      10,
      11
    ],
    [
      6,
      12,
      7
    ],
    [
      7,
      12,
      13
    ],
    [
      7,
      13,
      8
    ],
    [
      8,
      13,
      14
    ],
    [
      8,
      14,
      9
    ],
    [
      9,
      14,
      15
    ],
    [
      9,
      15,
      10
    ],
    [
      10,
      15,
      16
    ],
    [
      10,
      16,
      11
    ],
    [
      11,
      16,
      17
    ],
    [
      12,
      18,
      13
    ],
    [
      13,
      18,
      19
    ],
    [
      13,
      19,
      14
    ],
    [
      14,
      19,
      20
    ],
    [
      14,
      20,
      15
    ],
    [
      15,
      20,
      21
    ],
    [
      15,
      21,
      16
    ],
    [
      16,
      21,
      22
    ],
    [
      16,
      22,
      17
    ],
    [
      17,
      22,
      23
    ]
  ],
  "uvs": [
    [
      0.380859,
      0.297852
    ],
    [
      0.401465,
      0.297852
    ],
    [
      0.42207,
      0.297852
    ],
    [
      0.442676,
      0.297852
    ],
    [
      0.463281,
      0.297852
    ],
    [
      0.483887,
      0.297852
    ],
    [
      0.380859,
      0.31429
    ],
    [
      0.401465,
      0.31429
    ],
    [
      0.42207,
      0.31429
    ],
    [
      0.442676,
      0.31429
    ],
    [
      0.463281,
      0.31429
    ],
    [
      0.483887,
      0.31429
    ],
    [
      0.380859,
      0.330729
    ],
    [
      0.401465,
      0.330729
    ],
    [
      0.42207,
      0.330729
    ],
    [
      0.442676,
      0.330729
    ],
    [
      0.463281,
      0.330729
    ],
    [
      0.483887,
      0.330729
    ],
    [
      0.380859,
      0.347168
    ],
    [
      0.401465,
      0.347168
    ],
    [
      0.42207,
      0.347168
    ],
    [
      0.442676,
      0.347168
    ],
    [
      0.463281,
      0.347168
    ],
    [
      0.483887,
      0.347168
    ]
  ],
  "boundary_vertex_ids": [
    0,
    1,
    2,
    3,
    4,
    5,
    6,
    11,
    12,
    17,
    18,
    19,
    20,
    21,
    22,
    23
  ],
  "mesh_strategy": {
    "kind": "dedicated_v1_bbox_grid",
    "cols": 5,
    "rows": 3
  },
  "mesh_path": "meshes/eye_white_R.json"
}
