{
  "part_id": "iris_L",
  "vertices": [
    [
      1120.0,
      620.0
    ],
    [
      1136.6,
      620.0
    ],
    [
      1153.2,
      620.0
    ],
    [
      1169.8,
      620.0
    ],
    [
      1186.4,
      620.0
    ],
    [
      1203.0,
      620.0
    ],
    [
      1120.0,
      647.667
    ],
    [
      1136.6,
      647.667
    ],
    [
      1153.2,
      647.667
    ],
    [
      1169.8,
      647.667
    ],
    [
      1186.4,
      647.667
    ],
    [
      1203.0,
      647.667
    ],
    [
      1120.0,
      675.333
    ],
    [
      1136.6,
      675.333
    ],
    [
      1153.2,
      675.333
    ],
    [
      1169.8,
      675.333
    ],
    [
      1186.4,
      675.333
    ],
    [
      1203.0,
      675.333
    ],
    [
      1120.0,
      703.0
    ],
    [
      1136.6,
      703.0
    ],
    [
      1153.2,
      703.0
    ],
    [
      1169.8,
      703.0
    ],
    [
      1186.4,
      703.0
    ],
    [
      1203.0,
      703.0
    ]
  ],
  "triangles": [
    [
      0,
      6,
      1
    ],
    [
      1,
      6,
      7
    ],
    [
      1,
      7,
      2
    ],
    [
      2,
      7,
      8
    ],
    [
      2,
      8,
      3
    ],
    [
      3,
      8,
      9
    ],
    [
      3,
      9,
      4
    ],
    [
      4,
      9,
      10
    ],
    [
      4,
      10,
      5
    ],
    [
      5,
      10,
      11
    ],
    [
      6,
      12,
      7
    ],
    [
      7,
      12,
      13
    ],
    [
      7,
      13,
      8
    ],
    [
      8,
      13,
      14
    ],
    [
      8,
      14,
      9
    ],
    [
      9,
      14,
      15
    ],
    [
      9,
      15,
      10
    ],
    [
      10,
      15,
      16
    ],
    [
      10,
      16,
      11
    ],
    [
      11,
      16,
      17
    ],
    [
      12,
      18,
      13
    ],
    [
      13,
      18,
      19
    ],
    [
      13,
      19,
      14
    ],
    [
      14,
      19,
      20
    ],
    [
      14,
      20,
      15
    ],
    [
      15,
      20,
      21
    ],
    [
      15,
      21,
      16
    ],
    [
      16,
      21,
      22
    ],
    [
      16,
      22,
      17
    ],
    [
      17,
      22,
      23
    ]
  ],
  "uvs": [
    [
      0.546875,
      0.302734
    ],
    [
      0.55498,
      0.302734
    ],
    [
      0.563086,
      0.302734
    ],
    [
      0.571191,
      0.302734
    ],
    [
      0.579297,
      0.302734
    ],
    [
      0.587402,
      0.302734
    ],
    [
      0.546875,
      0.316243
    ],
    [
      0.55498,
      0.316243
    ],
    [
      0.563086,
      0.316243
    ],
    [
      0.571191,
      0.316243
    ],
    [
      0.579297,
      0.316243
    ],
    [
      0.587402,
      0.316243
    ],
    [
      0.546875,
      0.329753
    ],
    [
      0.55498,
      0.329753
    ],
    [
      0.563086,
      0.329753
    ],
    [
      0.571191,
      0.329753
    ],
    [
      0.579297,
      0.329753
    ],
    [
      0.587402,
      0.329753
    ],
    [
      0.546875,
      0.343262
    ],
    [
      0.55498,
      0.343262
    ],
    [
      0.563086,
      0.343262
    ],
    [
      0.571191,
      0.343262
    ],
    [
      0.579297,
      0.343262
    ],
    [
      0.587402,
      0.343262
    ]
  ],
  "boundary_vertex_ids": [
    0,
    1,
    2,
    3,
    4,
    5,
    6,
    11,
    12,
    17,
    18,
    19,
    20,
    21,
    22,
    23
  ],
  "mesh_strategy": {
    "kind": "dedicated_v1_bbox_grid",
    "cols": 5,
    "rows": 3
  },
  "mesh_path": "meshes/iris_L.json"
}
