{
  "part_id": "lower_lid_L",
  "vertices": [
    [
      1052.0,
      695.0
    ],
    [
      1095.4,
      695.0
    ],
    [
      1138.8,
      695.0
    ],
    [
      1182.2,
      695.0
    ],
    [
      1225.6,
      695.0
    ],
    [
      1269.0,
      695.0
    ],
    [
      1052.0,
      706.333
    ],
    [
      1095.4,
      706.333
    ],
    [
      1138.8,
      706.333
    ],
    [
      1182.2,
      706.333
    ],
    [
      1225.6,
      706.333
    ],
    [
      1269.0,
      706.333
    ],
    [
      1052.0,
      717.667
    ],
    [
      1095.4,
      717.667
    ],
    [
      1138.8,
      717.667
    ],
    [
      1182.2,
      717.667
    ],
    [
      1225.6,
      717.667
    ],
    [
      1269.0,
      717.667
    ],
    [
      1052.0,
      729.0
    ],
    [
      1095.4,
      729.0
    ],
    [
      1138.8,
      729.0
    ],
    [
      1182.2,
      729.0
    ],
    [
      1225.6,
      729.0
    ],
    [
      1269.0,
      729.0
    ]
  ],
  "triangles": [
    [
      0,
      6,
      1
    ],
    [
      1,
      6,
      7
    ],
    [
      1,
      7,
      2
    ],
    [
      2,
      7,
      8
    ],
    [
      2,
      8,
      3
    ],
    [
      3,
      8,
      9
    ],
    [
      3,
      9,
      4
    ],
    [
      4,
      9,
      10
    ],
    [
      4,
      10,
      5
    ],
    [
      5,
      10,
      11
    ],
    [
      6,
      12,
      7
    ],
    [
      7,
      12,
      13
    ],
    [
      7,
      13,
      8
    ],
    [
      8,
      13,
      14
    ],
    [
      8,
      14,
      9
    ],
    [
      9,
      14,
      15
    ],
    [
      9,
      15,
      10
    ],
    [
      10,
      15,
      16
    ],
    [
      10,
      16,
      11
    ],
    [
      11,
      16,
      17
    ],
    [
      12,
      18,
      13
    ],
    [
      13,
      18,
      19
    ],
    [
      13,
      19,
      14
    ],
    [
      14,
      19,
      20
    ],
    [
      14,
      20,
      15
    ],
    [
      15,
      20,
      21
    ],
    [
      15,
      21,
      16
    ],
    [
      16,
      21,
      22
    ],
    [
      16,
      22,
      17
    ],
    [
      17,
      22,
      23
    ]
  ],
  "uvs": [
    [
      0.513672,
      0.339355
    ],
    [
      0.534863,
      0.339355
    ],
    [
      0.556055,
      0.339355
    ],
    [
      0.577246,
      0.339355
    ],
    [
      0.598437,
      0.339355
    ],
    [
      0.619629,
      0.339355
    ],
    [
      0.513672,
      0.344889
    ],
    [
      0.534863,
      0.344889
    ],
    [
      0.556055,
      0.344889
    ],
    [
      0.577246,
      0.344889
    ],
    [
      0.598437,
      0.344889
    ],
    [
      0.619629,
      0.344889
    ],
    [
      0.513672,
      0.350423
    ],
    [
      0.534863,
      0.350423
    ],
    [
      0.556055,
      0.350423
    ],
    [
      0.577246,
      0.350423
    ],
    [
      0.598437,
      0.350423
    ],
    [
      0.619629,
      0.350423
    ],
    [
      0.513672,
      0.355957
    ],
    [
      0.534863,
      0.355957
    ],
    [
      0.556055,
      0.355957
    ],
    [
      0.577246,
      0.355957
    ],
    [
      0.598437,
      0.355957
    ],
    [
      0.619629,
      0.355957
    ]
  ],
  "boundary_vertex_ids": [
    0,
    1,
    2,
    3,
    4,
    5,
    6,
    11,
    12,
    17,
    18,
    19,
    20,
    21,
    22,
    23
  ],
  "mesh_strategy": {
    "kind": "dedicated_v1_bbox_grid",
    "cols": 5,
    "rows": 3
  },
  "mesh_path": "meshes/lower_lid_L.json"
}
