{
  "part_id": "mouth_closed_line",
  "vertices": [
    [
      957.0,
      848.0
    ],
    [
      984.4,
      848.0
    ],
    [
      1011.8,
      848.0
    ],
    [
      1039.2,
      848.0
    ],
    [
      1066.6,
      848.0
    ],
    [
      1094.0,
      848.0
    ],
    [
      957.0,
      858.667
    ],
    [
      984.4,
      858.667
    ],
    [
      1011.8,
      858.667
    ],
    [
      1039.2,
      858.667
    ],
    [
      1066.6,
      858.667
    ],
    [
      1094.0,
      858.667
    ],
    [
      957.0,
      869.333
    ],
    [
      984.4,
      869.333
    ],
    [
      1011.8,
      869.333
    ],
    [
      1039.2,
      869.333
    ],
    [
      1066.6,
      869.333
    ],
    [
      1094.0,
      869.333
    ],
    [
      957.0,
      880.0
    ],
    [
      984.4,
      880.0
    ],
    [
      1011.8,
      880.0
    ],
    [
      1039.2,
      880.0
    ],
    [
      1066.6,
      880.0
    ],
    [
      1094.0,
      880.0
    ]
  ],
  "triangles": [
    [
      0,
      6,
      1
    ],
    [
      1,
      6,
      7
    ],
    [
      1,
      7,
      2
    ],
    [
      2,
      7,
      8
    ],
    [
      2,
      8,
      3
    ],
    [
      3,
      8,
      9
    ],
    [
      3,
      9,
      4
    ],
    [
      4,
      9,
      10
    ],
    [
      4,
      10,
      5
    ],
    [
      5,
      10,
      11
    ],
    [
      6,
      12,
      7
    ],
    [
      7,
      12,
      13
    ],
    [
      7,
      13,
      8
    ],
    [
      8,
      13,
      14
    ],
    [
      8,
      14,
      9
    ],
    [
      9,
      14,
      15
    ],
    [
      9,
      15,
      10
    ],
    [
      10,
      15,
      16
    ],
    [
      10,
      16,
      11
    ],
    [
      11,
      16,
      17
    ],
    [
      12,
      18,
      13
    ],
    [
      13,
      18,
      19
    ],
    [
      13,
      19,
      14
    ],
    [
      14,
      19,
      20
    ],
    [
      14,
      20,
      15
    ],
    [
      15,
      20,
      21
    ],
    [
      15,
      21,
      16
    ],
    [
      16,
      21,
      22
    ],
    [
      16,
      22,
      17
    ],
    [
      17,
      22,
      23
    ]
  ],
  "uvs": [
    [
      0.467285,
      0.414062
    ],
    [
      0.480664,
      0.414062
    ],
    [
      0.494043,
      0.414062
    ],
    [
      0.507422,
      0.414062
    ],
    [
      0.520801,
      0.414062
    ],
    [
      0.53418,
      0.414062
    ],
    [
      0.467285,
      0.419271
    ],
    [
      0.480664,
      0.419271
    ],
    [
      0.494043,
      0.419271
    ],
    [
      0.507422,
      0.419271
    ],
    [
      0.520801,
      0.419271
    ],
    [
      0.53418,
      0.419271
    ],
    [
      0.467285,
      0.424479
    ],
    [
      0.480664,
      0.424479
    ],
    [
      0.494043,
      0.424479
    ],
    [
      0.507422,
      0.424479
    ],
    [
      0.520801,
      0.424479
    ],
    [
      0.53418,
      0.424479
    ],
    [
      0.467285,
      0.429688
    ],
    [
      0.480664,
      0.429688
    ],
    [
      0.494043,
      0.429688
    ],
    [
      0.507422,
      0.429688
    ],
    [
      0.520801,
      0.429688
    ],
    [
      0.53418,
      0.429688
    ]
  ],
  "boundary_vertex_ids": [
    0,
    1,
    2,
    3,
    4,
    5,
    6,
    11,
    12,
    17,
    18,
    19,
    20,
    21,
    22,
    23
  ],
  "mesh_strategy": {
    "kind": "dedicated_v1_bbox_grid",
    "cols": 5,
    "rows": 3
  },
  "mesh_path": "meshes/mouth_closed_line.json"
}
