{
  "part_id": "mouth_open_inner",
  "vertices": [
    [
      948.0,
      822.0
    ],
    [
      979.0,
      822.0
    ],
    [
      1010.0,
      822.0
    ],
    [
      1041.0,
      822.0
    ],
    [
      1072.0,
      822.0
    ],
    [
      1103.0,
      822.0
    ],
    [
      948.0,
      851.667
    ],
    [
      979.0,
      851.667
    ],
    [
      1010.0,
      851.667
    ],
    [
      1041.0,
      851.667
    ],
    [
      1072.0,
      851.667
    ],
    [
      1103.0,
      851.667
    ],
    [
      948.0,
      881.333
    ],
    [
      979.0,
      881.333
    ],
    [
      1010.0,
      881.333
    ],
    [
      1041.0,
      881.333
    ],
    [
      1072.0,
      881.333
    ],
    [
      1103.0,
      881.333
    ],
    [
      948.0,
      911.0
    ],
    [
      979.0,
      911.0
    ],
    [
      1010.0,
      911.0
    ],
    [
      1041.0,
      911.0
    ],
    [
      1072.0,
      911.0
    ],
    [
      1103.0,
      911.0
    ]
  ],
  "triangles": [
    [
      0,
      6,
      1
    ],
    [
      1,
      6,
      7
    ],
    [
      1,
      7,
      2
    ],
    [
      2,
      7,
      8
    ],
    [
      2,
      8,
      3
    ],
    [
      3,
      8,
      9
    ],
    [
      3,
      9,
      4
    ],
    [
      4,
      9,
      10
    ],
    [
      4,
      10,
      5
    ],
    [
      5,
      10,
      11
    ],
    [
      6,
      12,
      7
    ],
    [
      7,
      12,
      13
    ],
    [
      7,
      13,
      8
    ],
    [
      8,
      13,
      14
    ],
    [
      8,
      14,
      9
    ],
    [
      9,
      14,
      15
    ],
    [
      9,
      15,
      10
    ],
    [
      10,
      15,
      16
    ],
    [
      10,
      16,
      11
    ],
    [
      11,
      16,
      17
    ],
    [
      12,
      18,
      13
    ],
    [
      13,
      18,
      19
    ],
    [
      13,
      19,
      14
    ],
    [
      14,
      19,
      20
    ],
    [
      14,
      20,
      15
    ],
    [
      15,
      20,
      21
    ],
    [
      15,
      21,
      16
    ],
    [
      16,
      21,
      22
    ],
    [
      16,
      22,
      17
    ],
    [
      17,
      22,
      23
    ]
  ],
  "uvs": [
    [
      0.462891,
      0.401367
    ],
    [
      0.478027,
      0.401367
    ],
    [
      0.493164,
      0.401367
    ],
    [
      0.508301,
      0.401367
    ],
    [
      0.523438,
      0.401367
    ],
    [
      0.538574,
      0.401367
    ],
    [
      0.462891,
      0.415853
    ],
    [
      0.478027,
      0.415853
    ],
    [
      0.493164,
      0.415853
    ],
    [
      0.508301,
      0.415853
    ],
    [
      0.523438,
      0.415853
    ],
    [
      0.538574,
      0.415853
    ],
    [
      0.462891,
      0.430339
    ],
    [
      0.478027,
      0.430339
    ],
    [
      0.493164,
      0.430339
    ],
    [
      0.508301,
      0.430339
    ],
    [
      0.523438,
      0.430339
    ],
    [
      0.538574,
      0.430339
    ],
    [
      0.462891,
      0.444824
    ],
    [
      0.478027,
      0.444824
    ],
    [
      0.493164,
      0.444824
    ],
    [
      0.508301,
      0.444824
    ],
    [
      0.523438,
      0.444824
    ],
    [
      0.538574,
      0.444824
    ]
  ],
  "boundary_vertex_ids": [
    0,
    1,
    2,
    3,
    4,
    5,
    6,
    11,
    12,
    17,
    18,
    19,
    20,
    21,
    22,
    23
  ],
  "mesh_strategy": {
    "kind": "dedicated_v1_bbox_grid",
    "cols": 5,
    "rows": 3
  },
  "mesh_path": "meshes/mouth_open_inner.json"
}
