{
  "part_id": "mouth_half_inner",
  "vertices": [
    [
      958.0,
      830.0
    ],
    [
      985.0,
      830.0
    ],
    [
      1012.0,
      830.0
    ],
    [
      1039.0,
      830.0
    ],
    [
      1066.0,
      830.0
    ],
    [
      1093.0,
      830.0
    ],
    [
      958.0,
      845.0
    ],
    [
      985.0,
      845.0
    ],
    [
      1012.0,
      845.0
    ],
    [
      1039.0,
      845.0
    ],
    [
      1066.0,
      845.0
    ],
    [
      1093.0,
      845.0
    ],
    [
      958.0,
      860.0
    ],
    [
      985.0,
      860.0
    ],
    [
      1012.0,
      860.0
    ],
    [
      1039.0,
      860.0
    ],
    [
      1066.0,
      860.0
    ],
    [
      1093.0,
      860.0
    ],
    [
      958.0,
      875.0
    ],
    [
      985.0,
      875.0
    ],
    [
      1012.0,
      875.0
    ],
    [
      1039.0,
      875.0
    ],
    [
      1066.0,
      875.0
    ],
    [
      1093.0,
      875.0
    ]
  ],
  "triangles": [
    [
      0,
      6,
      1
    ],
    [
      1,
      6,
      7
    ],
    [
      1,
      7,
      2
    ],
    [
      2,
      7,
      8
    ],
    [
      2,
      8,
      3
    ],
    [
      3,
      8,
      9
    ],
    [
      3,
      9,
      4
    ],
    [
      4,
      9,
      10
    ],
    [
      4,
      10,
      5
    ],
    [
      5,
      10,
      11
    ],
    [
      6,
      12,
      7
    ],
    [
      7,
      12,
      13
    ],
    [
      7,
      13,
      8
    ],
    [
      8,
      13,
      14
    ],
    [
      8,
      14,
      9
    ],
    [
      9,
      14,
      15
    ],
    [
      9,
      15,
      10
    ],
    [
      10,
      15,
      16
    ],
    [
      10,
      16,
      11
    ],
    [
      11,
      16,
      17
    ],
    [
      12,
      18,
      13
    ],
    [
      13,
      18,
      19
    ],
    [
      13,
      19,
      14
    ],
    [
      14,
      19,
      20
    ],
    [
      14,
      20,
      15
    ],
    [
      15,
      20,
      21
    ],
    [
      15,
      21,
      16
    ],
    [
      16,
      21,
      22
    ],
    [
      16,
      22,
      17
    ],
    [
      17,
      22,
      23
    ]
  ],
  "uvs": [
    [
      0.467773,
      0.405273
    ],
    [
      0.480957,
      0.405273
    ],
    [
      0.494141,
      0.405273
    ],
    [
      0.507324,
      0.405273
    ],
    [
      0.520508,
      0.405273
    ],
    [
      0.533691,
      0.405273
    ],
    [
      0.467773,
      0.412598
    ],
    [
      0.480957,
      0.412598
    ],
    [
      0.494141,
      0.412598
    ],
    [
      0.507324,
      0.412598
    ],
    [
      0.520508,
      0.412598
    ],
    [
      0.533691,
      0.412598
    ],
    [
      0.467773,
      0.419922
    ],
    [
      0.480957,
      0.419922
    ],
    [
      0.494141,
      0.419922
    ],
    [
      0.507324,
      0.419922
    ],
    [
      0.520508,
      0.419922
    ],
    [
      0.533691,
      0.419922
    ],
    [
      0.467773,
      0.427246
    ],
    [
      0.480957,
      0.427246
    ],
    [
      0.494141,
      0.427246
    ],
    [
      0.507324,
      0.427246
    ],
    [
      0.520508,
      0.427246
    ],
    [
      0.533691,
      0.427246
    ]
  ],
  "boundary_vertex_ids": [
    0,
    1,
    2,
    3,
    4,
    5,
    6,
    11,
    12,
    17,
    18,
    19,
    20,
    21,
    22,
    23
  ],
  "mesh_strategy": {
    "kind": "dedicated_v1_bbox_grid",
    "cols": 5,
    "rows": 3
  },
  "mesh_path": "meshes/mouth_half_inner.json"
}
