{
  "part_id": "mouth_tongue",
  "vertices": [
    [
      982.0,
      872.0
    ],
    [
      999.4,
      872.0
    ],
    [
      1016.8,
      872.0
    ],
    [
      1034.2,
      872.0
    ],
    [
      1051.6,
      872.0
    ],
    [
      1069.0,
      872.0
    ],
    [
      982.0,
      882.333
    ],
    [
      999.4,
      882.333
    ],
    [
      1016.8,
      882.333
    ],
    [
      1034.2,
      882.333
    ],
    [
      1051.6,
      882.333
    ],
    [
      1069.0,
      882.333
    ],
    [
      982.0,
      892.667
    ],
    [
      999.4,
      892.667
    ],
    [
      1016.8,
      892.667
    ],
    [
      1034.2,
      892.667
    ],
    [
      1051.6,
      892.667
    ],
    [
      1069.0,
      892.667
    ],
    [
      982.0,
      903.0
    ],
    [
      999.4,
      903.0
    ],
    [
      1016.8,
      903.0
    ],
    [
      1034.2,
      903.0
    ],
    [
      1051.6,
      903.0
    ],
    [
      1069.0,
      903.0
    ]
  ],
  "triangles": [
    [
      0,
      6,
      1
    ],
    [
      1,
      6,
      7
    ],
    [
      1,
      7,
      2
    ],
    [
      2,
      7,
      8
    ],
    [
      2,
      8,
      3
    ],
    [
      3,
      8,
      9
    ],
    [
      3,
      9,
      4
    ],
    [
      4,
      9,
      10
    ],
    [
      4,
      10,
      5
    ],
    [
      5,
      10,
      11
    ],
    [
      6,
      12,
      7
    ],
    [
      7,
      12,
      13
    ],
    [
      7,
      13,
      8
    ],
    [
      8,
      13,
      14
    ],
    [
      8,
      14,
      9
    ],
    [
      9,
      14,
      15
    ],
    [
      9,
      15,
      10
    ],
    [
      10,
      15,
      16
    ],
    [
      10,
      16,
      11
    ],
    [
      11,
      16,
      17
    ],
    [
      12,
      18,
      13
    ],
    [
      13,
      18,
      19
    ],
    [
      13,
      19,
      14
    ],
    [
      14,
      19,
      20
    ],
    [
      14,
      20,
      15
    ],
    [
      15,
      20,
      21
    ],
    [
      15,
      21,
      16
    ],
    [
      16,
      21,
      22
    ],
    [
      16,
      22,
      17
    ],
    [
      17,
      22,
      23
    ]
  ],
  "uvs": [
    [
      0.479492,
      0.425781
    ],
    [
      0.487988,
      0.425781
    ],
    [
      0.496484,
      0.425781
    ],
    [
      0.50498,
      0.425781
    ],
    [
      0.513477,
      0.425781
    ],
    [
      0.521973,
      0.425781
    ],
    [
      0.479492,
      0.430827
    ],
    [
      0.487988,
      0.430827
    ],
    [
      0.496484,
      0.430827
    ],
    [
      0.50498,
      0.430827
    ],
    [
      0.513477,
      0.430827
    ],
    [
      0.521973,
      0.430827
    ],
    [
      0.479492,
      0.435872
    ],
    [
      0.487988,
      0.435872
    ],
    [
      0.496484,
      0.435872
    ],
    [
      0.50498,
      0.435872
    ],
    [
      0.513477,
      0.435872
    ],
    [
      0.521973,
      0.435872
    ],
    [
      0.479492,
      0.440918
    ],
    [
      0.487988,
      0.440918
    ],
    [
      0.496484,
      0.440918
    ],
    [
      0.50498,
      0.440918
    ],
    [
      0.513477,
      0.440918
    ],
    [
      0.521973,
      0.440918
    ]
  ],
  "boundary_vertex_ids": [
    0,
    1,
    2,
    3,
    4,
    5,
    6,
    11,
    12,
    17,
    18,
    19,
    20,
    21,
    22,
    23
  ],
  "mesh_strategy": {
    "kind": "dedicated_v1_bbox_grid",
    "cols": 5,
    "rows": 3
  },
  "mesh_path": "meshes/mouth_tongue.json"
}
