{
  "part_id": "mouth_teeth_upper",
  "vertices": [
    [
      980.0,
      826.0
    ],
    [
      997.8,
      826.0
    ],
    [
      1015.6,
      826.0
    ],
    [
      1033.4,
      826.0
    ],
    [
      1051.2,
      826.0
    ],
    [
      1069.0,
      826.0
    ],
    [
      980.0,
      835.0
    ],
    [
      997.8,
      835.0
    ],
    [
      1015.6,
      835.0
    ],
    [
      1033.4,
      835.0
    ],
    [
      1051.2,
      835.0
    ],
    [
      1069.0,
      835.0
    ],
    [
      980.0,
      844.0
    ],
    [
      997.8,
      844.0
    ],
    [
      1015.6,
      844.0
    ],
    [
      1033.4,
      844.0
    ],
    [
      1051.2,
      844.0
    ],
    [
      1069.0,
      844.0
    ],
    [
      980.0,
      853.0
    ],
    [
      997.8,
      853.0
    ],
    [
      1015.6,
      853.0
    ],
    [
      1033.4,
      853.0
    ],
    [
      1051.2,
      853.0
    ],
    [
      1069.0,
      853.0
    ]
  ],
  "triangles": [
    [
      0,
      6,
      1
    ],
    [
      1,
      6,
      7
    ],
    [
      1,
      7,
      2
    ],
    [
      2,
      7,
      8
    ],
    [
      2,
      8,
      3
    ],
    [
      3,
      8,
      9
    ],
    [
      3,
      9,
      4
    ],
    [
      4,
      9,
      10
    ],
    [
      4,
      10,
      5
    ],
    [
      5,
      10,
      11
    ],
    [
      6,
      12,
      7
    ],
    [
      7,
      12,
      13
    ],
    [
      7,
      13,
      8
    ],
    [
      8,
      13,
      14
    ],
    [
      8,
      14,
      9
    ],
    [
      9,
      14,
      15
    ],
    [
      9,
      15,
      10
    ],
    [
      10,
      15,
      16
    ],
    [
      10,
      16,
      11
    ],
    [
      11,
      16,
      17
    ],
    [
      12,
      18,
      13
    ],
    [
      13,
      18,
      19
    ],
    [
      13,
      19,
      14
    ],
    [
      14,
      19,
      20
    ],
    [
      14,
      20,
      15
    ],
    [
      15,
      20,
      21
    ],
    [
      15,
      21,
      16
    ],
    [
      16,
      21,
      22
    ],
    [
      16,
      22,
      17
    ],
    [
      17,
      22,
      23
    ]
  ],
  "uvs": [
    [
      0.478516,
      0.40332
    ],
    [
      0.487207,
      0.40332
    ],
    [
      0.495898,
      0.40332
    ],
    [
      0.50459,
      0.40332
    ],
    [
      0.513281,
      0.40332
    ],
    [
      0.521973,
      0.40332
    ],
    [
      0.478516,
      0.407715
    ],
    [
      0.487207,
      0.407715
    ],
    [
      0.495898,
      0.407715
    ],
    [
      0.50459,
      0.407715
    ],
    [
      0.513281,
      0.407715
    ],
    [
      0.521973,
      0.407715
    ],
    [
      0.478516,
      0.412109
    ],
    [
      0.487207,
      0.412109
    ],
    [
      0.495898,
      0.412109
    ],
    [
      0.50459,
      0.412109
    ],
    [
      0.513281,
      0.412109
    ],
    [
      0.521973,
      0.412109
    ],
    [
      0.478516,
      0.416504
    ],
    [
      0.487207,
      0.416504
    ],
    [
      0.495898,
      0.416504
    ],
    [
      0.50459,
      0.416504
    ],
    [
      0.513281,
      0.416504
    ],
    [
      0.521973,
      0.416504
    ]
  ],
  "boundary_vertex_ids": [
    0,
    1,
    2,
    3,
    4,
    5,
    6,
    11,
    12,
    17,
    18,
    19,
    20,
    21,
    22,
    23
  ],
  "mesh_strategy": {
    "kind": "dedicated_v1_bbox_grid",
    "cols": 5,
    "rows": 3
  },
  "mesh_path": "meshes/mouth_teeth_upper.json"
}
