{
  "part_id": "upper_lash_R",
  "vertices": [
    [
      762.0,
      578.0
    ],
    [
      811.0,
      578.0
    ],
    [
      860.0,
      578.0
    ],
    [
      909.0,
      578.0
    ],
    [
      958.0,
      578.0
    ],
    [
      1007.0,
      578.0
    ],
    [
      762.0,
      594.333
    ],
    [
      811.0,
      594.333
    ],
    [
      860.0,
      594.333
    ],
    [
      909.0,
      594.333
    ],
    [
      958.0,
      594.333
    ],
    [
      1007.0,
      594.333
    ],
    [
      762.0,
      610.667
    ],
    [
      811.0,
      610.667
    ],
    [
      860.0,
      610.667
    ],
    [
      909.0,
      610.667
    ],
    [
      958.0,
      610.667
    ],
    [
      1007.0,
      610.667
    ],
    [
      762.0,
      627.0
    ],
    [
      811.0,
      627.0
    ],
    [
      860.0,
      627.0
    ],
    [
      909.0,
      627.0
    ],
    [
      958.0,
      627.0
    ],
    [
      1007.0,
      627.0
    ]
  ],
  "triangles": [
    [
      0,
      6,
      1
    ],
    [
      1,
      6,
      7
    ],
    [
      1,
      7,
      2
    ],
    [
      2,
      7,
      8
    ],
    [
      2,
      8,
      3
    ],
    [
      3,
      8,
      9
    ],
    [
      3,
      9,
      4
    ],
    [
      4,
      9,
      10
    ],
    [
      4,
      10,
      5
    ],
    [
      5,
      10,
      11
    ],
    [
      6,
      12,
      7
    ],
    [
      7,
      12,
      13
    ],
    [
      7,
      13,
      8
    ],
    [
      8,
      13,
      14
    ],
    [
      8,
      14,
      9
    ],
    [
      9,
      14,
      15
    ],
    [
      9,
      15,
      10
    ],
    [
      10,
      15,
      16
    ],
    [
      10,
      16,
      11
    ],
    [
      11,
      16,
      17
    ],
    [
      12,
      18,
      13
    ],
    [
      13,
      18,
      19
    ],
    [
      13,
      19,
      14
    ],
    [
      14,
      19,
      20
    ],
    [
      14,
      20,
      15
    ],
    [
      15,
      20,
      21
    ],
    [
      15,
      21,
      16
    ],
    [
      16,
      21,
      22
    ],
    [
      16,
      22,
      17
    ],
    [
      17,
      22,
      23
    ]
  ],
  "uvs": [
    [
      0.37207,
      0.282227
    ],
    [
      0.395996,
      0.282227
    ],
    [
      0.419922,
      0.282227
    ],
    [
      0.443848,
      0.282227
    ],
    [
      0.467773,
      0.282227
    ],
    [
      0.491699,
      0.282227
    ],
    [
      0.37207,
      0.290202
    ],
    [
      0.395996,
      0.290202
    ],
    [
      0.419922,
      0.290202
    ],
    [
      0.443848,
      0.290202
    ],
    [
      0.467773,
      0.290202
    ],
    [
      0.491699,
      0.290202
    ],
    [
      0.37207,
      0.298177
    ],
    [
      0.395996,
      0.298177
    ],
    [
      0.419922,
      0.298177
    ],
    [
      0.443848,
      0.298177
    ],
    [
      0.467773,
      0.298177
    ],
    [
      0.491699,
      0.298177
    ],
    [
      0.37207,
      0.306152
    ],
    [
      0.395996,
      0.306152
    ],
    [
      0.419922,
      0.306152
    ],
    [
      0.443848,
      0.306152
    ],
    [
      0.467773,
      0.306152
    ],
    [
      0.491699,
      0.306152
    ]
  ],
  "boundary_vertex_ids": [
    0,
    1,
    2,
    3,
    4,
    5,
    6,
    11,
    12,
    17,
    18,
    19,
    20,
    21,
    22,
    23
  ],
  "mesh_strategy": {
    "kind": "dedicated_v1_bbox_grid",
    "cols": 5,
    "rows": 3
  },
  "mesh_path": "meshes/upper_lash_R.json"
}
