{
  "part_id": "upper_lid_L",
  "vertices": [
    [
      1042.0,
      585.0
    ],
    [
      1089.0,
      585.0
    ],
    [
      1136.0,
      585.0
    ],
    [
      1183.0,
      585.0
    ],
    [
      1230.0,
      585.0
    ],
    [
      1277.0,
      585.0
    ],
    [
      1042.0,
      601.333
    ],
    [
      1089.0,
      601.333
    ],
    [
      1136.0,
      601.333
    ],
    [
      1183.0,
      601.333
    ],
    [
      1230.0,
      601.333
    ],
    [
      1277.0,
      601.333
    ],
    [
      1042.0,
      617.667
    ],
    [
      1089.0,
      617.667
    ],
    [
      1136.0,
      617.667
    ],
    [
      1183.0,
      617.667
    ],
    [
      1230.0,
      617.667
    ],
    [
      1277.0,
      617.667
    ],
    [
      1042.0,
      634.0
    ],
    [
      1089.0,
      634.0
    ],
    [
      1136.0,
      634.0
    ],
    [
      1183.0,
      634.0
    ],
    [
      1230.0,
      634.0
    ],
    [
      1277.0,
      634.0
    ]
  ],
  "triangles": [
    [
      0,
      6,
      1
    ],
    [
      1,
      6,
      7
    ],
    [
      1,
      7,
      2
    ],
    [
      2,
      7,
      8
    ],
    [
      2,
      8,
      3
    ],
    [
      3,
      8,
      9
    ],
    [
      3,
      9,
      4
    ],
    [
      4,
      9,
      10
    ],
    [
      4,
      10,
      5
    ],
    [
      5,
      10,
      11
    ],
    [
      6,
      12,
      7
    ],
    [
      7,
      12,
      13
    ],
    [
      7,
      13,
      8
    ],
    [
      8,
      13,
      14
    ],
    [
      8,
      14,
      9
    ],
    [
      9,
      14,
      15
    ],
    [
      9,
      15,
      10
    ],
    [
      10,
      15,
      16
    ],
    [
      10,
      16,
      11
    ],
    [
      11,
      16,
      17
    ],
    [
      12,
      18,
      13
    ],
    [
      13,
      18,
      19
    ],
    [
      13,
      19,
      14
    ],
    [
      14,
      19,
      20
    ],
    [
      14,
      20,
      15
    ],
    [
      15,
      20,
      21
    ],
    [
      15,
      21,
      16
    ],
    [
      16,
      21,
      22
    ],
    [
      16,
      22,
      17
    ],
    [
      17,
      22,
      23
    ]
  ],
  "uvs": [
    [
      0.508789,
      0.285645
    ],
    [
      0.531738,
      0.285645
    ],
    [
      0.554688,
      0.285645
    ],
    [
      0.577637,
      0.285645
    ],
    [
      0.600586,
      0.285645
    ],
    [
      0.623535,
      0.285645
    ],
    [
      0.508789,
      0.29362
    ],
    [
      0.531738,
      0.29362
    ],
    [
      0.554688,
      0.29362
    ],
    [
      0.577637,
      0.29362
    ],
    [
      0.600586,
      0.29362
    ],
    [
      0.623535,
      0.29362
    ],
    [
      0.508789,
      0.301595
    ],
    [
      0.531738,
      0.301595
    ],
    [
      0.554688,
      0.301595
    ],
    [
      0.577637,
      0.301595
    ],
    [
      0.600586,
      0.301595
    ],
    [
      0.623535,
      0.301595
    ],
    [
      0.508789,
      0.30957
    ],
    [
      0.531738,
      0.30957
    ],
    [
      0.554688,
      0.30957
    ],
    [
      0.577637,
      0.30957
    ],
    [
      0.600586,
      0.30957
    ],
    [
      0.623535,
      0.30957
    ]
  ],
  "boundary_vertex_ids": [
    0,
    1,
    2,
    3,
    4,
    5,
    6,
    11,
    12,
    17,
    18,
    19,
    20,
    21,
    22,
    23
  ],
  "mesh_strategy": {
    "kind": "dedicated_v1_bbox_grid",
    "cols": 5,
    "rows": 3
  },
  "mesh_path": "meshes/upper_lid_L.json"
}
