{
  "part_id": "eye_R_arap_075",
  "vertices": [
    [
      762.0,
      497.0
    ],
    [
      812.5,
      497.0
    ],
    [
      863.0,
      497.0
    ],
    [
      913.5,
      497.0
    ],
    [
      964.0,
      497.0
    ],
    [
      762.0,
      581.3
    ],
    [
      812.5,
      581.3
    ],
    [
      863.0,
      581.3
    ],
    [
      913.5,
      581.3
    ],
    [
      964.0,
      581.3
    ],
    [
      762.0,
      665.7
    ],
    [
      812.5,
      665.7
    ],
    [
      863.0,
      665.7
    ],
    [
      913.5,
      665.7
    ],
    [
      964.0,
      665.7
    ],
    [
      762.0,
      750.0
    ],
    [
      812.5,
      750.0
    ],
    [
      863.0,
      750.0
    ],
    [
      913.5,
      750.0
    ],
    [
      964.0,
      750.0
    ]
  ],
  "triangles": [
    [
      0,
      5,
      1
    ],
    [
      1,
      5,
      6
    ],
    [
      1,
      6,
      2
    ],
    [
      2,
      6,
      7
    ],
    [
      2,
      7,
      3
    ],
    [
      3,
      7,
      8
    ],
    [
      3,
      8,
      4
    ],
    [
      4,
      8,
      9
    ],
    [
      5,
      10,
      6
    ],
    [
      6,
      10,
      11
    ],
    [
      6,
      11,
      7
    ],
    [
      7,
      11,
      12
    ],
    [
      7,
      12,
      8
    ],
    [
      8,
      12,
      13
    ],
    [
      8,
      13,
      9
    ],
    [
      9,
      13,
      14
    ],
    [
      10,
      15,
      11
    ],
    [
      11,
      15,
      16
    ],
    [
      11,
      16,
      12
    ],
    [
      12,
      16,
      17
    ],
    [
      12,
      17,
      13
    ],
    [
      13,
      17,
      18
    ],
    [
      13,
      18,
      14
    ],
    [
      14,
      18,
      19
    ]
  ],
  "uvs": [
    [
      0.37207,
      0.242676
    ],
    [
      0.396729,
      0.242676
    ],
    [
      0.421387,
      0.242676
    ],
    [
      0.446045,
      0.242676
    ],
    [
      0.470703,
      0.242676
    ],
    [
      0.37207,
      0.283838
    ],
    [
      0.396729,
      0.283838
    ],
    [
      0.421387,
      0.283838
    ],
    [
      0.446045,
      0.283838
    ],
    [
      0.470703,
      0.283838
    ],
    [
      0.37207,
      0.325049
    ],
    [
      0.396729,
      0.325049
    ],
    [
      0.421387,
      0.325049
    ],
    [
      0.446045,
      0.325049
    ],
    [
      0.470703,
      0.325049
    ],
    [
      0.37207,
      0.366211
    ],
    [
      0.396729,
      0.366211
    ],
    [
      0.421387,
      0.366211
    ],
    [
      0.446045,
      0.366211
    ],
    [
      0.470703,
      0.366211
    ]
  ],
  "mesh_path": "meshes/eye_R_arap_075.json"
}
