{
  "part_id": "eye_L_arap_050",
  "vertices": [
    [
      1083.0,
      496.0
    ],
    [
      1133.8,
      496.0
    ],
    [
      1184.5,
      496.0
    ],
    [
      1235.2,
      496.0
    ],
    [
      1286.0,
      496.0
    ],
    [
      1083.0,
      580.3
    ],
    [
      1133.8,
      580.3
    ],
    [
      1184.5,
      580.3
    ],
    [
      1235.2,
      580.3
    ],
    [
      1286.0,
      580.3
    ],
    [
      1083.0,
      664.7
    ],
    [
      1133.8,
      664.7
    ],
    [
      1184.5,
      664.7
    ],
    [
      1235.2,
      664.7
    ],
    [
      1286.0,
      664.7
    ],
    [
      1083.0,
      749.0
    ],
    [
      1133.8,
      749.0
    ],
    [
      1184.5,
      749.0
    ],
    [
      1235.2,
      749.0
    ],
    [
      1286.0,
      749.0
    ]
  ],
  "triangles": [
    [
      0,
      5,
      1
    ],
    [
      1,
      5,
      6
    ],
    [
      1,
      6,
      2
    ],
    [
      2,
      6,
      7
    ],
    [
      2,
      7,
      3
    ],
    [
      3,
      7,
      8
    ],
    [
      3,
      8,
      4
    ],
    [
      4,
      8,
      9
    ],
    [
      5,
      10,
      6
    ],
    [
      6,
      10,
      11
    ],
    [
      6,
      11,
      7
    ],
    [
      7,
      11,
      12
    ],
    [
      7,
      12,
      8
    ],
    [
      8,
      12,
      13
    ],
    [
      8,
      13,
      9
    ],
    [
      9,
      13,
      14
    ],
    [
      10,
      15,
      11
    ],
    [
      11,
      15,
      16
    ],
    [
      11,
      16,
      12
    ],
    [
      12,
      16,
      17
    ],
    [
      12,
      17,
      13
    ],
    [
      13,
      17,
      18
    ],
    [
      13,
      18,
      14
    ],
    [
      14,
      18,
      19
    ]
  ],
  "uvs": [
    [
      0.528809,
      0.242188
    ],
    [
      0.553613,
      0.242188
    ],
    [
      0.578369,
      0.242188
    ],
    [
      0.603125,
      0.242188
    ],
    [
      0.62793,
      0.242188
    ],
    [
      0.528809,
      0.28335
    ],
    [
      0.553613,
      0.28335
    ],
    [
      0.578369,
      0.28335
    ],
    [
      0.603125,
      0.28335
    ],
    [
      0.62793,
      0.28335
    ],
    [
      0.528809,
      0.324561
    ],
    [
      0.553613,
      0.324561
    ],
    [
      0.578369,
      0.324561
    ],
    [
      0.603125,
      0.324561
    ],
    [
      0.62793,
      0.324561
    ],
    [
      0.528809,
      0.365723
    ],
    [
      0.553613,
      0.365723
    ],
    [
      0.578369,
      0.365723
    ],
    [
      0.603125,
      0.365723
    ],
    [
      0.62793,
      0.365723
    ]
  ],
  "mesh_path": "meshes/eye_L_arap_050.json"
}
