{
  "part_id": "L_arm",
  "vertices": [
    [
      1299.0,
      1144.0
    ],
    [
      1388.2,
      1144.0
    ],
    [
      1477.5,
      1144.0
    ],
    [
      1566.8,
      1144.0
    ],
    [
      1656.0,
      1144.0
    ],
    [
      1299.0,
      1445.3
    ],
    [
      1388.2,
      1445.3
    ],
    [
      1477.5,
      1445.3
    ],
    [
      1566.8,
      1445.3
    ],
    [
      1656.0,
      1445.3
    ],
    [
      1299.0,
      1746.7
    ],
    [
      1388.2,
      1746.7
    ],
    [
      1477.5,
      1746.7
    ],
    [
      1566.8,
      1746.7
    ],
    [
      1656.0,
      1746.7
    ],
    [
      1299.0,
      2048.0
    ],
    [
      1388.2,
      2048.0
    ],
    [
      1477.5,
      2048.0
    ],
    [
      1566.8,
      2048.0
    ],
    [
      1656.0,
      2048.0
    ]
  ],
  "triangles": [
    [
      0,
      5,
      1
    ],
    [
      1,
      5,
      6
    ],
    [
      1,
      6,
      2
    ],
    [
      2,
      6,
      7
    ],
    [
      2,
      7,
      3
    ],
    [
      3,
      7,
      8
    ],
    [
      3,
      8,
      4
    ],
    [
      4,
      8,
      9
    ],
    [
      5,
      10,
      6
    ],
    [
      6,
      10,
      11
    ],
    [
      6,
      11,
      7
    ],
    [
      7,
      11,
      12
    ],
    [
      7,
      12,
      8
    ],
    [
      8,
      12,
      13
    ],
    [
      8,
      13,
      9
    ],
    [
      9,
      13,
      14
    ],
    [
      10,
      15,
      11
    ],
    [
      11,
      15,
      16
    ],
    [
      11,
      16,
      12
    ],
    [
      12,
      16,
      17
    ],
    [
      12,
      17,
      13
    ],
    [
      13,
      17,
      18
    ],
    [
      13,
      18,
      14
    ],
    [
      14,
      18,
      19
    ]
  ],
  "uvs": [
    [
      0.634277,
      0.558594
    ],
    [
      0.677832,
      0.558594
    ],
    [
      0.721436,
      0.558594
    ],
    [
      0.765039,
      0.558594
    ],
    [
      0.808594,
      0.558594
    ],
    [
      0.634277,
      0.705713
    ],
    [
      0.677832,
      0.705713
    ],
    [
      0.721436,
      0.705713
    ],
    [
      0.765039,
      0.705713
    ],
    [
      0.808594,
      0.705713
    ],
    [
      0.634277,
      0.852881
    ],
    [
      0.677832,
      0.852881
    ],
    [
      0.721436,
      0.852881
    ],
    [
      0.765039,
      0.852881
    ],
    [
      0.808594,
      0.852881
    ],
    [
      0.634277,
      1.0
    ],
    [
      0.677832,
      1.0
    ],
    [
      0.721436,
      1.0
    ],
    [
      0.765039,
      1.0
    ],
    [
      0.808594,
      1.0
    ]
  ],
  "mesh_path": "meshes/L_arm.json"
}
