{
  "part_id": "L_brow",
  "vertices": [
    [
      1099.0,
      541.0
    ],
    [
      1143.2,
      541.0
    ],
    [
      1187.5,
      541.0
    ],
    [
      1231.8,
      541.0
    ],
    [
      1276.0,
      541.0
    ],
    [
      1099.0,
      551.7
    ],
    [
      1143.2,
      551.7
    ],
    [
      1187.5,
      551.7
    ],
    [
      1231.8,
      551.7
    ],
    [
      1276.0,
      551.7
    ],
    [
      1099.0,
      562.3
    ],
    [
      1143.2,
      562.3
    ],
    [
      1187.5,
      562.3
    ],
    [
      1231.8,
      562.3
    ],
    [
      1276.0,
      562.3
    ],
    [
      1099.0,
      573.0
    ],
    [
      1143.2,
      573.0
    ],
    [
      1187.5,
      573.0
    ],
    [
      1231.8,
      573.0
    ],
    [
      1276.0,
      573.0
    ]
  ],
  "triangles": [
    [
      0,
      5,
      1
    ],
    [
      1,
      5,
      6
    ],
    [
      1,
      6,
      2
    ],
    [
      2,
      6,
      7
    ],
    [
      2,
      7,
      3
    ],
    [
      3,
      7,
      8
    ],
    [
      3,
      8,
      4
    ],
    [
      4,
      8,
      9
    ],
    [
      5,
      10,
      6
    ],
    [
      6,
      10,
      11
    ],
    [
      6,
      11,
      7
    ],
    [
      7,
      11,
      12
    ],
    [
      7,
      12,
      8
    ],
    [
      8,
      12,
      13
    ],
    [
      8,
      13,
      9
    ],
    [
      9,
      13,
      14
    ],
    [
      10,
      15,
      11
    ],
    [
      11,
      15,
      16
    ],
    [
      11,
      16,
      12
    ],
    [
      12,
      16,
      17
    ],
    [
      12,
      17,
      13
    ],
    [
      13,
      17,
      18
    ],
    [
      13,
      18,
      14
    ],
    [
      14,
      18,
      19
    ]
  ],
  "uvs": [
    [
      0.536621,
      0.26416
    ],
    [
      0.558203,
      0.26416
    ],
    [
      0.579834,
      0.26416
    ],
    [
      0.601465,
      0.26416
    ],
    [
      0.623047,
      0.26416
    ],
    [
      0.536621,
      0.269385
    ],
    [
      0.558203,
      0.269385
    ],
    [
      0.579834,
      0.269385
    ],
    [
      0.601465,
      0.269385
    ],
    [
      0.623047,
      0.269385
    ],
    [
      0.536621,
      0.274561
    ],
    [
      0.558203,
      0.274561
    ],
    [
      0.579834,
      0.274561
    ],
    [
      0.601465,
      0.274561
    ],
    [
      0.623047,
      0.274561
    ],
    [
      0.536621,
      0.279785
    ],
    [
      0.558203,
      0.279785
    ],
    [
      0.579834,
      0.279785
    ],
    [
      0.601465,
      0.279785
    ],
    [
      0.623047,
      0.279785
    ]
  ],
  "mesh_path": "meshes/L_brow.json"
}
