{
  "part_id": "L_ear_outer",
  "vertices": [
    [
      1230.0,
      612.0
    ],
    [
      1262.5,
      612.0
    ],
    [
      1295.0,
      612.0
    ],
    [
      1327.5,
      612.0
    ],
    [
      1360.0,
      612.0
    ],
    [
      1230.0,
      675.7
    ],
    [
      1262.5,
      675.7
    ],
    [
      1295.0,
      675.7
    ],
    [
      1327.5,
      675.7
    ],
    [
      1360.0,
      675.7
    ],
    [
      1230.0,
      739.3
    ],
    [
      1262.5,
      739.3
    ],
    [
      1295.0,
      739.3
    ],
    [
      1327.5,
      739.3
    ],
    [
      1360.0,
      739.3
    ],
    [
      1230.0,
      803.0
    ],
    [
      1262.5,
      803.0
    ],
    [
      1295.0,
      803.0
    ],
    [
      1327.5,
      803.0
    ],
    [
      1360.0,
      803.0
    ]
  ],
  "triangles": [
    [
      0,
      5,
      1
    ],
    [
      1,
      5,
      6
    ],
    [
      1,
      6,
      2
    ],
    [
      2,
      6,
      7
    ],
    [
      2,
      7,
      3
    ],
    [
      3,
      7,
      8
    ],
    [
      3,
      8,
      4
    ],
    [
      4,
      8,
      9
    ],
    [
      5,
      10,
      6
    ],
    [
      6,
      10,
      11
    ],
    [
      6,
      11,
      7
    ],
    [
      7,
      11,
      12
    ],
    [
      7,
      12,
      8
    ],
    [
      8,
      12,
      13
    ],
    [
      8,
      13,
      9
    ],
    [
      9,
      13,
      14
    ],
    [
      10,
      15,
      11
    ],
    [
      11,
      15,
      16
    ],
    [
      11,
      16,
      12
    ],
    [
      12,
      16,
      17
    ],
    [
      12,
      17,
      13
    ],
    [
      13,
      17,
      18
    ],
    [
      13,
      18,
      14
    ],
    [
      14,
      18,
      19
    ]
  ],
  "uvs": [
    [
      0.600586,
      0.298828
    ],
    [
      0.616455,
      0.298828
    ],
    [
      0.632324,
      0.298828
    ],
    [
      0.648193,
      0.298828
    ],
    [
      0.664062,
      0.298828
    ],
    [
      0.600586,
      0.329932
    ],
    [
      0.616455,
      0.329932
    ],
    [
      0.632324,
      0.329932
    ],
    [
      0.648193,
      0.329932
    ],
    [
      0.664062,
      0.329932
    ],
    [
      0.600586,
      0.360986
    ],
    [
      0.616455,
      0.360986
    ],
    [
      0.632324,
      0.360986
    ],
    [
      0.648193,
      0.360986
    ],
    [
      0.664062,
      0.360986
    ],
    [
      0.600586,
      0.39209
    ],
    [
      0.616455,
      0.39209
    ],
    [
      0.632324,
      0.39209
    ],
    [
      0.648193,
      0.39209
    ],
    [
      0.664062,
      0.39209
    ]
  ],
  "mesh_path": "meshes/L_ear_outer.json"
}
