{
  "part_id": "L_eye_white",
  "vertices": [
    [
      1109.0,
      617.0
    ],
    [
      1146.8,
      617.0
    ],
    [
      1184.5,
      617.0
    ],
    [
      1222.2,
      617.0
    ],
    [
      1260.0,
      617.0
    ],
    [
      1109.0,
      652.3
    ],
    [
      1146.8,
      652.3
    ],
    [
      1184.5,
      652.3
    ],
    [
      1222.2,
      652.3
    ],
    [
      1260.0,
      652.3
    ],
    [
      1109.0,
      687.7
    ],
    [
      1146.8,
      687.7
    ],
    [
      1184.5,
      687.7
    ],
    [
      1222.2,
      687.7
    ],
    [
      1260.0,
      687.7
    ],
    [
      1109.0,
      723.0
    ],
    [
      1146.8,
      723.0
    ],
    [
      1184.5,
      723.0
    ],
    [
      1222.2,
      723.0
    ],
    [
      1260.0,
      723.0
    ]
  ],
  "triangles": [
    [
      0,
      5,
      1
    ],
    [
      1,
      5,
      6
    ],
    [
      1,
      6,
      2
    ],
    [
      2,
      6,
      7
    ],
    [
      2,
      7,
      3
    ],
    [
      3,
      7,
      8
    ],
    [
      3,
      8,
      4
    ],
    [
      4,
      8,
      9
    ],
    [
      5,
      10,
      6
    ],
    [
      6,
      10,
      11
    ],
    [
      6,
      11,
      7
    ],
    [
      7,
      11,
      12
    ],
    [
      7,
      12,
      8
    ],
    [
      8,
      12,
      13
    ],
    [
      8,
      13,
      9
    ],
    [
      9,
      13,
      14
    ],
    [
      10,
      15,
      11
    ],
    [
      11,
      15,
      16
    ],
    [
      11,
      16,
      12
    ],
    [
      12,
      16,
      17
    ],
    [
      12,
      17,
      13
    ],
    [
      13,
      17,
      18
    ],
    [
      13,
      18,
      14
    ],
    [
      14,
      18,
      19
    ]
  ],
  "uvs": [
    [
      0.541504,
      0.30127
    ],
    [
      0.559961,
      0.30127
    ],
    [
      0.578369,
      0.30127
    ],
    [
      0.596777,
      0.30127
    ],
    [
      0.615234,
      0.30127
    ],
    [
      0.541504,
      0.318506
    ],
    [
      0.559961,
      0.318506
    ],
    [
      0.578369,
      0.318506
    ],
    [
      0.596777,
      0.318506
    ],
    [
      0.615234,
      0.318506
    ],
    [
      0.541504,
      0.335791
    ],
    [
      0.559961,
      0.335791
    ],
    [
      0.578369,
      0.335791
    ],
    [
      0.596777,
      0.335791
    ],
    [
      0.615234,
      0.335791
    ],
    [
      0.541504,
      0.353027
    ],
    [
      0.559961,
      0.353027
    ],
    [
      0.578369,
      0.353027
    ],
    [
      0.596777,
      0.353027
    ],
    [
      0.615234,
      0.353027
    ]
  ],
  "mesh_path": "meshes/L_eye_white.json"
}
