{
  "part_id": "L_iris",
  "vertices": [
    [
      1127.0,
      629.0
    ],
    [
      1148.2,
      629.0
    ],
    [
      1169.5,
      629.0
    ],
    [
      1190.8,
      629.0
    ],
    [
      1212.0,
      629.0
    ],
    [
      1127.0,
      658.3
    ],
    [
      1148.2,
      658.3
    ],
    [
      1169.5,
      658.3
    ],
    [
      1190.8,
      658.3
    ],
    [
      1212.0,
      658.3
    ],
    [
      1127.0,
      687.7
    ],
    [
      1148.2,
      687.7
    ],
    [
      1169.5,
      687.7
    ],
    [
      1190.8,
      687.7
    ],
    [
      1212.0,
      687.7
    ],
    [
      1127.0,
      717.0
    ],
    [
      1148.2,
      717.0
    ],
    [
      1169.5,
      717.0
    ],
    [
      1190.8,
      717.0
    ],
    [
      1212.0,
      717.0
    ]
  ],
  "triangles": [
    [
      0,
      5,
      1
    ],
    [
      1,
      5,
      6
    ],
    [
      1,
      6,
      2
    ],
    [
      2,
      6,
      7
    ],
    [
      2,
      7,
      3
    ],
    [
      3,
      7,
      8
    ],
    [
      3,
      8,
      4
    ],
    [
      4,
      8,
      9
    ],
    [
      5,
      10,
      6
    ],
    [
      6,
      10,
      11
    ],
    [
      6,
      11,
      7
    ],
    [
      7,
      11,
      12
    ],
    [
      7,
      12,
      8
    ],
    [
      8,
      12,
      13
    ],
    [
      8,
      13,
      9
    ],
    [
      9,
      13,
      14
    ],
    [
      10,
      15,
      11
    ],
    [
      11,
      15,
      16
    ],
    [
      11,
      16,
      12
    ],
    [
      12,
      16,
      17
    ],
    [
      12,
      17,
      13
    ],
    [
      13,
      17,
      18
    ],
    [
      13,
      18,
      14
    ],
    [
      14,
      18,
      19
    ]
  ],
  "uvs": [
    [
      0.550293,
      0.307129
    ],
    [
      0.560645,
      0.307129
    ],
    [
      0.571045,
      0.307129
    ],
    [
      0.581445,
      0.307129
    ],
    [
      0.591797,
      0.307129
    ],
    [
      0.550293,
      0.321436
    ],
    [
      0.560645,
      0.321436
    ],
    [
      0.571045,
      0.321436
    ],
    [
      0.581445,
      0.321436
    ],
    [
      0.591797,
      0.321436
    ],
    [
      0.550293,
      0.335791
    ],
    [
      0.560645,
      0.335791
    ],
    [
      0.571045,
      0.335791
    ],
    [
      0.581445,
      0.335791
    ],
    [
      0.591797,
      0.335791
    ],
    [
      0.550293,
      0.350098
    ],
    [
      0.560645,
      0.350098
    ],
    [
      0.571045,
      0.350098
    ],
    [
      0.581445,
      0.350098
    ],
    [
      0.591797,
      0.350098
    ]
  ],
  "mesh_path": "meshes/L_iris.json"
}
