{
  "part_id": "L_upper_lash",
  "vertices": [
    [
      1098.0,
      591.0
    ],
    [
      1145.5,
      591.0
    ],
    [
      1193.0,
      591.0
    ],
    [
      1240.5,
      591.0
    ],
    [
      1288.0,
      591.0
    ],
    [
      1098.0,
      634.0
    ],
    [
      1145.5,
      634.0
    ],
    [
      1193.0,
      634.0
    ],
    [
      1240.5,
      634.0
    ],
    [
      1288.0,
      634.0
    ],
    [
      1098.0,
      677.0
    ],
    [
      1145.5,
      677.0
    ],
    [
      1193.0,
      677.0
    ],
    [
      1240.5,
      677.0
    ],
    [
      1288.0,
      677.0
    ],
    [
      1098.0,
      720.0
    ],
    [
      1145.5,
      720.0
    ],
    [
      1193.0,
      720.0
    ],
    [
      1240.5,
      720.0
    ],
    [
      1288.0,
      720.0
    ]
  ],
  "triangles": [
    [
      0,
      5,
      1
    ],
    [
      1,
      5,
      6
    ],
    [
      1,
      6,
      2
    ],
    [
      2,
      6,
      7
    ],
    [
      2,
      7,
      3
    ],
    [
      3,
      7,
      8
    ],
    [
      3,
      8,
      4
    ],
    [
      4,
      8,
      9
    ],
    [
      5,
      10,
      6
    ],
    [
      6,
      10,
      11
    ],
    [
      6,
      11,
      7
    ],
    [
      7,
      11,
      12
    ],
    [
      7,
      12,
      8
    ],
    [
      8,
      12,
      13
    ],
    [
      8,
      13,
      9
    ],
    [
      9,
      13,
      14
    ],
    [
      10,
      15,
      11
    ],
    [
      11,
      15,
      16
    ],
    [
      11,
      16,
      12
    ],
    [
      12,
      16,
      17
    ],
    [
      12,
      17,
      13
    ],
    [
      13,
      17,
      18
    ],
    [
      13,
      18,
      14
    ],
    [
      14,
      18,
      19
    ]
  ],
  "uvs": [
    [
      0.536133,
      0.288574
    ],
    [
      0.559326,
      0.288574
    ],
    [
      0.58252,
      0.288574
    ],
    [
      0.605713,
      0.288574
    ],
    [
      0.628906,
      0.288574
    ],
    [
      0.536133,
      0.30957
    ],
    [
      0.559326,
      0.30957
    ],
    [
      0.58252,
      0.30957
    ],
    [
      0.605713,
      0.30957
    ],
    [
      0.628906,
      0.30957
    ],
    [
      0.536133,
      0.330566
    ],
    [
      0.559326,
      0.330566
    ],
    [
      0.58252,
      0.330566
    ],
    [
      0.605713,
      0.330566
    ],
    [
      0.628906,
      0.330566
    ],
    [
      0.536133,
      0.351562
    ],
    [
      0.559326,
      0.351562
    ],
    [
      0.58252,
      0.351562
    ],
    [
      0.605713,
      0.351562
    ],
    [
      0.628906,
      0.351562
    ]
  ],
  "mesh_path": "meshes/L_upper_lash.json"
}
