{
  "part_id": "mouth_state_small",
  "vertices": [
    [
      896.0,
      850.0
    ],
    [
      958.8,
      850.0
    ],
    [
      1021.5,
      850.0
    ],
    [
      1084.2,
      850.0
    ],
    [
      1147.0,
      850.0
    ],
    [
      896.0,
      898.0
    ],
    [
      958.8,
      898.0
    ],
    [
      1021.5,
      898.0
    ],
    [
      1084.2,
      898.0
    ],
    [
      1147.0,
      898.0
    ],
    [
      896.0,
      946.0
    ],
    [
      958.8,
      946.0
    ],
    [
      1021.5,
      946.0
    ],
    [
      1084.2,
      946.0
    ],
    [
      1147.0,
      946.0
    ],
    [
      896.0,
      994.0
    ],
    [
      958.8,
      994.0
    ],
    [
      1021.5,
      994.0
    ],
    [
      1084.2,
      994.0
    ],
    [
      1147.0,
      994.0
    ]
  ],
  "triangles": [
    [
      0,
      5,
      1
    ],
    [
      1,
      5,
      6
    ],
    [
      1,
      6,
      2
    ],
    [
      2,
      6,
      7
    ],
    [
      2,
      7,
      3
    ],
    [
      3,
      7,
      8
    ],
    [
      3,
      8,
      4
    ],
    [
      4,
      8,
      9
    ],
    [
      5,
      10,
      6
    ],
    [
      6,
      10,
      11
    ],
    [
      6,
      11,
      7
    ],
    [
      7,
      11,
      12
    ],
    [
      7,
      12,
      8
    ],
    [
      8,
      12,
      13
    ],
    [
      8,
      13,
      9
    ],
    [
      9,
      13,
      14
    ],
    [
      10,
      15,
      11
    ],
    [
      11,
      15,
      16
    ],
    [
      11,
      16,
      12
    ],
    [
      12,
      16,
      17
    ],
    [
      12,
      17,
      13
    ],
    [
      13,
      17,
      18
    ],
    [
      13,
      18,
      14
    ],
    [
      14,
      18,
      19
    ]
  ],
  "uvs": [
    [
      0.4375,
      0.415039
    ],
    [
      0.468164,
      0.415039
    ],
    [
      0.498779,
      0.415039
    ],
    [
      0.529395,
      0.415039
    ],
    [
      0.560059,
      0.415039
    ],
    [
      0.4375,
      0.438477
    ],
    [
      0.468164,
      0.438477
    ],
    [
      0.498779,
      0.438477
    ],
    [
      0.529395,
      0.438477
    ],
    [
      0.560059,
      0.438477
    ],
    [
      0.4375,
      0.461914
    ],
    [
      0.468164,
      0.461914
    ],
    [
      0.498779,
      0.461914
    ],
    [
      0.529395,
      0.461914
    ],
    [
      0.560059,
      0.461914
    ],
    [
      0.4375,
      0.485352
    ],
    [
      0.468164,
      0.485352
    ],
    [
      0.498779,
      0.485352
    ],
    [
      0.529395,
      0.485352
    ],
    [
      0.560059,
      0.485352
    ]
  ],
  "mesh_path": "meshes/mouth_state_small.json"
}
