{
  "part_id": "mouth_line",
  "vertices": [
    [
      938.0,
      823.0
    ],
    [
      980.0,
      823.0
    ],
    [
      1022.0,
      823.0
    ],
    [
      1064.0,
      823.0
    ],
    [
      1106.0,
      823.0
    ],
    [
      938.0,
      856.3
    ],
    [
      980.0,
      856.3
    ],
    [
      1022.0,
      856.3
    ],
    [
      1064.0,
      856.3
    ],
    [
      1106.0,
      856.3
    ],
    [
      938.0,
      889.7
    ],
    [
      980.0,
      889.7
    ],
    [
      1022.0,
      889.7
    ],
    [
      1064.0,
      889.7
    ],
    [
      1106.0,
      889.7
    ],
    [
      938.0,
      923.0
    ],
    [
      980.0,
      923.0
    ],
    [
      1022.0,
      923.0
    ],
    [
      1064.0,
      923.0
    ],
    [
      1106.0,
      923.0
    ]
  ],
  "triangles": [
    [
      0,
      5,
      1
    ],
    [
      1,
      5,
      6
    ],
    [
      1,
      6,
      2
    ],
    [
      2,
      6,
      7
    ],
    [
      2,
      7,
      3
    ],
    [
      3,
      7,
      8
    ],
    [
      3,
      8,
      4
    ],
    [
      4,
      8,
      9
    ],
    [
      5,
      10,
      6
    ],
    [
      6,
      10,
      11
    ],
    [
      6,
      11,
      7
    ],
    [
      7,
      11,
      12
    ],
    [
      7,
      12,
      8
    ],
    [
      8,
      12,
      13
    ],
    [
      8,
      13,
      9
    ],
    [
      9,
      13,
      14
    ],
    [
      10,
      15,
      11
    ],
    [
      11,
      15,
      16
    ],
    [
      11,
      16,
      12
    ],
    [
      12,
      16,
      17
    ],
    [
      12,
      17,
      13
    ],
    [
      13,
      17,
      18
    ],
    [
      13,
      18,
      14
    ],
    [
      14,
      18,
      19
    ]
  ],
  "uvs": [
    [
      0.458008,
      0.401855
    ],
    [
      0.478516,
      0.401855
    ],
    [
      0.499023,
      0.401855
    ],
    [
      0.519531,
      0.401855
    ],
    [
      0.540039,
      0.401855
    ],
    [
      0.458008,
      0.418115
    ],
    [
      0.478516,
      0.418115
    ],
    [
      0.499023,
      0.418115
    ],
    [
      0.519531,
      0.418115
    ],
    [
      0.540039,
      0.418115
    ],
    [
      0.458008,
      0.434424
    ],
    [
      0.478516,
      0.434424
    ],
    [
      0.499023,
      0.434424
    ],
    [
      0.519531,
      0.434424
    ],
    [
      0.540039,
      0.434424
    ],
    [
      0.458008,
      0.450684
    ],
    [
      0.478516,
      0.450684
    ],
    [
      0.499023,
      0.450684
    ],
    [
      0.519531,
      0.450684
    ],
    [
      0.540039,
      0.450684
    ]
  ],
  "mesh_path": "meshes/mouth_line.json"
}
