{
  "part_id": "neck_under",
  "vertices": [
    [
      880.0,
      870.0
    ],
    [
      950.8,
      870.0
    ],
    [
      1021.5,
      870.0
    ],
    [
      1092.2,
      870.0
    ],
    [
      1163.0,
      870.0
    ],
    [
      880.0,
      943.0
    ],
    [
      950.8,
      943.0
    ],
    [
      1021.5,
      943.0
    ],
    [
      1092.2,
      943.0
    ],
    [
      1163.0,
      943.0
    ],
    [
      880.0,
      1016.0
    ],
    [
      950.8,
      1016.0
    ],
    [
      1021.5,
      1016.0
    ],
    [
      1092.2,
      1016.0
    ],
    [
      1163.0,
      1016.0
    ],
    [
      880.0,
      1089.0
    ],
    [
      950.8,
      1089.0
    ],
    [
      1021.5,
      1089.0
    ],
    [
      1092.2,
      1089.0
    ],
    [
      1163.0,
      1089.0
    ]
  ],
  "triangles": [
    [
      0,
      5,
      1
    ],
    [
      1,
      5,
      6
    ],
    [
      1,
      6,
      2
    ],
    [
      2,
      6,
      7
    ],
    [
      2,
      7,
      3
    ],
    [
      3,
      7,
      8
    ],
    [
      3,
      8,
      4
    ],
    [
      4,
      8,
      9
    ],
    [
      5,
      10,
      6
    ],
    [
      6,
      10,
      11
    ],
    [
      6,
      11,
      7
    ],
    [
      7,
      11,
      12
    ],
    [
      7,
      12,
      8
    ],
    [
      8,
      12,
      13
    ],
    [
      8,
      13,
      9
    ],
    [
      9,
      13,
      14
    ],
    [
      10,
      15,
      11
    ],
    [
      11,
      15,
      16
    ],
    [
      11,
      16,
      12
    ],
    [
      12,
      16,
      17
    ],
    [
      12,
      17,
      13
    ],
    [
      13,
      17,
      18
    ],
    [
      13,
      18,
      14
    ],
    [
      14,
      18,
      19
    ]
  ],
  "uvs": [
    [
      0.429688,
      0.424805
    ],
    [
      0.464258,
      0.424805
    ],
    [
      0.498779,
      0.424805
    ],
    [
      0.533301,
      0.424805
    ],
    [
      0.567871,
      0.424805
    ],
    [
      0.429688,
      0.460449
    ],
    [
      0.464258,
      0.460449
    ],
    [
      0.498779,
      0.460449
    ],
    [
      0.533301,
      0.460449
    ],
    [
      0.567871,
      0.460449
    ],
    [
      0.429688,
      0.496094
    ],
    [
      0.464258,
      0.496094
    ],
    [
      0.498779,
      0.496094
    ],
    [
      0.533301,
      0.496094
    ],
    [
      0.567871,
      0.496094
    ],
    [
      0.429688,
      0.531738
    ],
    [
      0.464258,
      0.531738
    ],
    [
      0.498779,
      0.531738
    ],
    [
      0.533301,
      0.531738
    ],
    [
      0.567871,
      0.531738
    ]
  ],
  "mesh_path": "meshes/neck_under.json"
}
