{
  "part_id": "nose_reference",
  "vertices": [
    [
      1002.0,
      758.0
    ],
    [
      1009.0,
      758.0
    ],
    [
      1016.0,
      758.0
    ],
    [
      1023.0,
      758.0
    ],
    [
      1030.0,
      758.0
    ],
    [
      1002.0,
      772.0
    ],
    [
      1009.0,
      772.0
    ],
    [
      1016.0,
      772.0
    ],
    [
      1023.0,
      772.0
    ],
    [
      1030.0,
      772.0
    ],
    [
      1002.0,
      786.0
    ],
    [
      1009.0,
      786.0
    ],
    [
      1016.0,
      786.0
    ],
    [
      1023.0,
      786.0
    ],
    [
      1030.0,
      786.0
    ],
    [
      1002.0,
      800.0
    ],
    [
      1009.0,
      800.0
    ],
    [
      1016.0,
      800.0
    ],
    [
      1023.0,
      800.0
    ],
    [
      1030.0,
      800.0
    ]
  ],
  "triangles": [
    [
      0,
      5,
      1
    ],
    [
      1,
      5,
      6
    ],
    [
      1,
      6,
      2
    ],
    [
      2,
      6,
      7
    ],
    [
      2,
      7,
      3
    ],
    [
      3,
      7,
      8
    ],
    [
      3,
      8,
      4
    ],
    [
      4,
      8,
      9
    ],
    [
      5,
      10,
      6
    ],
    [
      6,
      10,
      11
    ],
    [
      6,
      11,
      7
    ],
    [
      7,
      11,
      12
    ],
    [
      7,
      12,
      8
    ],
    [
      8,
      12,
      13
    ],
    [
      8,
      13,
      9
    ],
    [
      9,
      13,
      14
    ],
    [
      10,
      15,
      11
    ],
    [
      11,
      15,
      16
    ],
    [
      11,
      16,
      12
    ],
    [
      12,
      16,
      17
    ],
    [
      12,
      17,
      13
    ],
    [
      13,
      17,
      18
    ],
    [
      13,
      18,
      14
    ],
    [
      14,
      18,
      19
    ]
  ],
  "uvs": [
    [
      0.489258,
      0.370117
    ],
    [
      0.492676,
      0.370117
    ],
    [
      0.496094,
      0.370117
    ],
    [
      0.499512,
      0.370117
    ],
    [
      0.50293,
      0.370117
    ],
    [
      0.489258,
      0.376953
    ],
    [
      0.492676,
      0.376953
    ],
    [
      0.496094,
      0.376953
    ],
    [
      0.499512,
      0.376953
    ],
    [
      0.50293,
      0.376953
    ],
    [
      0.489258,
      0.383789
    ],
    [
      0.492676,
      0.383789
    ],
    [
      0.496094,
      0.383789
    ],
    [
      0.499512,
      0.383789
    ],
    [
      0.50293,
      0.383789
    ],
    [
      0.489258,
      0.390625
    ],
    [
      0.492676,
      0.390625
    ],
    [
      0.496094,
      0.390625
    ],
    [
      0.499512,
      0.390625
    ],
    [
      0.50293,
      0.390625
    ]
  ],
  "mesh_path": "meshes/nose_reference.json"
}
