{
  "part_id": "R_arm",
  "vertices": [
    [
      387.0,
      1142.0
    ],
    [
      475.5,
      1142.0
    ],
    [
      564.0,
      1142.0
    ],
    [
      652.5,
      1142.0
    ],
    [
      741.0,
      1142.0
    ],
    [
      387.0,
      1444.0
    ],
    [
      475.5,
      1444.0
    ],
    [
      564.0,
      1444.0
    ],
    [
      652.5,
      1444.0
    ],
    [
      741.0,
      1444.0
    ],
    [
      387.0,
      1746.0
    ],
    [
      475.5,
      1746.0
    ],
    [
      564.0,
      1746.0
    ],
    [
      652.5,
      1746.0
    ],
    [
      741.0,
      1746.0
    ],
    [
      387.0,
      2048.0
    ],
    [
      475.5,
      2048.0
    ],
    [
      564.0,
      2048.0
    ],
    [
      652.5,
      2048.0
    ],
    [
      741.0,
      2048.0
    ]
  ],
  "triangles": [
    [
      1,
      5,
      6
    ],
    [
      1,
      6,
      2
    ],
    [
      2,
      6,
      7
    ],
    [
      2,
      7,
      3
    ],
    [
      3,
      7,
      8
    ],
    [
      3,
      8,
      4
    ],
    [
      4,
      8,
      9
    ],
    [
      5,
      10,
      6
    ],
    [
      6,
      10,
      11
    ],
    [
      6,
      11,
      7
    ],
    [
      7,
      11,
      12
    ],
    [
      7,
      12,
      8
    ],
    [
      8,
      12,
      13
    ],
    [
      8,
      13,
      9
    ],
    [
      9,
      13,
      14
    ],
    [
      10,
      15,
      11
    ],
    [
      11,
      15,
      16
    ],
    [
      11,
      16,
      12
    ],
    [
      12,
      16,
      17
    ],
    [
      12,
      17,
      13
    ],
    [
      13,
      17,
      18
    ],
    [
      13,
      18,
      14
    ],
    [
      14,
      18,
      19
    ]
  ],
  "uvs": [
    [
      0.188965,
      0.557617
    ],
    [
      0.232178,
      0.557617
    ],
    [
      0.275391,
      0.557617
    ],
    [
      0.318604,
      0.557617
    ],
    [
      0.361816,
      0.557617
    ],
    [
      0.188965,
      0.705078
    ],
    [
      0.232178,
      0.705078
    ],
    [
      0.275391,
      0.705078
    ],
    [
      0.318604,
      0.705078
    ],
    [
      0.361816,
      0.705078
    ],
    [
      0.188965,
      0.852539
    ],
    [
      0.232178,
      0.852539
    ],
    [
      0.275391,
      0.852539
    ],
    [
      0.318604,
      0.852539
    ],
    [
      0.361816,
      0.852539
    ],
    [
      0.188965,
      1.0
    ],
    [
      0.232178,
      1.0
    ],
    [
      0.275391,
      1.0
    ],
    [
      0.318604,
      1.0
    ],
    [
      0.361816,
      1.0
    ]
  ],
  "mesh_path": "meshes/R_arm.json"
}
