{
  "part_id": "R_brow",
  "vertices": [
    [
      768.0,
      544.0
    ],
    [
      813.2,
      544.0
    ],
    [
      858.5,
      544.0
    ],
    [
      903.8,
      544.0
    ],
    [
      949.0,
      544.0
    ],
    [
      768.0,
      554.7
    ],
    [
      813.2,
      554.7
    ],
    [
      858.5,
      554.7
    ],
    [
      903.8,
      554.7
    ],
    [
      949.0,
      554.7
    ],
    [
      768.0,
      565.3
    ],
    [
      813.2,
      565.3
    ],
    [
      858.5,
      565.3
    ],
    [
      903.8,
      565.3
    ],
    [
      949.0,
      565.3
    ],
    [
      768.0,
      576.0
    ],
    [
      813.2,
      576.0
    ],
    [
      858.5,
      576.0
    ],
    [
      903.8,
      576.0
    ],
    [
      949.0,
      576.0
    ]
  ],
  "triangles": [
    [
      0,
      5,
      1
    ],
    [
      1,
      5,
      6
    ],
    [
      1,
      6,
      2
    ],
    [
      2,
      6,
      7
    ],
    [
      2,
      7,
      3
    ],
    [
      3,
      7,
      8
    ],
    [
      3,
      8,
      4
    ],
    [
      4,
      8,
      9
    ],
    [
      5,
      10,
      6
    ],
    [
      6,
      10,
      11
    ],
    [
      6,
      11,
      7
    ],
    [
      7,
      11,
      12
    ],
    [
      7,
      12,
      8
    ],
    [
      8,
      12,
      13
    ],
    [
      8,
      13,
      9
    ],
    [
      9,
      13,
      14
    ],
    [
      10,
      15,
      11
    ],
    [
      11,
      15,
      16
    ],
    [
      11,
      16,
      12
    ],
    [
      12,
      16,
      17
    ],
    [
      12,
      17,
      13
    ],
    [
      13,
      17,
      18
    ],
    [
      13,
      18,
      14
    ],
    [
      14,
      18,
      19
    ]
  ],
  "uvs": [
    [
      0.375,
      0.265625
    ],
    [
      0.39707,
      0.265625
    ],
    [
      0.419189,
      0.265625
    ],
    [
      0.441309,
      0.265625
    ],
    [
      0.463379,
      0.265625
    ],
    [
      0.375,
      0.27085
    ],
    [
      0.39707,
      0.27085
    ],
    [
      0.419189,
      0.27085
    ],
    [
      0.441309,
      0.27085
    ],
    [
      0.463379,
      0.27085
    ],
    [
      0.375,
      0.276025
    ],
    [
      0.39707,
      0.276025
    ],
    [
      0.419189,
      0.276025
    ],
    [
      0.441309,
      0.276025
    ],
    [
      0.463379,
      0.276025
    ],
    [
      0.375,
      0.28125
    ],
    [
      0.39707,
      0.28125
    ],
    [
      0.419189,
      0.28125
    ],
    [
      0.441309,
      0.28125
    ],
    [
      0.463379,
      0.28125
    ]
  ],
  "mesh_path": "meshes/R_brow.json"
}
