{
  "part_id": "R_ear_outer",
  "vertices": [
    [
      684.0,
      612.0
    ],
    [
      714.5,
      612.0
    ],
    [
      745.0,
      612.0
    ],
    [
      775.5,
      612.0
    ],
    [
      806.0,
      612.0
    ],
    [
      684.0,
      675.0
    ],
    [
      714.5,
      675.0
    ],
    [
      745.0,
      675.0
    ],
    [
      775.5,
      675.0
    ],
    [
      806.0,
      675.0
    ],
    [
      684.0,
      738.0
    ],
    [
      714.5,
      738.0
    ],
    [
      745.0,
      738.0
    ],
    [
      775.5,
      738.0
    ],
    [
      806.0,
      738.0
    ],
    [
      684.0,
      801.0
    ],
    [
      714.5,
      801.0
    ],
    [
      745.0,
      801.0
    ],
    [
      775.5,
      801.0
    ],
    [
      806.0,
      801.0
    ]
  ],
  "triangles": [
    [
      0,
      5,
      1
    ],
    [
      1,
      5,
      6
    ],
    [
      1,
      6,
      2
    ],
    [
      2,
      6,
      7
    ],
    [
      2,
      7,
      3
    ],
    [
      3,
      7,
      8
    ],
    [
      3,
      8,
      4
    ],
    [
      4,
      8,
      9
    ],
    [
      5,
      10,
      6
    ],
    [
      6,
      10,
      11
    ],
    [
      6,
      11,
      7
    ],
    [
      7,
      11,
      12
    ],
    [
      7,
      12,
      8
    ],
    [
      8,
      12,
      13
    ],
    [
      8,
      13,
      9
    ],
    [
      9,
      13,
      14
    ],
    [
      10,
      15,
      11
    ],
    [
      11,
      15,
      16
    ],
    [
      11,
      16,
      12
    ],
    [
      12,
      16,
      17
    ],
    [
      12,
      17,
      13
    ],
    [
      13,
      17,
      18
    ],
    [
      13,
      18,
      14
    ],
    [
      14,
      18,
      19
    ]
  ],
  "uvs": [
    [
      0.333984,
      0.298828
    ],
    [
      0.348877,
      0.298828
    ],
    [
      0.36377,
      0.298828
    ],
    [
      0.378662,
      0.298828
    ],
    [
      0.393555,
      0.298828
    ],
    [
      0.333984,
      0.32959
    ],
    [
      0.348877,
      0.32959
    ],
    [
      0.36377,
      0.32959
    ],
    [
      0.378662,
      0.32959
    ],
    [
      0.393555,
      0.32959
    ],
    [
      0.333984,
      0.360352
    ],
    [
      0.348877,
      0.360352
    ],
    [
      0.36377,
      0.360352
    ],
    [
      0.378662,
      0.360352
    ],
    [
      0.393555,
      0.360352
    ],
    [
      0.333984,
      0.391113
    ],
    [
      0.348877,
      0.391113
    ],
    [
      0.36377,
      0.391113
    ],
    [
      0.378662,
      0.391113
    ],
    [
      0.393555,
      0.391113
    ]
  ],
  "mesh_path": "meshes/R_ear_outer.json"
}
