{
  "part_id": "R_eye_white",
  "vertices": [
    [
      788.0,
      618.0
    ],
    [
      825.5,
      618.0
    ],
    [
      863.0,
      618.0
    ],
    [
      900.5,
      618.0
    ],
    [
      938.0,
      618.0
    ],
    [
      788.0,
      653.3
    ],
    [
      825.5,
      653.3
    ],
    [
      863.0,
      653.3
    ],
    [
      900.5,
      653.3
    ],
    [
      938.0,
      653.3
    ],
    [
      788.0,
      688.7
    ],
    [
      825.5,
      688.7
    ],
    [
      863.0,
      688.7
    ],
    [
      900.5,
      688.7
    ],
    [
      938.0,
      688.7
    ],
    [
      788.0,
      724.0
    ],
    [
      825.5,
      724.0
    ],
    [
      863.0,
      724.0
    ],
    [
      900.5,
      724.0
    ],
    [
      938.0,
      724.0
    ]
  ],
  "triangles": [
    [
      0,
      5,
      1
    ],
    [
      1,
      5,
      6
    ],
    [
      1,
      6,
      2
    ],
    [
      2,
      6,
      7
    ],
    [
      2,
      7,
      3
    ],
    [
      3,
      7,
      8
    ],
    [
      3,
      8,
      4
    ],
    [
      4,
      8,
      9
    ],
    [
      5,
      10,
      6
    ],
    [
      6,
      10,
      11
    ],
    [
      6,
      11,
      7
    ],
    [
      7,
      11,
      12
    ],
    [
      7,
      12,
      8
    ],
    [
      8,
      12,
      13
    ],
    [
      8,
      13,
      9
    ],
    [
      9,
      13,
      14
    ],
    [
      10,
      15,
      11
    ],
    [
      11,
      15,
      16
    ],
    [
      11,
      16,
      12
    ],
    [
      12,
      16,
      17
    ],
    [
      12,
      17,
      13
    ],
    [
      13,
      17,
      18
    ],
    [
      13,
      18,
      14
    ],
    [
      14,
      18,
      19
    ]
  ],
  "uvs": [
    [
      0.384766,
      0.301758
    ],
    [
      0.403076,
      0.301758
    ],
    [
      0.421387,
      0.301758
    ],
    [
      0.439697,
      0.301758
    ],
    [
      0.458008,
      0.301758
    ],
    [
      0.384766,
      0.318994
    ],
    [
      0.403076,
      0.318994
    ],
    [
      0.421387,
      0.318994
    ],
    [
      0.439697,
      0.318994
    ],
    [
      0.458008,
      0.318994
    ],
    [
      0.384766,
      0.336279
    ],
    [
      0.403076,
      0.336279
    ],
    [
      0.421387,
      0.336279
    ],
    [
      0.439697,
      0.336279
    ],
    [
      0.458008,
      0.336279
    ],
    [
      0.384766,
      0.353516
    ],
    [
      0.403076,
      0.353516
    ],
    [
      0.421387,
      0.353516
    ],
    [
      0.439697,
      0.353516
    ],
    [
      0.458008,
      0.353516
    ]
  ],
  "mesh_path": "meshes/R_eye_white.json"
}
