{
  "part_id": "R_iris",
  "vertices": [
    [
      834.0,
      628.0
    ],
    [
      855.5,
      628.0
    ],
    [
      877.0,
      628.0
    ],
    [
      898.5,
      628.0
    ],
    [
      920.0,
      628.0
    ],
    [
      834.0,
      657.7
    ],
    [
      855.5,
      657.7
    ],
    [
      877.0,
      657.7
    ],
    [
      898.5,
      657.7
    ],
    [
      920.0,
      657.7
    ],
    [
      834.0,
      687.3
    ],
    [
      855.5,
      687.3
    ],
    [
      877.0,
      687.3
    ],
    [
      898.5,
      687.3
    ],
    [
      920.0,
      687.3
    ],
    [
      834.0,
      717.0
    ],
    [
      855.5,
      717.0
    ],
    [
      877.0,
      717.0
    ],
    [
      898.5,
      717.0
    ],
    [
      920.0,
      717.0
    ]
  ],
  "triangles": [
    [
      0,
      5,
      1
    ],
    [
      1,
      5,
      6
    ],
    [
      1,
      6,
      2
    ],
    [
      2,
      6,
      7
    ],
    [
      2,
      7,
      3
    ],
    [
      3,
      7,
      8
    ],
    [
      3,
      8,
      4
    ],
    [
      4,
      8,
      9
    ],
    [
      5,
      10,
      6
    ],
    [
      6,
      10,
      11
    ],
    [
      6,
      11,
      7
    ],
    [
      7,
      11,
      12
    ],
    [
      7,
      12,
      8
    ],
    [
      8,
      12,
      13
    ],
    [
      8,
      13,
      9
    ],
    [
      9,
      13,
      14
    ],
    [
      10,
      15,
      11
    ],
    [
      11,
      15,
      16
    ],
    [
      11,
      16,
      12
    ],
    [
      12,
      16,
      17
    ],
    [
      12,
      17,
      13
    ],
    [
      13,
      17,
      18
    ],
    [
      13,
      18,
      14
    ],
    [
      14,
      18,
      19
    ]
  ],
  "uvs": [
    [
      0.407227,
      0.306641
    ],
    [
      0.417725,
      0.306641
    ],
    [
      0.428223,
      0.306641
    ],
    [
      0.438721,
      0.306641
    ],
    [
      0.449219,
      0.306641
    ],
    [
      0.407227,
      0.321143
    ],
    [
      0.417725,
      0.321143
    ],
    [
      0.428223,
      0.321143
    ],
    [
      0.438721,
      0.321143
    ],
    [
      0.449219,
      0.321143
    ],
    [
      0.407227,
      0.335596
    ],
    [
      0.417725,
      0.335596
    ],
    [
      0.428223,
      0.335596
    ],
    [
      0.438721,
      0.335596
    ],
    [
      0.449219,
      0.335596
    ],
    [
      0.407227,
      0.350098
    ],
    [
      0.417725,
      0.350098
    ],
    [
      0.428223,
      0.350098
    ],
    [
      0.438721,
      0.350098
    ],
    [
      0.449219,
      0.350098
    ]
  ],
  "mesh_path": "meshes/R_iris.json"
}
