{
  "part_id": "R_upper_lash",
  "vertices": [
    [
      763.0,
      592.0
    ],
    [
      809.0,
      592.0
    ],
    [
      855.0,
      592.0
    ],
    [
      901.0,
      592.0
    ],
    [
      947.0,
      592.0
    ],
    [
      763.0,
      634.3
    ],
    [
      809.0,
      634.3
    ],
    [
      855.0,
      634.3
    ],
    [
      901.0,
      634.3
    ],
    [
      947.0,
      634.3
    ],
    [
      763.0,
      676.7
    ],
    [
      809.0,
      676.7
    ],
    [
      855.0,
      676.7
    ],
    [
      901.0,
      676.7
    ],
    [
      947.0,
      676.7
    ],
    [
      763.0,
      719.0
    ],
    [
      809.0,
      719.0
    ],
    [
      855.0,
      719.0
    ],
    [
      901.0,
      719.0
    ],
    [
      947.0,
      719.0
    ]
  ],
  "triangles": [
    [
      0,
      5,
      1
    ],
    [
      1,
      5,
      6
    ],
    [
      1,
      6,
      2
    ],
    [
      2,
      6,
      7
    ],
    [
      2,
      7,
      3
    ],
    [
      3,
      7,
      8
    ],
    [
      3,
      8,
      4
    ],
    [
      4,
      8,
      9
    ],
    [
      5,
      10,
      6
    ],
    [
      6,
      10,
      11
    ],
    [
      6,
      11,
      7
    ],
    [
      7,
      11,
      12
    ],
    [
      7,
      12,
      8
    ],
    [
      8,
      12,
      13
    ],
    [
      8,
      13,
      9
    ],
    [
      9,
      13,
      14
    ],
    [
      10,
      15,
      11
    ],
    [
      11,
      15,
      16
    ],
    [
      11,
      16,
      12
    ],
    [
      12,
      16,
      17
    ],
    [
      12,
      17,
      13
    ],
    [
      13,
      17,
      18
    ],
    [
      13,
      18,
      14
    ],
    [
      14,
      18,
      19
    ]
  ],
  "uvs": [
    [
      0.372559,
      0.289062
    ],
    [
      0.39502,
      0.289062
    ],
    [
      0.41748,
      0.289062
    ],
    [
      0.439941,
      0.289062
    ],
    [
      0.462402,
      0.289062
    ],
    [
      0.372559,
      0.309717
    ],
    [
      0.39502,
      0.309717
    ],
    [
      0.41748,
      0.309717
    ],
    [
      0.439941,
      0.309717
    ],
    [
      0.462402,
      0.309717
    ],
    [
      0.372559,
      0.33042
    ],
    [
      0.39502,
      0.33042
    ],
    [
      0.41748,
      0.33042
    ],
    [
      0.439941,
      0.33042
    ],
    [
      0.462402,
      0.33042
    ],
    [
      0.372559,
      0.351074
    ],
    [
      0.39502,
      0.351074
    ],
    [
      0.41748,
      0.351074
    ],
    [
      0.439941,
      0.351074
    ],
    [
      0.462402,
      0.351074
    ]
  ],
  "mesh_path": "meshes/R_upper_lash.json"
}
