{
  "part_id": "eye_L_mostly_closed_lid",
  "vertices": [
    [
      791.0,
      651.0
    ],
    [
      831.75,
      651.0
    ],
    [
      872.5,
      651.0
    ],
    [
      913.25,
      651.0
    ],
    [
      954.0,
      651.0
    ],
    [
      791.0,
      676.0
    ],
    [
      831.75,
      676.0
    ],
    [
      872.5,
      676.0
    ],
    [
      913.25,
      676.0
    ],
    [
      954.0,
      676.0
    ],
    [
      791.0,
      701.0
    ],
    [
      831.75,
      701.0
    ],
    [
      872.5,
      701.0
    ],
    [
      913.25,
      701.0
    ],
    [
      954.0,
      701.0
    ],
    [
      791.0,
      726.0
    ],
    [
      831.75,
      726.0
    ],
    [
      872.5,
      726.0
    ],
    [
      913.25,
      726.0
    ],
    [
      954.0,
      726.0
    ]
  ],
  "triangles": [
    [
      0,
      5,
      1
    ],
    [
      1,
      5,
      6
    ],
    [
      1,
      6,
      2
    ],
    [
      2,
      6,
      7
    ],
    [
      2,
      7,
      3
    ],
    [
      3,
      7,
      8
    ],
    [
      3,
      8,
      4
    ],
    [
      4,
      8,
      9
    ],
    [
      5,
      10,
      6
    ],
    [
      6,
      10,
      11
    ],
    [
      6,
      11,
      7
    ],
    [
      7,
      11,
      12
    ],
    [
      7,
      12,
      8
    ],
    [
      8,
      12,
      13
    ],
    [
      8,
      13,
      9
    ],
    [
      9,
      13,
      14
    ],
    [
      10,
      15,
      11
    ],
    [
      11,
      15,
      16
    ],
    [
      11,
      16,
      12
    ],
    [
      12,
      16,
      17
    ],
    [
      12,
      17,
      13
    ],
    [
      13,
      17,
      18
    ],
    [
      13,
      18,
      14
    ],
    [
      14,
      18,
      19
    ]
  ],
  "uvs": [
    [
      0.38623,
      0.317871
    ],
    [
      0.406128,
      0.317871
    ],
    [
      0.426025,
      0.317871
    ],
    [
      0.445923,
      0.317871
    ],
    [
      0.46582,
      0.317871
    ],
    [
      0.38623,
      0.330078
    ],
    [
      0.406128,
      0.330078
    ],
    [
      0.426025,
      0.330078
    ],
    [
      0.445923,
      0.330078
    ],
    [
      0.46582,
      0.330078
    ],
    [
      0.38623,
      0.342285
    ],
    [
      0.406128,
      0.342285
    ],
    [
      0.426025,
      0.342285
    ],
    [
      0.445923,
      0.342285
    ],
    [
      0.46582,
      0.342285
    ],
    [
      0.38623,
      0.354492
    ],
    [
      0.406128,
      0.354492
    ],
    [
      0.426025,
      0.354492
    ],
    [
      0.445923,
      0.354492
    ],
    [
      0.46582,
      0.354492
    ]
  ],
  "mesh_path": "meshes/eye_L_mostly_closed_lid.json"
}
