{
  "part_id": "mouth_small_open",
  "vertices": [
    [
      934.0,
      845.0
    ],
    [
      980.0,
      845.0
    ],
    [
      1026.0,
      845.0
    ],
    [
      1072.0,
      845.0
    ],
    [
      1118.0,
      845.0
    ],
    [
      934.0,
      878.667
    ],
    [
      980.0,
      878.667
    ],
    [
      1026.0,
      878.667
    ],
    [
      1072.0,
      878.667
    ],
    [
      1118.0,
      878.667
    ],
    [
      934.0,
      912.333
    ],
    [
      980.0,
      912.333
    ],
    [
      1026.0,
      912.333
    ],
    [
      1072.0,
      912.333
    ],
    [
      1118.0,
      912.333
    ],
    [
      934.0,
      946.0
    ],
    [
      980.0,
      946.0
    ],
    [
      1026.0,
      946.0
    ],
    [
      1072.0,
      946.0
    ],
    [
      1118.0,
      946.0
    ]
  ],
  "triangles": [
    [
      0,
      5,
      1
    ],
    [
      1,
      5,
      6
    ],
    [
      1,
      6,
      2
    ],
    [
      2,
      6,
      7
    ],
    [
      2,
      7,
      3
    ],
    [
      3,
      7,
      8
    ],
    [
      3,
      8,
      4
    ],
    [
      4,
      8,
      9
    ],
    [
      5,
      10,
      6
    ],
    [
      6,
      10,
      11
    ],
    [
      6,
      11,
      7
    ],
    [
      7,
      11,
      12
    ],
    [
      7,
      12,
      8
    ],
    [
      8,
      12,
      13
    ],
    [
      8,
      13,
      9
    ],
    [
      9,
      13,
      14
    ],
    [
      10,
      15,
      11
    ],
    [
      11,
      15,
      16
    ],
    [
      11,
      16,
      12
    ],
    [
      12,
      16,
      17
    ],
    [
      12,
      17,
      13
    ],
    [
      13,
      17,
      18
    ],
    [
      13,
      18,
      14
    ],
    [
      14,
      18,
      19
    ]
  ],
  "uvs": [
    [
      0.456055,
      0.412598
    ],
    [
      0.478516,
      0.412598
    ],
    [
      0.500977,
      0.412598
    ],
    [
      0.523438,
      0.412598
    ],
    [
      0.545898,
      0.412598
    ],
    [
      0.456055,
      0.429036
    ],
    [
      0.478516,
      0.429036
    ],
    [
      0.500977,
      0.429036
    ],
    [
      0.523438,
      0.429036
    ],
    [
      0.545898,
      0.429036
    ],
    [
      0.456055,
      0.445475
    ],
    [
      0.478516,
      0.445475
    ],
    [
      0.500977,
      0.445475
    ],
    [
      0.523438,
      0.445475
    ],
    [
      0.545898,
      0.445475
    ],
    [
      0.456055,
      0.461914
    ],
    [
      0.478516,
      0.461914
    ],
    [
      0.500977,
      0.461914
    ],
    [
      0.523438,
      0.461914
    ],
    [
      0.545898,
      0.461914
    ]
  ],
  "mesh_path": "meshes/mouth_small_open.json"
}
