{
  "part_id": "R_eye_white",
  "vertices": [
    [
      745.0,
      710.0
    ],
    [
      792.0,
      710.0
    ],
    [
      839.0,
      710.0
    ],
    [
      886.0,
      710.0
    ],
    [
      933.0,
      710.0
    ],
    [
      745.0,
      751.667
    ],
    [
      792.0,
      751.667
    ],
    [
      839.0,
      751.667
    ],
    [
      886.0,
      751.667
    ],
    [
      933.0,
      751.667
    ],
    [
      745.0,
      793.333
    ],
    [
      792.0,
      793.333
    ],
    [
      839.0,
      793.333
    ],
    [
      886.0,
      793.333
    ],
    [
      933.0,
      793.333
    ],
    [
      745.0,
      835.0
    ],
    [
      792.0,
      835.0
    ],
    [
      839.0,
      835.0
    ],
    [
      886.0,
      835.0
    ],
    [
      933.0,
      835.0
    ]
  ],
  "triangles": [
    [
      0,
      5,
      1
    ],
    [
      1,
      5,
      6
    ],
    [
      1,
      6,
      2
    ],
    [
      2,
      6,
      7
    ],
    [
      2,
      7,
      3
    ],
    [
      3,
      7,
      8
    ],
    [
      3,
      8,
      4
    ],
    [
      4,
      8,
      9
    ],
    [
      5,
      10,
      6
    ],
    [
      6,
      10,
      11
    ],
    [
      6,
      11,
      7
    ],
    [
      7,
      11,
      12
    ],
    [
      7,
      12,
      8
    ],
    [
      8,
      12,
      13
    ],
    [
      8,
      13,
      9
    ],
    [
      9,
      13,
      14
    ],
    [
      10,
      15,
      11
    ],
    [
      11,
      15,
      16
    ],
    [
      11,
      16,
      12
    ],
    [
      12,
      16,
      17
    ],
    [
      12,
      17,
      13
    ],
    [
      13,
      17,
      18
    ],
    [
      13,
      18,
      14
    ],
    [
      14,
      18,
      19
    ]
  ],
  "uvs": [
    [
      0.36377,
      0.34668
    ],
    [
      0.386719,
      0.34668
    ],
    [
      0.409668,
      0.34668
    ],
    [
      0.432617,
      0.34668
    ],
    [
      0.455566,
      0.34668
    ],
    [
      0.36377,
      0.367025
    ],
    [
      0.386719,
      0.367025
    ],
    [
      0.409668,
      0.367025
    ],
    [
      0.432617,
      0.367025
    ],
    [
      0.455566,
      0.367025
    ],
    [
      0.36377,
      0.38737
    ],
    [
      0.386719,
      0.38737
    ],
    [
      0.409668,
      0.38737
    ],
    [
      0.432617,
      0.38737
    ],
    [
      0.455566,
      0.38737
    ],
    [
      0.36377,
      0.407715
    ],
    [
      0.386719,
      0.407715
    ],
    [
      0.409668,
      0.407715
    ],
    [
      0.432617,
      0.407715
    ],
    [
      0.455566,
      0.407715
    ]
  ],
  "boundary_vertex_ids": [
    0,
    1,
    2,
    3,
    4,
    5,
    9,
    10,
    14,
    15,
    16,
    17,
    18,
    19
  ],
  "mesh_strategy": {
    "kind": "alpha_bbox_grid",
    "cols": 4,
    "rows": 3,
    "note": "v0 conservative mesh based on alpha bbox; not final Cubism ArtMesh quality"
  },
  "mesh_path": "meshes/R_eye_white.json"
}
