{
  "part_id": "eye_R_white",
  "vertices": [
    [
      1116.0,
      688.0
    ],
    [
      1138.75,
      688.0
    ],
    [
      1161.5,
      688.0
    ],
    [
      1184.25,
      688.0
    ],
    [
      1207.0,
      688.0
    ],
    [
      1116.0,
      719.667
    ],
    [
      1138.75,
      719.667
    ],
    [
      1161.5,
      719.667
    ],
    [
      1184.25,
      719.667
    ],
    [
      1207.0,
      719.667
    ],
    [
      1116.0,
      751.333
    ],
    [
      1138.75,
      751.333
    ],
    [
      1161.5,
      751.333
    ],
    [
      1184.25,
      751.333
    ],
    [
      1207.0,
      751.333
    ],
    [
      1116.0,
      783.0
    ],
    [
      1138.75,
      783.0
    ],
    [
      1161.5,
      783.0
    ],
    [
      1184.25,
      783.0
    ],
    [
      1207.0,
      783.0
    ]
  ],
  "triangles": [
    [
      0,
      5,
      1
    ],
    [
      1,
      5,
      6
    ],
    [
      1,
      6,
      2
    ],
    [
      2,
      6,
      7
    ],
    [
      2,
      7,
      3
    ],
    [
      3,
      7,
      8
    ],
    [
      3,
      8,
      4
    ],
    [
      4,
      8,
      9
    ],
    [
      5,
      10,
      6
    ],
    [
      6,
      10,
      11
    ],
    [
      6,
      11,
      7
    ],
    [
      7,
      11,
      12
    ],
    [
      7,
      12,
      8
    ],
    [
      8,
      12,
      13
    ],
    [
      8,
      13,
      9
    ],
    [
      9,
      13,
      14
    ],
    [
      10,
      15,
      11
    ],
    [
      11,
      15,
      16
    ],
    [
      11,
      16,
      12
    ],
    [
      12,
      16,
      17
    ],
    [
      12,
      17,
      13
    ],
    [
      13,
      17,
      18
    ],
    [
      13,
      18,
      14
    ],
    [
      14,
      18,
      19
    ]
  ],
  "uvs": [
    [
      0.544922,
      0.335938
    ],
    [
      0.55603,
      0.335938
    ],
    [
      0.567139,
      0.335938
    ],
    [
      0.578247,
      0.335938
    ],
    [
      0.589355,
      0.335938
    ],
    [
      0.544922,
      0.3514
    ],
    [
      0.55603,
      0.3514
    ],
    [
      0.567139,
      0.3514
    ],
    [
      0.578247,
      0.3514
    ],
    [
      0.589355,
      0.3514
    ],
    [
      0.544922,
      0.366862
    ],
    [
      0.55603,
      0.366862
    ],
    [
      0.567139,
      0.366862
    ],
    [
      0.578247,
      0.366862
    ],
    [
      0.589355,
      0.366862
    ],
    [
      0.544922,
      0.382324
    ],
    [
      0.55603,
      0.382324
    ],
    [
      0.567139,
      0.382324
    ],
    [
      0.578247,
      0.382324
    ],
    [
      0.589355,
      0.382324
    ]
  ],
  "boundary_vertex_ids": [
    0,
    1,
    2,
    3,
    4,
    5,
    9,
    10,
    14,
    15,
    16,
    17,
    18,
    19
  ],
  "mesh_strategy": {
    "kind": "material_pack_alpha_bbox_grid",
    "cols": 4,
    "rows": 3,
    "note": "Mini Cubism preview mesh only; not final Cubism ArtMesh quality."
  },
  "mesh_path": "meshes/eye_R_white.json"
}
