{
  "part_id": "eye_L_closed_lid",
  "vertices": [
    [
      860.0,
      701.0
    ],
    [
      895.75,
      701.0
    ],
    [
      931.5,
      701.0
    ],
    [
      967.25,
      701.0
    ],
    [
      1003.0,
      701.0
    ],
    [
      860.0,
      719.0
    ],
    [
      895.75,
      719.0
    ],
    [
      931.5,
      719.0
    ],
    [
      967.25,
      719.0
    ],
    [
      1003.0,
      719.0
    ],
    [
      860.0,
      737.0
    ],
    [
      895.75,
      737.0
    ],
    [
      931.5,
      737.0
    ],
    [
      967.25,
      737.0
    ],
    [
      1003.0,
      737.0
    ],
    [
      860.0,
      755.0
    ],
    [
      895.75,
      755.0
    ],
    [
      931.5,
      755.0
    ],
    [
      967.25,
      755.0
    ],
    [
      1003.0,
      755.0
    ]
  ],
  "triangles": [
    [
      0,
      5,
      1
    ],
    [
      1,
      5,
      6
    ],
    [
      1,
      6,
      2
    ],
    [
      2,
      6,
      7
    ],
    [
      2,
      7,
      3
    ],
    [
      3,
      7,
      8
    ],
    [
      3,
      8,
      4
    ],
    [
      4,
      8,
      9
    ],
    [
      5,
      10,
      6
    ],
    [
      6,
      10,
      11
    ],
    [
      6,
      11,
      7
    ],
    [
      7,
      11,
      12
    ],
    [
      7,
      12,
      8
    ],
    [
      8,
      12,
      13
    ],
    [
      8,
      13,
      9
    ],
    [
      9,
      13,
      14
    ],
    [
      10,
      15,
      11
    ],
    [
      11,
      15,
      16
    ],
    [
      11,
      16,
      12
    ],
    [
      12,
      16,
      17
    ],
    [
      12,
      17,
      13
    ],
    [
      13,
      17,
      18
    ],
    [
      13,
      18,
      14
    ],
    [
      14,
      18,
      19
    ]
  ],
  "uvs": [
    [
      0.419922,
      0.342285
    ],
    [
      0.437378,
      0.342285
    ],
    [
      0.454834,
      0.342285
    ],
    [
      0.47229,
      0.342285
    ],
    [
      0.489746,
      0.342285
    ],
    [
      0.419922,
      0.351074
    ],
    [
      0.437378,
      0.351074
    ],
    [
      0.454834,
      0.351074
    ],
    [
      0.47229,
      0.351074
    ],
    [
      0.489746,
      0.351074
    ],
    [
      0.419922,
      0.359863
    ],
    [
      0.437378,
      0.359863
    ],
    [
      0.454834,
      0.359863
    ],
    [
      0.47229,
      0.359863
    ],
    [
      0.489746,
      0.359863
    ],
    [
      0.419922,
      0.368652
    ],
    [
      0.437378,
      0.368652
    ],
    [
      0.454834,
      0.368652
    ],
    [
      0.47229,
      0.368652
    ],
    [
      0.489746,
      0.368652
    ]
  ],
  "boundary_vertex_ids": [
    0,
    1,
    2,
    3,
    4,
    5,
    9,
    10,
    14,
    15,
    16,
    17,
    18,
    19
  ],
  "mesh_strategy": {
    "kind": "material_pack_alpha_bbox_grid",
    "cols": 4,
    "rows": 3,
    "note": "Mini Cubism preview mesh only; not final Cubism ArtMesh quality."
  },
  "mesh_path": "meshes/eye_L_closed_lid.json"
}
