{
  "part_id": "mouth_lower_lip_mask",
  "vertices": [
    [
      980.0,
      864.0
    ],
    [
      1006.0,
      864.0
    ],
    [
      1032.0,
      864.0
    ],
    [
      1058.0,
      864.0
    ],
    [
      1084.0,
      864.0
    ],
    [
      980.0,
      871.0
    ],
    [
      1006.0,
      871.0
    ],
    [
      1032.0,
      871.0
    ],
    [
      1058.0,
      871.0
    ],
    [
      1084.0,
      871.0
    ],
    [
      980.0,
      878.0
    ],
    [
      1006.0,
      878.0
    ],
    [
      1032.0,
      878.0
    ],
    [
      1058.0,
      878.0
    ],
    [
      1084.0,
      878.0
    ],
    [
      980.0,
      885.0
    ],
    [
      1006.0,
      885.0
    ],
    [
      1032.0,
      885.0
    ],
    [
      1058.0,
      885.0
    ],
    [
      1084.0,
      885.0
    ]
  ],
  "triangles": [
    [
      0,
      5,
      1
    ],
    [
      1,
      5,
      6
    ],
    [
      1,
      6,
      2
    ],
    [
      2,
      6,
      7
    ],
    [
      2,
      7,
      3
    ],
    [
      3,
      7,
      8
    ],
    [
      3,
      8,
      4
    ],
    [
      4,
      8,
      9
    ],
    [
      5,
      10,
      6
    ],
    [
      6,
      10,
      11
    ],
    [
      6,
      11,
      7
    ],
    [
      7,
      11,
      12
    ],
    [
      7,
      12,
      8
    ],
    [
      8,
      12,
      13
    ],
    [
      8,
      13,
      9
    ],
    [
      9,
      13,
      14
    ],
    [
      10,
      15,
      11
    ],
    [
      11,
      15,
      16
    ],
    [
      11,
      16,
      12
    ],
    [
      12,
      16,
      17
    ],
    [
      12,
      17,
      13
    ],
    [
      13,
      17,
      18
    ],
    [
      13,
      18,
      14
    ],
    [
      14,
      18,
      19
    ]
  ],
  "uvs": [
    [
      0.478516,
      0.421875
    ],
    [
      0.491211,
      0.421875
    ],
    [
      0.503906,
      0.421875
    ],
    [
      0.516602,
      0.421875
    ],
    [
      0.529297,
      0.421875
    ],
    [
      0.478516,
      0.425293
    ],
    [
      0.491211,
      0.425293
    ],
    [
      0.503906,
      0.425293
    ],
    [
      0.516602,
      0.425293
    ],
    [
      0.529297,
      0.425293
    ],
    [
      0.478516,
      0.428711
    ],
    [
      0.491211,
      0.428711
    ],
    [
      0.503906,
      0.428711
    ],
    [
      0.516602,
      0.428711
    ],
    [
      0.529297,
      0.428711
    ],
    [
      0.478516,
      0.432129
    ],
    [
      0.491211,
      0.432129
    ],
    [
      0.503906,
      0.432129
    ],
    [
      0.516602,
      0.432129
    ],
    [
      0.529297,
      0.432129
    ]
  ],
  "boundary_vertex_ids": [
    0,
    1,
    2,
    3,
    4,
    5,
    9,
    10,
    14,
    15,
    16,
    17,
    18,
    19
  ],
  "mesh_strategy": {
    "kind": "material_pack_alpha_bbox_grid",
    "cols": 4,
    "rows": 3,
    "note": "Mini Cubism preview mesh only; not final Cubism ArtMesh quality."
  },
  "mesh_path": "meshes/mouth_lower_lip_mask.json"
}
