{
  "part_id": "mouth_tongue",
  "vertices": [
    [
      1000.0,
      851.0
    ],
    [
      1016.25,
      851.0
    ],
    [
      1032.5,
      851.0
    ],
    [
      1048.75,
      851.0
    ],
    [
      1065.0,
      851.0
    ],
    [
      1000.0,
      860.0
    ],
    [
      1016.25,
      860.0
    ],
    [
      1032.5,
      860.0
    ],
    [
      1048.75,
      860.0
    ],
    [
      1065.0,
      860.0
    ],
    [
      1000.0,
      869.0
    ],
    [
      1016.25,
      869.0
    ],
    [
      1032.5,
      869.0
    ],
    [
      1048.75,
      869.0
    ],
    [
      1065.0,
      869.0
    ],
    [
      1000.0,
      878.0
    ],
    [
      1016.25,
      878.0
    ],
    [
      1032.5,
      878.0
    ],
    [
      1048.75,
      878.0
    ],
    [
      1065.0,
      878.0
    ]
  ],
  "triangles": [
    [
      0,
      5,
      1
    ],
    [
      1,
      5,
      6
    ],
    [
      1,
      6,
      2
    ],
    [
      2,
      6,
      7
    ],
    [
      2,
      7,
      3
    ],
    [
      3,
      7,
      8
    ],
    [
      3,
      8,
      4
    ],
    [
      4,
      8,
      9
    ],
    [
      5,
      10,
      6
    ],
    [
      6,
      10,
      11
    ],
    [
      6,
      11,
      7
    ],
    [
      7,
      11,
      12
    ],
    [
      7,
      12,
      8
    ],
    [
      8,
      12,
      13
    ],
    [
      8,
      13,
      9
    ],
    [
      9,
      13,
      14
    ],
    [
      10,
      15,
      11
    ],
    [
      11,
      15,
      16
    ],
    [
      11,
      16,
      12
    ],
    [
      12,
      16,
      17
    ],
    [
      12,
      17,
      13
    ],
    [
      13,
      17,
      18
    ],
    [
      13,
      18,
      14
    ],
    [
      14,
      18,
      19
    ]
  ],
  "uvs": [
    [
      0.488281,
      0.415527
    ],
    [
      0.496216,
      0.415527
    ],
    [
      0.50415,
      0.415527
    ],
    [
      0.512085,
      0.415527
    ],
    [
      0.52002,
      0.415527
    ],
    [
      0.488281,
      0.419922
    ],
    [
      0.496216,
      0.419922
    ],
    [
      0.50415,
      0.419922
    ],
    [
      0.512085,
      0.419922
    ],
    [
      0.52002,
      0.419922
    ],
    [
      0.488281,
      0.424316
    ],
    [
      0.496216,
      0.424316
    ],
    [
      0.50415,
      0.424316
    ],
    [
      0.512085,
      0.424316
    ],
    [
      0.52002,
      0.424316
    ],
    [
      0.488281,
      0.428711
    ],
    [
      0.496216,
      0.428711
    ],
    [
      0.50415,
      0.428711
    ],
    [
      0.512085,
      0.428711
    ],
    [
      0.52002,
      0.428711
    ]
  ],
  "boundary_vertex_ids": [
    0,
    1,
    2,
    3,
    4,
    5,
    9,
    10,
    14,
    15,
    16,
    17,
    18,
    19
  ],
  "mesh_strategy": {
    "kind": "material_pack_alpha_bbox_grid",
    "cols": 4,
    "rows": 3,
    "note": "Mini Cubism preview mesh only; not final Cubism ArtMesh quality."
  },
  "mesh_path": "meshes/mouth_tongue.json"
}
