{
  "part_id": "eye_shadow_R",
  "vertices": [
    [
      780.0,
      590.0
    ],
    [
      824.2,
      590.0
    ],
    [
      868.4,
      590.0
    ],
    [
      912.6,
      590.0
    ],
    [
      956.8,
      590.0
    ],
    [
      1001.0,
      590.0
    ],
    [
      780.0,
      635.0
    ],
    [
      824.2,
      635.0
    ],
    [
      868.4,
      635.0
    ],
    [
      912.6,
      635.0
    ],
    [
      956.8,
      635.0
    ],
    [
      1001.0,
      635.0
    ],
    [
      780.0,
      680.0
    ],
    [
      824.2,
      680.0
    ],
    [
      868.4,
      680.0
    ],
    [
      912.6,
      680.0
    ],
    [
      956.8,
      680.0
    ],
    [
      1001.0,
      680.0
    ],
    [
      780.0,
      725.0
    ],
    [
      824.2,
      725.0
    ],
    [
      868.4,
      725.0
    ],
    [
      912.6,
      725.0
    ],
    [
      956.8,
      725.0
    ],
    [
      1001.0,
      725.0
    ]
  ],
  "triangles": [
    [
      0,
      6,
      1
    ],
    [
      1,
      6,
      7
    ],
    [
      1,
      7,
      2
    ],
    [
      2,
      7,
      8
    ],
    [
      2,
      8,
      3
    ],
    [
      3,
      8,
      9
    ],
    [
      3,
      9,
      4
    ],
    [
      4,
      9,
      10
    ],
    [
      4,
      10,
      5
    ],
    [
      5,
      10,
      11
    ],
    [
      6,
      12,
      7
    ],
    [
      7,
      12,
      13
    ],
    [
      7,
      13,
      8
    ],
    [
      8,
      13,
      14
    ],
    [
      8,
      14,
      9
    ],
    [
      9,
      14,
      15
    ],
    [
      9,
      15,
      10
    ],
    [
      10,
      15,
      16
    ],
    [
      10,
      16,
      11
    ],
    [
      11,
      16,
      17
    ],
    [
      12,
      18,
      13
    ],
    [
      13,
      18,
      19
    ],
    [
      13,
      19,
      14
    ],
    [
      14,
      19,
      20
    ],
    [
      14,
      20,
      15
    ],
    [
      15,
      20,
      21
    ],
    [
      15,
      21,
      16
    ],
    [
      16,
      21,
      22
    ],
    [
      16,
      22,
      17
    ],
    [
      17,
      22,
      23
    ]
  ],
  "uvs": [
    [
      0.380859,
      0.288086
    ],
    [
      0.402441,
      0.288086
    ],
    [
      0.424023,
      0.288086
    ],
    [
      0.445605,
      0.288086
    ],
    [
      0.467187,
      0.288086
    ],
    [
      0.48877,
      0.288086
    ],
    [
      0.380859,
      0.310059
    ],
    [
      0.402441,
      0.310059
    ],
    [
      0.424023,
      0.310059
    ],
    [
      0.445605,
      0.310059
    ],
    [
      0.467187,
      0.310059
    ],
    [
      0.48877,
      0.310059
    ],
    [
      0.380859,
      0.332031
    ],
    [
      0.402441,
      0.332031
    ],
    [
      0.424023,
      0.332031
    ],
    [
      0.445605,
      0.332031
    ],
    [
      0.467187,
      0.332031
    ],
    [
      0.48877,
      0.332031
    ],
    [
      0.380859,
      0.354004
    ],
    [
      0.402441,
      0.354004
    ],
    [
      0.424023,
      0.354004
    ],
    [
      0.445605,
      0.354004
    ],
    [
      0.467187,
      0.354004
    ],
    [
      0.48877,
      0.354004
    ]
  ],
  "boundary_vertex_ids": [
    0,
    1,
    2,
    3,
    4,
    5,
    6,
    11,
    12,
    17,
    18,
    19,
    20,
    21,
    22,
    23
  ],
  "mesh_strategy": {
    "kind": "dedicated_v1_bbox_grid",
    "cols": 5,
    "rows": 3
  },
  "mesh_path": "meshes/eye_shadow_R.json"
}
