{
  "part_id": "iris_R",
  "vertices": [
    [
      901.0,
      620.0
    ],
    [
      906.4,
      620.0
    ],
    [
      911.8,
      620.0
    ],
    [
      917.2,
      620.0
    ],
    [
      922.6,
      620.0
    ],
    [
      928.0,
      620.0
    ],
    [
      901.0,
      641.333
    ],
    [
      906.4,
      641.333
    ],
    [
      911.8,
      641.333
    ],
    [
      917.2,
      641.333
    ],
    [
      922.6,
      641.333
    ],
    [
      928.0,
      641.333
    ],
    [
      901.0,
      662.667
    ],
    [
      906.4,
      662.667
    ],
    [
      911.8,
      662.667
    ],
    [
      917.2,
      662.667
    ],
    [
      922.6,
      662.667
    ],
    [
      928.0,
      662.667
    ],
    [
      901.0,
      684.0
    ],
    [
      906.4,
      684.0
    ],
    [
      911.8,
      684.0
    ],
    [
      917.2,
      684.0
    ],
    [
      922.6,
      684.0
    ],
    [
      928.0,
      684.0
    ]
  ],
  "triangles": [
    [
      0,
      6,
      1
    ],
    [
      1,
      6,
      7
    ],
    [
      1,
      7,
      2
    ],
    [
      2,
      7,
      8
    ],
    [
      2,
      8,
      3
    ],
    [
      3,
      8,
      9
    ],
    [
      3,
      9,
      4
    ],
    [
      4,
      9,
      10
    ],
    [
      4,
      10,
      5
    ],
    [
      5,
      10,
      11
    ],
    [
      6,
      12,
      7
    ],
    [
      7,
      12,
      13
    ],
    [
      7,
      13,
      8
    ],
    [
      8,
      13,
      14
    ],
    [
      8,
      14,
      9
    ],
    [
      9,
      14,
      15
    ],
    [
      9,
      15,
      10
    ],
    [
      10,
      15,
      16
    ],
    [
      10,
      16,
      11
    ],
    [
      11,
      16,
      17
    ],
    [
      12,
      18,
      13
    ],
    [
      13,
      18,
      19
    ],
    [
      13,
      19,
      14
    ],
    [
      14,
      19,
      20
    ],
    [
      14,
      20,
      15
    ],
    [
      15,
      20,
      21
    ],
    [
      15,
      21,
      16
    ],
    [
      16,
      21,
      22
    ],
    [
      16,
      22,
      17
    ],
    [
      17,
      22,
      23
    ]
  ],
  "uvs": [
    [
      0.439941,
      0.302734
    ],
    [
      0.442578,
      0.302734
    ],
    [
      0.445215,
      0.302734
    ],
    [
      0.447852,
      0.302734
    ],
    [
      0.450488,
      0.302734
    ],
    [
      0.453125,
      0.302734
    ],
    [
      0.439941,
      0.313151
    ],
    [
      0.442578,
      0.313151
    ],
    [
      0.445215,
      0.313151
    ],
    [
      0.447852,
      0.313151
    ],
    [
      0.450488,
      0.313151
    ],
    [
      0.453125,
      0.313151
    ],
    [
      0.439941,
      0.323568
    ],
    [
      0.442578,
      0.323568
    ],
    [
      0.445215,
      0.323568
    ],
    [
      0.447852,
      0.323568
    ],
    [
      0.450488,
      0.323568
    ],
    [
      0.453125,
      0.323568
    ],
    [
      0.439941,
      0.333984
    ],
    [
      0.442578,
      0.333984
    ],
    [
      0.445215,
      0.333984
    ],
    [
      0.447852,
      0.333984
    ],
    [
      0.450488,
      0.333984
    ],
    [
      0.453125,
      0.333984
    ]
  ],
  "boundary_vertex_ids": [
    0,
    1,
    2,
    3,
    4,
    5,
    6,
    11,
    12,
    17,
    18,
    19,
    20,
    21,
    22,
    23
  ],
  "mesh_strategy": {
    "kind": "dedicated_v1_bbox_grid",
    "cols": 5,
    "rows": 3
  },
  "mesh_path": "meshes/iris_R.json"
}
