{
  "part_id": "lower_lid_R",
  "vertices": [
    [
      786.0,
      714.0
    ],
    [
      827.6,
      714.0
    ],
    [
      869.2,
      714.0
    ],
    [
      910.8,
      714.0
    ],
    [
      952.4,
      714.0
    ],
    [
      994.0,
      714.0
    ],
    [
      786.0,
      727.0
    ],
    [
      827.6,
      727.0
    ],
    [
      869.2,
      727.0
    ],
    [
      910.8,
      727.0
    ],
    [
      952.4,
      727.0
    ],
    [
      994.0,
      727.0
    ],
    [
      786.0,
      740.0
    ],
    [
      827.6,
      740.0
    ],
    [
      869.2,
      740.0
    ],
    [
      910.8,
      740.0
    ],
    [
      952.4,
      740.0
    ],
    [
      994.0,
      740.0
    ],
    [
      786.0,
      753.0
    ],
    [
      827.6,
      753.0
    ],
    [
      869.2,
      753.0
    ],
    [
      910.8,
      753.0
    ],
    [
      952.4,
      753.0
    ],
    [
      994.0,
      753.0
    ]
  ],
  "triangles": [
    [
      0,
      6,
      1
    ],
    [
      1,
      6,
      7
    ],
    [
      1,
      7,
      2
    ],
    [
      2,
      7,
      8
    ],
    [
      2,
      8,
      3
    ],
    [
      3,
      8,
      9
    ],
    [
      3,
      9,
      4
    ],
    [
      4,
      9,
      10
    ],
    [
      4,
      10,
      5
    ],
    [
      5,
      10,
      11
    ],
    [
      6,
      12,
      7
    ],
    [
      7,
      12,
      13
    ],
    [
      7,
      13,
      8
    ],
    [
      8,
      13,
      14
    ],
    [
      8,
      14,
      9
    ],
    [
      9,
      14,
      15
    ],
    [
      9,
      15,
      10
    ],
    [
      10,
      15,
      16
    ],
    [
      10,
      16,
      11
    ],
    [
      11,
      16,
      17
    ],
    [
      12,
      18,
      13
    ],
    [
      13,
      18,
      19
    ],
    [
      13,
      19,
      14
    ],
    [
      14,
      19,
      20
    ],
    [
      14,
      20,
      15
    ],
    [
      15,
      20,
      21
    ],
    [
      15,
      21,
      16
    ],
    [
      16,
      21,
      22
    ],
    [
      16,
      22,
      17
    ],
    [
      17,
      22,
      23
    ]
  ],
  "uvs": [
    [
      0.383789,
      0.348633
    ],
    [
      0.404102,
      0.348633
    ],
    [
      0.424414,
      0.348633
    ],
    [
      0.444727,
      0.348633
    ],
    [
      0.465039,
      0.348633
    ],
    [
      0.485352,
      0.348633
    ],
    [
      0.383789,
      0.35498
    ],
    [
      0.404102,
      0.35498
    ],
    [
      0.424414,
      0.35498
    ],
    [
      0.444727,
      0.35498
    ],
    [
      0.465039,
      0.35498
    ],
    [
      0.485352,
      0.35498
    ],
    [
      0.383789,
      0.361328
    ],
    [
      0.404102,
      0.361328
    ],
    [
      0.424414,
      0.361328
    ],
    [
      0.444727,
      0.361328
    ],
    [
      0.465039,
      0.361328
    ],
    [
      0.485352,
      0.361328
    ],
    [
      0.383789,
      0.367676
    ],
    [
      0.404102,
      0.367676
    ],
    [
      0.424414,
      0.367676
    ],
    [
      0.444727,
      0.367676
    ],
    [
      0.465039,
      0.367676
    ],
    [
      0.485352,
      0.367676
    ]
  ],
  "boundary_vertex_ids": [
    0,
    1,
    2,
    3,
    4,
    5,
    6,
    11,
    12,
    17,
    18,
    19,
    20,
    21,
    22,
    23
  ],
  "mesh_strategy": {
    "kind": "dedicated_v1_bbox_grid",
    "cols": 5,
    "rows": 3
  },
  "mesh_path": "meshes/lower_lid_R.json"
}
