{
  "part_id": "mouth_half_inner",
  "vertices": [
    [
      968.0,
      835.0
    ],
    [
      991.0,
      835.0
    ],
    [
      1014.0,
      835.0
    ],
    [
      1037.0,
      835.0
    ],
    [
      1060.0,
      835.0
    ],
    [
      1083.0,
      835.0
    ],
    [
      968.0,
      848.0
    ],
    [
      991.0,
      848.0
    ],
    [
      1014.0,
      848.0
    ],
    [
      1037.0,
      848.0
    ],
    [
      1060.0,
      848.0
    ],
    [
      1083.0,
      848.0
    ],
    [
      968.0,
      861.0
    ],
    [
      991.0,
      861.0
    ],
    [
      1014.0,
      861.0
    ],
    [
      1037.0,
      861.0
    ],
    [
      1060.0,
      861.0
    ],
    [
      1083.0,
      861.0
    ],
    [
      968.0,
      874.0
    ],
    [
      991.0,
      874.0
    ],
    [
      1014.0,
      874.0
    ],
    [
      1037.0,
      874.0
    ],
    [
      1060.0,
      874.0
    ],
    [
      1083.0,
      874.0
    ]
  ],
  "triangles": [
    [
      0,
      6,
      1
    ],
    [
      1,
      6,
      7
    ],
    [
      1,
      7,
      2
    ],
    [
      2,
      7,
      8
    ],
    [
      2,
      8,
      3
    ],
    [
      3,
      8,
      9
    ],
    [
      3,
      9,
      4
    ],
    [
      4,
      9,
      10
    ],
    [
      4,
      10,
      5
    ],
    [
      5,
      10,
      11
    ],
    [
      6,
      12,
      7
    ],
    [
      7,
      12,
      13
    ],
    [
      7,
      13,
      8
    ],
    [
      8,
      13,
      14
    ],
    [
      8,
      14,
      9
    ],
    [
      9,
      14,
      15
    ],
    [
      9,
      15,
      10
    ],
    [
      10,
      15,
      16
    ],
    [
      10,
      16,
      11
    ],
    [
      11,
      16,
      17
    ],
    [
      12,
      18,
      13
    ],
    [
      13,
      18,
      19
    ],
    [
      13,
      19,
      14
    ],
    [
      14,
      19,
      20
    ],
    [
      14,
      20,
      15
    ],
    [
      15,
      20,
      21
    ],
    [
      15,
      21,
      16
    ],
    [
      16,
      21,
      22
    ],
    [
      16,
      22,
      17
    ],
    [
      17,
      22,
      23
    ]
  ],
  "uvs": [
    [
      0.472656,
      0.407715
    ],
    [
      0.483887,
      0.407715
    ],
    [
      0.495117,
      0.407715
    ],
    [
      0.506348,
      0.407715
    ],
    [
      0.517578,
      0.407715
    ],
    [
      0.528809,
      0.407715
    ],
    [
      0.472656,
      0.414062
    ],
    [
      0.483887,
      0.414062
    ],
    [
      0.495117,
      0.414062
    ],
    [
      0.506348,
      0.414062
    ],
    [
      0.517578,
      0.414062
    ],
    [
      0.528809,
      0.414062
    ],
    [
      0.472656,
      0.42041
    ],
    [
      0.483887,
      0.42041
    ],
    [
      0.495117,
      0.42041
    ],
    [
      0.506348,
      0.42041
    ],
    [
      0.517578,
      0.42041
    ],
    [
      0.528809,
      0.42041
    ],
    [
      0.472656,
      0.426758
    ],
    [
      0.483887,
      0.426758
    ],
    [
      0.495117,
      0.426758
    ],
    [
      0.506348,
      0.426758
    ],
    [
      0.517578,
      0.426758
    ],
    [
      0.528809,
      0.426758
    ]
  ],
  "boundary_vertex_ids": [
    0,
    1,
    2,
    3,
    4,
    5,
    6,
    11,
    12,
    17,
    18,
    19,
    20,
    21,
    22,
    23
  ],
  "mesh_strategy": {
    "kind": "dedicated_v1_bbox_grid",
    "cols": 5,
    "rows": 3
  },
  "mesh_path": "meshes/mouth_half_inner.json"
}
