{
  "part_id": "mouth_corner_L",
  "vertices": [
    [
      1075.0,
      830.0
    ],
    [
      1083.2,
      830.0
    ],
    [
      1091.4,
      830.0
    ],
    [
      1099.6,
      830.0
    ],
    [
      1107.8,
      830.0
    ],
    [
      1116.0,
      830.0
    ],
    [
      1075.0,
      837.0
    ],
    [
      1083.2,
      837.0
    ],
    [
      1091.4,
      837.0
    ],
    [
      1099.6,
      837.0
    ],
    [
      1107.8,
      837.0
    ],
    [
      1116.0,
      837.0
    ],
    [
      1075.0,
      844.0
    ],
    [
      1083.2,
      844.0
    ],
    [
      1091.4,
      844.0
    ],
    [
      1099.6,
      844.0
    ],
    [
      1107.8,
      844.0
    ],
    [
      1116.0,
      844.0
    ],
    [
      1075.0,
      851.0
    ],
    [
      1083.2,
      851.0
    ],
    [
      1091.4,
      851.0
    ],
    [
      1099.6,
      851.0
    ],
    [
      1107.8,
      851.0
    ],
    [
      1116.0,
      851.0
    ]
  ],
  "triangles": [
    [
      0,
      6,
      1
    ],
    [
      1,
      6,
      7
    ],
    [
      1,
      7,
      2
    ],
    [
      2,
      7,
      8
    ],
    [
      2,
      8,
      3
    ],
    [
      3,
      8,
      9
    ],
    [
      3,
      9,
      4
    ],
    [
      4,
      9,
      10
    ],
    [
      4,
      10,
      5
    ],
    [
      5,
      10,
      11
    ],
    [
      6,
      12,
      7
    ],
    [
      7,
      12,
      13
    ],
    [
      7,
      13,
      8
    ],
    [
      8,
      13,
      14
    ],
    [
      8,
      14,
      9
    ],
    [
      9,
      14,
      15
    ],
    [
      9,
      15,
      10
    ],
    [
      10,
      15,
      16
    ],
    [
      10,
      16,
      11
    ],
    [
      11,
      16,
      17
    ],
    [
      12,
      18,
      13
    ],
    [
      13,
      18,
      19
    ],
    [
      13,
      19,
      14
    ],
    [
      14,
      19,
      20
    ],
    [
      14,
      20,
      15
    ],
    [
      15,
      20,
      21
    ],
    [
      15,
      21,
      16
    ],
    [
      16,
      21,
      22
    ],
    [
      16,
      22,
      17
    ],
    [
      17,
      22,
      23
    ]
  ],
  "uvs": [
    [
      0.524902,
      0.405273
    ],
    [
      0.528906,
      0.405273
    ],
    [
      0.53291,
      0.405273
    ],
    [
      0.536914,
      0.405273
    ],
    [
      0.540918,
      0.405273
    ],
    [
      0.544922,
      0.405273
    ],
    [
      0.524902,
      0.408691
    ],
    [
      0.528906,
      0.408691
    ],
    [
      0.53291,
      0.408691
    ],
    [
      0.536914,
      0.408691
    ],
    [
      0.540918,
      0.408691
    ],
    [
      0.544922,
      0.408691
    ],
    [
      0.524902,
      0.412109
    ],
    [
      0.528906,
      0.412109
    ],
    [
      0.53291,
      0.412109
    ],
    [
      0.536914,
      0.412109
    ],
    [
      0.540918,
      0.412109
    ],
    [
      0.544922,
      0.412109
    ],
    [
      0.524902,
      0.415527
    ],
    [
      0.528906,
      0.415527
    ],
    [
      0.53291,
      0.415527
    ],
    [
      0.536914,
      0.415527
    ],
    [
      0.540918,
      0.415527
    ],
    [
      0.544922,
      0.415527
    ]
  ],
  "boundary_vertex_ids": [
    0,
    1,
    2,
    3,
    4,
    5,
    6,
    11,
    12,
    17,
    18,
    19,
    20,
    21,
    22,
    23
  ],
  "mesh_strategy": {
    "kind": "dedicated_v1_bbox_grid",
    "cols": 5,
    "rows": 3
  },
  "mesh_path": "meshes/mouth_corner_L.json"
}
