{
  "part_id": "mouth_half_outer",
  "vertices": [
    [
      936.0,
      817.0
    ],
    [
      971.8,
      817.0
    ],
    [
      1007.6,
      817.0
    ],
    [
      1043.4,
      817.0
    ],
    [
      1079.2,
      817.0
    ],
    [
      1115.0,
      817.0
    ],
    [
      936.0,
      839.667
    ],
    [
      971.8,
      839.667
    ],
    [
      1007.6,
      839.667
    ],
    [
      1043.4,
      839.667
    ],
    [
      1079.2,
      839.667
    ],
    [
      1115.0,
      839.667
    ],
    [
      936.0,
      862.333
    ],
    [
      971.8,
      862.333
    ],
    [
      1007.6,
      862.333
    ],
    [
      1043.4,
      862.333
    ],
    [
      1079.2,
      862.333
    ],
    [
      1115.0,
      862.333
    ],
    [
      936.0,
      885.0
    ],
    [
      971.8,
      885.0
    ],
    [
      1007.6,
      885.0
    ],
    [
      1043.4,
      885.0
    ],
    [
      1079.2,
      885.0
    ],
    [
      1115.0,
      885.0
    ]
  ],
  "triangles": [
    [
      0,
      6,
      1
    ],
    [
      1,
      6,
      7
    ],
    [
      1,
      7,
      2
    ],
    [
      2,
      7,
      8
    ],
    [
      2,
      8,
      3
    ],
    [
      3,
      8,
      9
    ],
    [
      3,
      9,
      4
    ],
    [
      4,
      9,
      10
    ],
    [
      4,
      10,
      5
    ],
    [
      5,
      10,
      11
    ],
    [
      6,
      12,
      7
    ],
    [
      7,
      12,
      13
    ],
    [
      7,
      13,
      8
    ],
    [
      8,
      13,
      14
    ],
    [
      8,
      14,
      9
    ],
    [
      9,
      14,
      15
    ],
    [
      9,
      15,
      10
    ],
    [
      10,
      15,
      16
    ],
    [
      10,
      16,
      11
    ],
    [
      11,
      16,
      17
    ],
    [
      12,
      18,
      13
    ],
    [
      13,
      18,
      19
    ],
    [
      13,
      19,
      14
    ],
    [
      14,
      19,
      20
    ],
    [
      14,
      20,
      15
    ],
    [
      15,
      20,
      21
    ],
    [
      15,
      21,
      16
    ],
    [
      16,
      21,
      22
    ],
    [
      16,
      22,
      17
    ],
    [
      17,
      22,
      23
    ]
  ],
  "uvs": [
    [
      0.457031,
      0.398926
    ],
    [
      0.474512,
      0.398926
    ],
    [
      0.491992,
      0.398926
    ],
    [
      0.509473,
      0.398926
    ],
    [
      0.526953,
      0.398926
    ],
    [
      0.544434,
      0.398926
    ],
    [
      0.457031,
      0.409993
    ],
    [
      0.474512,
      0.409993
    ],
    [
      0.491992,
      0.409993
    ],
    [
      0.509473,
      0.409993
    ],
    [
      0.526953,
      0.409993
    ],
    [
      0.544434,
      0.409993
    ],
    [
      0.457031,
      0.421061
    ],
    [
      0.474512,
      0.421061
    ],
    [
      0.491992,
      0.421061
    ],
    [
      0.509473,
      0.421061
    ],
    [
      0.526953,
      0.421061
    ],
    [
      0.544434,
      0.421061
    ],
    [
      0.457031,
      0.432129
    ],
    [
      0.474512,
      0.432129
    ],
    [
      0.491992,
      0.432129
    ],
    [
      0.509473,
      0.432129
    ],
    [
      0.526953,
      0.432129
    ],
    [
      0.544434,
      0.432129
    ]
  ],
  "boundary_vertex_ids": [
    0,
    1,
    2,
    3,
    4,
    5,
    6,
    11,
    12,
    17,
    18,
    19,
    20,
    21,
    22,
    23
  ],
  "mesh_strategy": {
    "kind": "dedicated_v1_bbox_grid",
    "cols": 5,
    "rows": 3
  },
  "mesh_path": "meshes/mouth_half_outer.json"
}
