{
  "part_id": "mouth_shadow",
  "vertices": [
    [
      950.0,
      842.0
    ],
    [
      980.2,
      842.0
    ],
    [
      1010.4,
      842.0
    ],
    [
      1040.6,
      842.0
    ],
    [
      1070.8,
      842.0
    ],
    [
      1101.0,
      842.0
    ],
    [
      950.0,
      865.667
    ],
    [
      980.2,
      865.667
    ],
    [
      1010.4,
      865.667
    ],
    [
      1040.6,
      865.667
    ],
    [
      1070.8,
      865.667
    ],
    [
      1101.0,
      865.667
    ],
    [
      950.0,
      889.333
    ],
    [
      980.2,
      889.333
    ],
    [
      1010.4,
      889.333
    ],
    [
      1040.6,
      889.333
    ],
    [
      1070.8,
      889.333
    ],
    [
      1101.0,
      889.333
    ],
    [
      950.0,
      913.0
    ],
    [
      980.2,
      913.0
    ],
    [
      1010.4,
      913.0
    ],
    [
      1040.6,
      913.0
    ],
    [
      1070.8,
      913.0
    ],
    [
      1101.0,
      913.0
    ]
  ],
  "triangles": [
    [
      0,
      6,
      1
    ],
    [
      1,
      6,
      7
    ],
    [
      1,
      7,
      2
    ],
    [
      2,
      7,
      8
    ],
    [
      2,
      8,
      3
    ],
    [
      3,
      8,
      9
    ],
    [
      3,
      9,
      4
    ],
    [
      4,
      9,
      10
    ],
    [
      4,
      10,
      5
    ],
    [
      5,
      10,
      11
    ],
    [
      6,
      12,
      7
    ],
    [
      7,
      12,
      13
    ],
    [
      7,
      13,
      8
    ],
    [
      8,
      13,
      14
    ],
    [
      8,
      14,
      9
    ],
    [
      9,
      14,
      15
    ],
    [
      9,
      15,
      10
    ],
    [
      10,
      15,
      16
    ],
    [
      10,
      16,
      11
    ],
    [
      11,
      16,
      17
    ],
    [
      12,
      18,
      13
    ],
    [
      13,
      18,
      19
    ],
    [
      13,
      19,
      14
    ],
    [
      14,
      19,
      20
    ],
    [
      14,
      20,
      15
    ],
    [
      15,
      20,
      21
    ],
    [
      15,
      21,
      16
    ],
    [
      16,
      21,
      22
    ],
    [
      16,
      22,
      17
    ],
    [
      17,
      22,
      23
    ]
  ],
  "uvs": [
    [
      0.463867,
      0.411133
    ],
    [
      0.478613,
      0.411133
    ],
    [
      0.493359,
      0.411133
    ],
    [
      0.508105,
      0.411133
    ],
    [
      0.522852,
      0.411133
    ],
    [
      0.537598,
      0.411133
    ],
    [
      0.463867,
      0.422689
    ],
    [
      0.478613,
      0.422689
    ],
    [
      0.493359,
      0.422689
    ],
    [
      0.508105,
      0.422689
    ],
    [
      0.522852,
      0.422689
    ],
    [
      0.537598,
      0.422689
    ],
    [
      0.463867,
      0.434245
    ],
    [
      0.478613,
      0.434245
    ],
    [
      0.493359,
      0.434245
    ],
    [
      0.508105,
      0.434245
    ],
    [
      0.522852,
      0.434245
    ],
    [
      0.537598,
      0.434245
    ],
    [
      0.463867,
      0.445801
    ],
    [
      0.478613,
      0.445801
    ],
    [
      0.493359,
      0.445801
    ],
    [
      0.508105,
      0.445801
    ],
    [
      0.522852,
      0.445801
    ],
    [
      0.537598,
      0.445801
    ]
  ],
  "boundary_vertex_ids": [
    0,
    1,
    2,
    3,
    4,
    5,
    6,
    11,
    12,
    17,
    18,
    19,
    20,
    21,
    22,
    23
  ],
  "mesh_strategy": {
    "kind": "dedicated_v1_bbox_grid",
    "cols": 5,
    "rows": 3
  },
  "mesh_path": "meshes/mouth_shadow.json"
}
