{
  "part_id": "mouth_open_outer",
  "vertices": [
    [
      922.0,
      802.0
    ],
    [
      963.4,
      802.0
    ],
    [
      1004.8,
      802.0
    ],
    [
      1046.2,
      802.0
    ],
    [
      1087.6,
      802.0
    ],
    [
      1129.0,
      802.0
    ],
    [
      922.0,
      845.0
    ],
    [
      963.4,
      845.0
    ],
    [
      1004.8,
      845.0
    ],
    [
      1046.2,
      845.0
    ],
    [
      1087.6,
      845.0
    ],
    [
      1129.0,
      845.0
    ],
    [
      922.0,
      888.0
    ],
    [
      963.4,
      888.0
    ],
    [
      1004.8,
      888.0
    ],
    [
      1046.2,
      888.0
    ],
    [
      1087.6,
      888.0
    ],
    [
      1129.0,
      888.0
    ],
    [
      922.0,
      931.0
    ],
    [
      963.4,
      931.0
    ],
    [
      1004.8,
      931.0
    ],
    [
      1046.2,
      931.0
    ],
    [
      1087.6,
      931.0
    ],
    [
      1129.0,
      931.0
    ]
  ],
  "triangles": [
    [
      0,
      6,
      1
    ],
    [
      1,
      6,
      7
    ],
    [
      1,
      7,
      2
    ],
    [
      2,
      7,
      8
    ],
    [
      2,
      8,
      3
    ],
    [
      3,
      8,
      9
    ],
    [
      3,
      9,
      4
    ],
    [
      4,
      9,
      10
    ],
    [
      4,
      10,
      5
    ],
    [
      5,
      10,
      11
    ],
    [
      6,
      12,
      7
    ],
    [
      7,
      12,
      13
    ],
    [
      7,
      13,
      8
    ],
    [
      8,
      13,
      14
    ],
    [
      8,
      14,
      9
    ],
    [
      9,
      14,
      15
    ],
    [
      9,
      15,
      10
    ],
    [
      10,
      15,
      16
    ],
    [
      10,
      16,
      11
    ],
    [
      11,
      16,
      17
    ],
    [
      12,
      18,
      13
    ],
    [
      13,
      18,
      19
    ],
    [
      13,
      19,
      14
    ],
    [
      14,
      19,
      20
    ],
    [
      14,
      20,
      15
    ],
    [
      15,
      20,
      21
    ],
    [
      15,
      21,
      16
    ],
    [
      16,
      21,
      22
    ],
    [
      16,
      22,
      17
    ],
    [
      17,
      22,
      23
    ]
  ],
  "uvs": [
    [
      0.450195,
      0.391602
    ],
    [
      0.47041,
      0.391602
    ],
    [
      0.490625,
      0.391602
    ],
    [
      0.51084,
      0.391602
    ],
    [
      0.531055,
      0.391602
    ],
    [
      0.55127,
      0.391602
    ],
    [
      0.450195,
      0.412598
    ],
    [
      0.47041,
      0.412598
    ],
    [
      0.490625,
      0.412598
    ],
    [
      0.51084,
      0.412598
    ],
    [
      0.531055,
      0.412598
    ],
    [
      0.55127,
      0.412598
    ],
    [
      0.450195,
      0.433594
    ],
    [
      0.47041,
      0.433594
    ],
    [
      0.490625,
      0.433594
    ],
    [
      0.51084,
      0.433594
    ],
    [
      0.531055,
      0.433594
    ],
    [
      0.55127,
      0.433594
    ],
    [
      0.450195,
      0.45459
    ],
    [
      0.47041,
      0.45459
    ],
    [
      0.490625,
      0.45459
    ],
    [
      0.51084,
      0.45459
    ],
    [
      0.531055,
      0.45459
    ],
    [
      0.55127,
      0.45459
    ]
  ],
  "boundary_vertex_ids": [
    0,
    1,
    2,
    3,
    4,
    5,
    6,
    11,
    12,
    17,
    18,
    19,
    20,
    21,
    22,
    23
  ],
  "mesh_strategy": {
    "kind": "dedicated_v1_bbox_grid",
    "cols": 5,
    "rows": 3
  },
  "mesh_path": "meshes/mouth_open_outer.json"
}
