{
  "part_id": "mouth_tongue",
  "vertices": [
    [
      980.0,
      868.0
    ],
    [
      998.6,
      868.0
    ],
    [
      1017.2,
      868.0
    ],
    [
      1035.8,
      868.0
    ],
    [
      1054.4,
      868.0
    ],
    [
      1073.0,
      868.0
    ],
    [
      980.0,
      880.333
    ],
    [
      998.6,
      880.333
    ],
    [
      1017.2,
      880.333
    ],
    [
      1035.8,
      880.333
    ],
    [
      1054.4,
      880.333
    ],
    [
      1073.0,
      880.333
    ],
    [
      980.0,
      892.667
    ],
    [
      998.6,
      892.667
    ],
    [
      1017.2,
      892.667
    ],
    [
      1035.8,
      892.667
    ],
    [
      1054.4,
      892.667
    ],
    [
      1073.0,
      892.667
    ],
    [
      980.0,
      905.0
    ],
    [
      998.6,
      905.0
    ],
    [
      1017.2,
      905.0
    ],
    [
      1035.8,
      905.0
    ],
    [
      1054.4,
      905.0
    ],
    [
      1073.0,
      905.0
    ]
  ],
  "triangles": [
    [
      0,
      6,
      1
    ],
    [
      1,
      6,
      7
    ],
    [
      1,
      7,
      2
    ],
    [
      2,
      7,
      8
    ],
    [
      2,
      8,
      3
    ],
    [
      3,
      8,
      9
    ],
    [
      3,
      9,
      4
    ],
    [
      4,
      9,
      10
    ],
    [
      4,
      10,
      5
    ],
    [
      5,
      10,
      11
    ],
    [
      6,
      12,
      7
    ],
    [
      7,
      12,
      13
    ],
    [
      7,
      13,
      8
    ],
    [
      8,
      13,
      14
    ],
    [
      8,
      14,
      9
    ],
    [
      9,
      14,
      15
    ],
    [
      9,
      15,
      10
    ],
    [
      10,
      15,
      16
    ],
    [
      10,
      16,
      11
    ],
    [
      11,
      16,
      17
    ],
    [
      12,
      18,
      13
    ],
    [
      13,
      18,
      19
    ],
    [
      13,
      19,
      14
    ],
    [
      14,
      19,
      20
    ],
    [
      14,
      20,
      15
    ],
    [
      15,
      20,
      21
    ],
    [
      15,
      21,
      16
    ],
    [
      16,
      21,
      22
    ],
    [
      16,
      22,
      17
    ],
    [
      17,
      22,
      23
    ]
  ],
  "uvs": [
    [
      0.478516,
      0.423828
    ],
    [
      0.487598,
      0.423828
    ],
    [
      0.49668,
      0.423828
    ],
    [
      0.505762,
      0.423828
    ],
    [
      0.514844,
      0.423828
    ],
    [
      0.523926,
      0.423828
    ],
    [
      0.478516,
      0.42985
    ],
    [
      0.487598,
      0.42985
    ],
    [
      0.49668,
      0.42985
    ],
    [
      0.505762,
      0.42985
    ],
    [
      0.514844,
      0.42985
    ],
    [
      0.523926,
      0.42985
    ],
    [
      0.478516,
      0.435872
    ],
    [
      0.487598,
      0.435872
    ],
    [
      0.49668,
      0.435872
    ],
    [
      0.505762,
      0.435872
    ],
    [
      0.514844,
      0.435872
    ],
    [
      0.523926,
      0.435872
    ],
    [
      0.478516,
      0.441895
    ],
    [
      0.487598,
      0.441895
    ],
    [
      0.49668,
      0.441895
    ],
    [
      0.505762,
      0.441895
    ],
    [
      0.514844,
      0.441895
    ],
    [
      0.523926,
      0.441895
    ]
  ],
  "boundary_vertex_ids": [
    0,
    1,
    2,
    3,
    4,
    5,
    6,
    11,
    12,
    17,
    18,
    19,
    20,
    21,
    22,
    23
  ],
  "mesh_strategy": {
    "kind": "dedicated_v1_bbox_grid",
    "cols": 5,
    "rows": 3
  },
  "mesh_path": "meshes/mouth_tongue.json"
}
