{
  "part_id": "upper_lid_L",
  "vertices": [
    [
      1044.0,
      592.0
    ],
    [
      1089.8,
      592.0
    ],
    [
      1135.6,
      592.0
    ],
    [
      1181.4,
      592.0
    ],
    [
      1227.2,
      592.0
    ],
    [
      1273.0,
      592.0
    ],
    [
      1044.0,
      613.0
    ],
    [
      1089.8,
      613.0
    ],
    [
      1135.6,
      613.0
    ],
    [
      1181.4,
      613.0
    ],
    [
      1227.2,
      613.0
    ],
    [
      1273.0,
      613.0
    ],
    [
      1044.0,
      634.0
    ],
    [
      1089.8,
      634.0
    ],
    [
      1135.6,
      634.0
    ],
    [
      1181.4,
      634.0
    ],
    [
      1227.2,
      634.0
    ],
    [
      1273.0,
      634.0
    ],
    [
      1044.0,
      655.0
    ],
    [
      1089.8,
      655.0
    ],
    [
      1135.6,
      655.0
    ],
    [
      1181.4,
      655.0
    ],
    [
      1227.2,
      655.0
    ],
    [
      1273.0,
      655.0
    ]
  ],
  "triangles": [
    [
      0,
      6,
      1
    ],
    [
      1,
      6,
      7
    ],
    [
      1,
      7,
      2
    ],
    [
      2,
      7,
      8
    ],
    [
      2,
      8,
      3
    ],
    [
      3,
      8,
      9
    ],
    [
      3,
      9,
      4
    ],
    [
      4,
      9,
      10
    ],
    [
      4,
      10,
      5
    ],
    [
      5,
      10,
      11
    ],
    [
      6,
      12,
      7
    ],
    [
      7,
      12,
      13
    ],
    [
      7,
      13,
      8
    ],
    [
      8,
      13,
      14
    ],
    [
      8,
      14,
      9
    ],
    [
      9,
      14,
      15
    ],
    [
      9,
      15,
      10
    ],
    [
      10,
      15,
      16
    ],
    [
      10,
      16,
      11
    ],
    [
      11,
      16,
      17
    ],
    [
      12,
      18,
      13
    ],
    [
      13,
      18,
      19
    ],
    [
      13,
      19,
      14
    ],
    [
      14,
      19,
      20
    ],
    [
      14,
      20,
      15
    ],
    [
      15,
      20,
      21
    ],
    [
      15,
      21,
      16
    ],
    [
      16,
      21,
      22
    ],
    [
      16,
      22,
      17
    ],
    [
      17,
      22,
      23
    ]
  ],
  "uvs": [
    [
      0.509766,
      0.289062
    ],
    [
      0.532129,
      0.289062
    ],
    [
      0.554492,
      0.289062
    ],
    [
      0.576855,
      0.289062
    ],
    [
      0.599219,
      0.289062
    ],
    [
      0.621582,
      0.289062
    ],
    [
      0.509766,
      0.299316
    ],
    [
      0.532129,
      0.299316
    ],
    [
      0.554492,
      0.299316
    ],
    [
      0.576855,
      0.299316
    ],
    [
      0.599219,
      0.299316
    ],
    [
      0.621582,
      0.299316
    ],
    [
      0.509766,
      0.30957
    ],
    [
      0.532129,
      0.30957
    ],
    [
      0.554492,
      0.30957
    ],
    [
      0.576855,
      0.30957
    ],
    [
      0.599219,
      0.30957
    ],
    [
      0.621582,
      0.30957
    ],
    [
      0.509766,
      0.319824
    ],
    [
      0.532129,
      0.319824
    ],
    [
      0.554492,
      0.319824
    ],
    [
      0.576855,
      0.319824
    ],
    [
      0.599219,
      0.319824
    ],
    [
      0.621582,
      0.319824
    ]
  ],
  "boundary_vertex_ids": [
    0,
    1,
    2,
    3,
    4,
    5,
    6,
    11,
    12,
    17,
    18,
    19,
    20,
    21,
    22,
    23
  ],
  "mesh_strategy": {
    "kind": "dedicated_v1_bbox_grid",
    "cols": 5,
    "rows": 3
  },
  "mesh_path": "meshes/upper_lid_L.json"
}
