{
  "part_id": "upper_lid_R",
  "vertices": [
    [
      772.0,
      592.0
    ],
    [
      817.8,
      592.0
    ],
    [
      863.6,
      592.0
    ],
    [
      909.4,
      592.0
    ],
    [
      955.2,
      592.0
    ],
    [
      1001.0,
      592.0
    ],
    [
      772.0,
      612.667
    ],
    [
      817.8,
      612.667
    ],
    [
      863.6,
      612.667
    ],
    [
      909.4,
      612.667
    ],
    [
      955.2,
      612.667
    ],
    [
      1001.0,
      612.667
    ],
    [
      772.0,
      633.333
    ],
    [
      817.8,
      633.333
    ],
    [
      863.6,
      633.333
    ],
    [
      909.4,
      633.333
    ],
    [
      955.2,
      633.333
    ],
    [
      1001.0,
      633.333
    ],
    [
      772.0,
      654.0
    ],
    [
      817.8,
      654.0
    ],
    [
      863.6,
      654.0
    ],
    [
      909.4,
      654.0
    ],
    [
      955.2,
      654.0
    ],
    [
      1001.0,
      654.0
    ]
  ],
  "triangles": [
    [
      0,
      6,
      1
    ],
    [
      1,
      6,
      7
    ],
    [
      1,
      7,
      2
    ],
    [
      2,
      7,
      8
    ],
    [
      2,
      8,
      3
    ],
    [
      3,
      8,
      9
    ],
    [
      3,
      9,
      4
    ],
    [
      4,
      9,
      10
    ],
    [
      4,
      10,
      5
    ],
    [
      5,
      10,
      11
    ],
    [
      6,
      12,
      7
    ],
    [
      7,
      12,
      13
    ],
    [
      7,
      13,
      8
    ],
    [
      8,
      13,
      14
    ],
    [
      8,
      14,
      9
    ],
    [
      9,
      14,
      15
    ],
    [
      9,
      15,
      10
    ],
    [
      10,
      15,
      16
    ],
    [
      10,
      16,
      11
    ],
    [
      11,
      16,
      17
    ],
    [
      12,
      18,
      13
    ],
    [
      13,
      18,
      19
    ],
    [
      13,
      19,
      14
    ],
    [
      14,
      19,
      20
    ],
    [
      14,
      20,
      15
    ],
    [
      15,
      20,
      21
    ],
    [
      15,
      21,
      16
    ],
    [
      16,
      21,
      22
    ],
    [
      16,
      22,
      17
    ],
    [
      17,
      22,
      23
    ]
  ],
  "uvs": [
    [
      0.376953,
      0.289062
    ],
    [
      0.399316,
      0.289062
    ],
    [
      0.42168,
      0.289062
    ],
    [
      0.444043,
      0.289062
    ],
    [
      0.466406,
      0.289062
    ],
    [
      0.48877,
      0.289062
    ],
    [
      0.376953,
      0.299154
    ],
    [
      0.399316,
      0.299154
    ],
    [
      0.42168,
      0.299154
    ],
    [
      0.444043,
      0.299154
    ],
    [
      0.466406,
      0.299154
    ],
    [
      0.48877,
      0.299154
    ],
    [
      0.376953,
      0.309245
    ],
    [
      0.399316,
      0.309245
    ],
    [
      0.42168,
      0.309245
    ],
    [
      0.444043,
      0.309245
    ],
    [
      0.466406,
      0.309245
    ],
    [
      0.48877,
      0.309245
    ],
    [
      0.376953,
      0.319336
    ],
    [
      0.399316,
      0.319336
    ],
    [
      0.42168,
      0.319336
    ],
    [
      0.444043,
      0.319336
    ],
    [
      0.466406,
      0.319336
    ],
    [
      0.48877,
      0.319336
    ]
  ],
  "boundary_vertex_ids": [
    0,
    1,
    2,
    3,
    4,
    5,
    6,
    11,
    12,
    17,
    18,
    19,
    20,
    21,
    22,
    23
  ],
  "mesh_strategy": {
    "kind": "dedicated_v1_bbox_grid",
    "cols": 5,
    "rows": 3
  },
  "mesh_path": "meshes/upper_lid_R.json"
}
