{
  "part_id": "eye_R_lower_lash",
  "vertices": [
    [
      1073.0,
      748.0
    ],
    [
      1108.0,
      748.0
    ],
    [
      1143.0,
      748.0
    ],
    [
      1178.0,
      748.0
    ],
    [
      1213.0,
      748.0
    ],
    [
      1073.0,
      763.0
    ],
    [
      1108.0,
      763.0
    ],
    [
      1143.0,
      763.0
    ],
    [
      1178.0,
      763.0
    ],
    [
      1213.0,
      763.0
    ],
    [
      1073.0,
      778.0
    ],
    [
      1108.0,
      778.0
    ],
    [
      1143.0,
      778.0
    ],
    [
      1178.0,
      778.0
    ],
    [
      1213.0,
      778.0
    ],
    [
      1073.0,
      793.0
    ],
    [
      1108.0,
      793.0
    ],
    [
      1143.0,
      793.0
    ],
    [
      1178.0,
      793.0
    ],
    [
      1213.0,
      793.0
    ]
  ],
  "triangles": [
    [
      0,
      5,
      1
    ],
    [
      1,
      5,
      6
    ],
    [
      1,
      6,
      2
    ],
    [
      2,
      6,
      7
    ],
    [
      2,
      7,
      3
    ],
    [
      3,
      7,
      8
    ],
    [
      3,
      8,
      4
    ],
    [
      4,
      8,
      9
    ],
    [
      5,
      10,
      6
    ],
    [
      6,
      10,
      11
    ],
    [
      6,
      11,
      7
    ],
    [
      7,
      11,
      12
    ],
    [
      7,
      12,
      8
    ],
    [
      8,
      12,
      13
    ],
    [
      8,
      13,
      9
    ],
    [
      9,
      13,
      14
    ],
    [
      10,
      15,
      11
    ],
    [
      11,
      15,
      16
    ],
    [
      11,
      16,
      12
    ],
    [
      12,
      16,
      17
    ],
    [
      12,
      17,
      13
    ],
    [
      13,
      17,
      18
    ],
    [
      13,
      18,
      14
    ],
    [
      14,
      18,
      19
    ]
  ],
  "uvs": [
    [
      0.523926,
      0.365234
    ],
    [
      0.541016,
      0.365234
    ],
    [
      0.558105,
      0.365234
    ],
    [
      0.575195,
      0.365234
    ],
    [
      0.592285,
      0.365234
    ],
    [
      0.523926,
      0.372559
    ],
    [
      0.541016,
      0.372559
    ],
    [
      0.558105,
      0.372559
    ],
    [
      0.575195,
      0.372559
    ],
    [
      0.592285,
      0.372559
    ],
    [
      0.523926,
      0.379883
    ],
    [
      0.541016,
      0.379883
    ],
    [
      0.558105,
      0.379883
    ],
    [
      0.575195,
      0.379883
    ],
    [
      0.592285,
      0.379883
    ],
    [
      0.523926,
      0.387207
    ],
    [
      0.541016,
      0.387207
    ],
    [
      0.558105,
      0.387207
    ],
    [
      0.575195,
      0.387207
    ],
    [
      0.592285,
      0.387207
    ]
  ],
  "boundary_vertex_ids": [
    0,
    1,
    2,
    3,
    4,
    5,
    9,
    10,
    14,
    15,
    16,
    17,
    18,
    19
  ],
  "mesh_strategy": {
    "kind": "material_pack_alpha_bbox_grid",
    "cols": 4,
    "rows": 3,
    "note": "Mini Cubism preview mesh only; not final Cubism ArtMesh quality."
  },
  "mesh_path": "meshes/eye_R_lower_lash.json"
}
