{
  "part_id": "eye_L_white",
  "vertices": [
    [
      846.0,
      674.0
    ],
    [
      883.25,
      674.0
    ],
    [
      920.5,
      674.0
    ],
    [
      957.75,
      674.0
    ],
    [
      995.0,
      674.0
    ],
    [
      846.0,
      705.333
    ],
    [
      883.25,
      705.333
    ],
    [
      920.5,
      705.333
    ],
    [
      957.75,
      705.333
    ],
    [
      995.0,
      705.333
    ],
    [
      846.0,
      736.667
    ],
    [
      883.25,
      736.667
    ],
    [
      920.5,
      736.667
    ],
    [
      957.75,
      736.667
    ],
    [
      995.0,
      736.667
    ],
    [
      846.0,
      768.0
    ],
    [
      883.25,
      768.0
    ],
    [
      920.5,
      768.0
    ],
    [
      957.75,
      768.0
    ],
    [
      995.0,
      768.0
    ]
  ],
  "triangles": [
    [
      0,
      5,
      1
    ],
    [
      1,
      5,
      6
    ],
    [
      1,
      6,
      2
    ],
    [
      2,
      6,
      7
    ],
    [
      2,
      7,
      3
    ],
    [
      3,
      7,
      8
    ],
    [
      3,
      8,
      4
    ],
    [
      4,
      8,
      9
    ],
    [
      5,
      10,
      6
    ],
    [
      6,
      10,
      11
    ],
    [
      6,
      11,
      7
    ],
    [
      7,
      11,
      12
    ],
    [
      7,
      12,
      8
    ],
    [
      8,
      12,
      13
    ],
    [
      8,
      13,
      9
    ],
    [
      9,
      13,
      14
    ],
    [
      10,
      15,
      11
    ],
    [
      11,
      15,
      16
    ],
    [
      11,
      16,
      12
    ],
    [
      12,
      16,
      17
    ],
    [
      12,
      17,
      13
    ],
    [
      13,
      17,
      18
    ],
    [
      13,
      18,
      14
    ],
    [
      14,
      18,
      19
    ]
  ],
  "uvs": [
    [
      0.413086,
      0.329102
    ],
    [
      0.431274,
      0.329102
    ],
    [
      0.449463,
      0.329102
    ],
    [
      0.467651,
      0.329102
    ],
    [
      0.48584,
      0.329102
    ],
    [
      0.413086,
      0.344401
    ],
    [
      0.431274,
      0.344401
    ],
    [
      0.449463,
      0.344401
    ],
    [
      0.467651,
      0.344401
    ],
    [
      0.48584,
      0.344401
    ],
    [
      0.413086,
      0.359701
    ],
    [
      0.431274,
      0.359701
    ],
    [
      0.449463,
      0.359701
    ],
    [
      0.467651,
      0.359701
    ],
    [
      0.48584,
      0.359701
    ],
    [
      0.413086,
      0.375
    ],
    [
      0.431274,
      0.375
    ],
    [
      0.449463,
      0.375
    ],
    [
      0.467651,
      0.375
    ],
    [
      0.48584,
      0.375
    ]
  ],
  "boundary_vertex_ids": [
    0,
    1,
    2,
    3,
    4,
    5,
    9,
    10,
    14,
    15,
    16,
    17,
    18,
    19
  ],
  "mesh_strategy": {
    "kind": "material_pack_alpha_bbox_grid",
    "cols": 4,
    "rows": 3,
    "note": "Mini Cubism preview mesh only; not final Cubism ArtMesh quality."
  },
  "mesh_path": "meshes/eye_L_white.json"
}
