{
  "part_id": "eye_L_underpaint",
  "vertices": [
    [
      871.0,
      819.0
    ],
    [
      905.5,
      819.0
    ],
    [
      940.0,
      819.0
    ],
    [
      974.5,
      819.0
    ],
    [
      1009.0,
      819.0
    ],
    [
      871.0,
      842.333
    ],
    [
      905.5,
      842.333
    ],
    [
      940.0,
      842.333
    ],
    [
      974.5,
      842.333
    ],
    [
      1009.0,
      842.333
    ],
    [
      871.0,
      865.667
    ],
    [
      905.5,
      865.667
    ],
    [
      940.0,
      865.667
    ],
    [
      974.5,
      865.667
    ],
    [
      1009.0,
      865.667
    ],
    [
      871.0,
      889.0
    ],
    [
      905.5,
      889.0
    ],
    [
      940.0,
      889.0
    ],
    [
      974.5,
      889.0
    ],
    [
      1009.0,
      889.0
    ]
  ],
  "triangles": [
    [
      0,
      5,
      1
    ],
    [
      1,
      5,
      6
    ],
    [
      1,
      6,
      2
    ],
    [
      2,
      6,
      7
    ],
    [
      2,
      7,
      3
    ],
    [
      3,
      7,
      8
    ],
    [
      3,
      8,
      4
    ],
    [
      4,
      8,
      9
    ],
    [
      5,
      10,
      6
    ],
    [
      6,
      10,
      11
    ],
    [
      6,
      11,
      7
    ],
    [
      7,
      11,
      12
    ],
    [
      7,
      12,
      8
    ],
    [
      8,
      12,
      13
    ],
    [
      8,
      13,
      9
    ],
    [
      9,
      13,
      14
    ],
    [
      10,
      15,
      11
    ],
    [
      11,
      15,
      16
    ],
    [
      11,
      16,
      12
    ],
    [
      12,
      16,
      17
    ],
    [
      12,
      17,
      13
    ],
    [
      13,
      17,
      18
    ],
    [
      13,
      18,
      14
    ],
    [
      14,
      18,
      19
    ]
  ],
  "uvs": [
    [
      0.425293,
      0.399902
    ],
    [
      0.442139,
      0.399902
    ],
    [
      0.458984,
      0.399902
    ],
    [
      0.47583,
      0.399902
    ],
    [
      0.492676,
      0.399902
    ],
    [
      0.425293,
      0.411296
    ],
    [
      0.442139,
      0.411296
    ],
    [
      0.458984,
      0.411296
    ],
    [
      0.47583,
      0.411296
    ],
    [
      0.492676,
      0.411296
    ],
    [
      0.425293,
      0.422689
    ],
    [
      0.442139,
      0.422689
    ],
    [
      0.458984,
      0.422689
    ],
    [
      0.47583,
      0.422689
    ],
    [
      0.492676,
      0.422689
    ],
    [
      0.425293,
      0.434082
    ],
    [
      0.442139,
      0.434082
    ],
    [
      0.458984,
      0.434082
    ],
    [
      0.47583,
      0.434082
    ],
    [
      0.492676,
      0.434082
    ]
  ],
  "boundary_vertex_ids": [
    0,
    1,
    2,
    3,
    4,
    5,
    9,
    10,
    14,
    15,
    16,
    17,
    18,
    19
  ],
  "mesh_strategy": {
    "kind": "material_pack_alpha_bbox_grid",
    "cols": 4,
    "rows": 3,
    "note": "Mini Cubism preview mesh only; not final Cubism ArtMesh quality."
  },
  "mesh_path": "meshes/eye_L_underpaint.json"
}
