{
  "part_id": "eye_R_pupil",
  "vertices": [
    [
      1123.0,
      718.0
    ],
    [
      1132.0,
      718.0
    ],
    [
      1141.0,
      718.0
    ],
    [
      1150.0,
      718.0
    ],
    [
      1159.0,
      718.0
    ],
    [
      1123.0,
      731.333
    ],
    [
      1132.0,
      731.333
    ],
    [
      1141.0,
      731.333
    ],
    [
      1150.0,
      731.333
    ],
    [
      1159.0,
      731.333
    ],
    [
      1123.0,
      744.667
    ],
    [
      1132.0,
      744.667
    ],
    [
      1141.0,
      744.667
    ],
    [
      1150.0,
      744.667
    ],
    [
      1159.0,
      744.667
    ],
    [
      1123.0,
      758.0
    ],
    [
      1132.0,
      758.0
    ],
    [
      1141.0,
      758.0
    ],
    [
      1150.0,
      758.0
    ],
    [
      1159.0,
      758.0
    ]
  ],
  "triangles": [
    [
      0,
      5,
      1
    ],
    [
      1,
      5,
      6
    ],
    [
      1,
      6,
      2
    ],
    [
      2,
      6,
      7
    ],
    [
      2,
      7,
      3
    ],
    [
      3,
      7,
      8
    ],
    [
      3,
      8,
      4
    ],
    [
      4,
      8,
      9
    ],
    [
      5,
      10,
      6
    ],
    [
      6,
      10,
      11
    ],
    [
      6,
      11,
      7
    ],
    [
      7,
      11,
      12
    ],
    [
      7,
      12,
      8
    ],
    [
      8,
      12,
      13
    ],
    [
      8,
      13,
      9
    ],
    [
      9,
      13,
      14
    ],
    [
      10,
      15,
      11
    ],
    [
      11,
      15,
      16
    ],
    [
      11,
      16,
      12
    ],
    [
      12,
      16,
      17
    ],
    [
      12,
      17,
      13
    ],
    [
      13,
      17,
      18
    ],
    [
      13,
      18,
      14
    ],
    [
      14,
      18,
      19
    ]
  ],
  "uvs": [
    [
      0.54834,
      0.350586
    ],
    [
      0.552734,
      0.350586
    ],
    [
      0.557129,
      0.350586
    ],
    [
      0.561523,
      0.350586
    ],
    [
      0.565918,
      0.350586
    ],
    [
      0.54834,
      0.357096
    ],
    [
      0.552734,
      0.357096
    ],
    [
      0.557129,
      0.357096
    ],
    [
      0.561523,
      0.357096
    ],
    [
      0.565918,
      0.357096
    ],
    [
      0.54834,
      0.363607
    ],
    [
      0.552734,
      0.363607
    ],
    [
      0.557129,
      0.363607
    ],
    [
      0.561523,
      0.363607
    ],
    [
      0.565918,
      0.363607
    ],
    [
      0.54834,
      0.370117
    ],
    [
      0.552734,
      0.370117
    ],
    [
      0.557129,
      0.370117
    ],
    [
      0.561523,
      0.370117
    ],
    [
      0.565918,
      0.370117
    ]
  ],
  "boundary_vertex_ids": [
    0,
    1,
    2,
    3,
    4,
    5,
    9,
    10,
    14,
    15,
    16,
    17,
    18,
    19
  ],
  "mesh_strategy": {
    "kind": "material_pack_alpha_bbox_grid",
    "cols": 4,
    "rows": 3,
    "note": "Mini Cubism preview mesh only; not final Cubism ArtMesh quality."
  },
  "mesh_path": "meshes/eye_R_pupil.json"
}
