{
  "part_id": "mouth_inner",
  "vertices": [
    [
      975.0,
      835.0
    ],
    [
      1002.75,
      835.0
    ],
    [
      1030.5,
      835.0
    ],
    [
      1058.25,
      835.0
    ],
    [
      1086.0,
      835.0
    ],
    [
      975.0,
      855.333
    ],
    [
      1002.75,
      855.333
    ],
    [
      1030.5,
      855.333
    ],
    [
      1058.25,
      855.333
    ],
    [
      1086.0,
      855.333
    ],
    [
      975.0,
      875.667
    ],
    [
      1002.75,
      875.667
    ],
    [
      1030.5,
      875.667
    ],
    [
      1058.25,
      875.667
    ],
    [
      1086.0,
      875.667
    ],
    [
      975.0,
      896.0
    ],
    [
      1002.75,
      896.0
    ],
    [
      1030.5,
      896.0
    ],
    [
      1058.25,
      896.0
    ],
    [
      1086.0,
      896.0
    ]
  ],
  "triangles": [
    [
      0,
      5,
      1
    ],
    [
      1,
      5,
      6
    ],
    [
      1,
      6,
      2
    ],
    [
      2,
      6,
      7
    ],
    [
      2,
      7,
      3
    ],
    [
      3,
      7,
      8
    ],
    [
      3,
      8,
      4
    ],
    [
      4,
      8,
      9
    ],
    [
      5,
      10,
      6
    ],
    [
      6,
      10,
      11
    ],
    [
      6,
      11,
      7
    ],
    [
      7,
      11,
      12
    ],
    [
      7,
      12,
      8
    ],
    [
      8,
      12,
      13
    ],
    [
      8,
      13,
      9
    ],
    [
      9,
      13,
      14
    ],
    [
      10,
      15,
      11
    ],
    [
      11,
      15,
      16
    ],
    [
      11,
      16,
      12
    ],
    [
      12,
      16,
      17
    ],
    [
      12,
      17,
      13
    ],
    [
      13,
      17,
      18
    ],
    [
      13,
      18,
      14
    ],
    [
      14,
      18,
      19
    ]
  ],
  "uvs": [
    [
      0.476074,
      0.407715
    ],
    [
      0.489624,
      0.407715
    ],
    [
      0.503174,
      0.407715
    ],
    [
      0.516724,
      0.407715
    ],
    [
      0.530273,
      0.407715
    ],
    [
      0.476074,
      0.417643
    ],
    [
      0.489624,
      0.417643
    ],
    [
      0.503174,
      0.417643
    ],
    [
      0.516724,
      0.417643
    ],
    [
      0.530273,
      0.417643
    ],
    [
      0.476074,
      0.427572
    ],
    [
      0.489624,
      0.427572
    ],
    [
      0.503174,
      0.427572
    ],
    [
      0.516724,
      0.427572
    ],
    [
      0.530273,
      0.427572
    ],
    [
      0.476074,
      0.4375
    ],
    [
      0.489624,
      0.4375
    ],
    [
      0.503174,
      0.4375
    ],
    [
      0.516724,
      0.4375
    ],
    [
      0.530273,
      0.4375
    ]
  ],
  "boundary_vertex_ids": [
    0,
    1,
    2,
    3,
    4,
    5,
    9,
    10,
    14,
    15,
    16,
    17,
    18,
    19
  ],
  "mesh_strategy": {
    "kind": "material_pack_alpha_bbox_grid",
    "cols": 4,
    "rows": 3,
    "note": "Mini Cubism preview mesh only; not final Cubism ArtMesh quality."
  },
  "mesh_path": "meshes/mouth_inner.json"
}
