{
  "part_id": "mouth_tongue",
  "vertices": [
    [
      999.0,
      867.0
    ],
    [
      1015.25,
      867.0
    ],
    [
      1031.5,
      867.0
    ],
    [
      1047.75,
      867.0
    ],
    [
      1064.0,
      867.0
    ],
    [
      999.0,
      876.0
    ],
    [
      1015.25,
      876.0
    ],
    [
      1031.5,
      876.0
    ],
    [
      1047.75,
      876.0
    ],
    [
      1064.0,
      876.0
    ],
    [
      999.0,
      885.0
    ],
    [
      1015.25,
      885.0
    ],
    [
      1031.5,
      885.0
    ],
    [
      1047.75,
      885.0
    ],
    [
      1064.0,
      885.0
    ],
    [
      999.0,
      894.0
    ],
    [
      1015.25,
      894.0
    ],
    [
      1031.5,
      894.0
    ],
    [
      1047.75,
      894.0
    ],
    [
      1064.0,
      894.0
    ]
  ],
  "triangles": [
    [
      0,
      5,
      1
    ],
    [
      1,
      5,
      6
    ],
    [
      1,
      6,
      2
    ],
    [
      2,
      6,
      7
    ],
    [
      2,
      7,
      3
    ],
    [
      3,
      7,
      8
    ],
    [
      3,
      8,
      4
    ],
    [
      4,
      8,
      9
    ],
    [
      5,
      10,
      6
    ],
    [
      6,
      10,
      11
    ],
    [
      6,
      11,
      7
    ],
    [
      7,
      11,
      12
    ],
    [
      7,
      12,
      8
    ],
    [
      8,
      12,
      13
    ],
    [
      8,
      13,
      9
    ],
    [
      9,
      13,
      14
    ],
    [
      10,
      15,
      11
    ],
    [
      11,
      15,
      16
    ],
    [
      11,
      16,
      12
    ],
    [
      12,
      16,
      17
    ],
    [
      12,
      17,
      13
    ],
    [
      13,
      17,
      18
    ],
    [
      13,
      18,
      14
    ],
    [
      14,
      18,
      19
    ]
  ],
  "uvs": [
    [
      0.487793,
      0.42334
    ],
    [
      0.495728,
      0.42334
    ],
    [
      0.503662,
      0.42334
    ],
    [
      0.511597,
      0.42334
    ],
    [
      0.519531,
      0.42334
    ],
    [
      0.487793,
      0.427734
    ],
    [
      0.495728,
      0.427734
    ],
    [
      0.503662,
      0.427734
    ],
    [
      0.511597,
      0.427734
    ],
    [
      0.519531,
      0.427734
    ],
    [
      0.487793,
      0.432129
    ],
    [
      0.495728,
      0.432129
    ],
    [
      0.503662,
      0.432129
    ],
    [
      0.511597,
      0.432129
    ],
    [
      0.519531,
      0.432129
    ],
    [
      0.487793,
      0.436523
    ],
    [
      0.495728,
      0.436523
    ],
    [
      0.503662,
      0.436523
    ],
    [
      0.511597,
      0.436523
    ],
    [
      0.519531,
      0.436523
    ]
  ],
  "boundary_vertex_ids": [
    0,
    1,
    2,
    3,
    4,
    5,
    9,
    10,
    14,
    15,
    16,
    17,
    18,
    19
  ],
  "mesh_strategy": {
    "kind": "material_pack_alpha_bbox_grid",
    "cols": 4,
    "rows": 3,
    "note": "Mini Cubism preview mesh only; not final Cubism ArtMesh quality."
  },
  "mesh_path": "meshes/mouth_tongue.json"
}
