{
  "part_id": "mouth_corner_L",
  "vertices": [
    [
      937.0,
      839.0
    ],
    [
      940.0,
      839.0
    ],
    [
      943.0,
      839.0
    ],
    [
      946.0,
      839.0
    ],
    [
      949.0,
      839.0
    ],
    [
      937.0,
      849.0
    ],
    [
      940.0,
      849.0
    ],
    [
      943.0,
      849.0
    ],
    [
      946.0,
      849.0
    ],
    [
      949.0,
      849.0
    ],
    [
      937.0,
      859.0
    ],
    [
      940.0,
      859.0
    ],
    [
      943.0,
      859.0
    ],
    [
      946.0,
      859.0
    ],
    [
      949.0,
      859.0
    ],
    [
      937.0,
      869.0
    ],
    [
      940.0,
      869.0
    ],
    [
      943.0,
      869.0
    ],
    [
      946.0,
      869.0
    ],
    [
      949.0,
      869.0
    ]
  ],
  "triangles": [
    [
      0,
      5,
      1
    ],
    [
      1,
      5,
      6
    ],
    [
      1,
      6,
      2
    ],
    [
      2,
      6,
      7
    ],
    [
      2,
      7,
      3
    ],
    [
      3,
      7,
      8
    ],
    [
      3,
      8,
      4
    ],
    [
      4,
      8,
      9
    ],
    [
      5,
      10,
      6
    ],
    [
      6,
      10,
      11
    ],
    [
      6,
      11,
      7
    ],
    [
      7,
      11,
      12
    ],
    [
      7,
      12,
      8
    ],
    [
      8,
      12,
      13
    ],
    [
      8,
      13,
      9
    ],
    [
      9,
      13,
      14
    ],
    [
      10,
      15,
      11
    ],
    [
      11,
      15,
      16
    ],
    [
      11,
      16,
      12
    ],
    [
      12,
      16,
      17
    ],
    [
      12,
      17,
      13
    ],
    [
      13,
      17,
      18
    ],
    [
      13,
      18,
      14
    ],
    [
      14,
      18,
      19
    ]
  ],
  "uvs": [
    [
      0.45752,
      0.409668
    ],
    [
      0.458984,
      0.409668
    ],
    [
      0.460449,
      0.409668
    ],
    [
      0.461914,
      0.409668
    ],
    [
      0.463379,
      0.409668
    ],
    [
      0.45752,
      0.414551
    ],
    [
      0.458984,
      0.414551
    ],
    [
      0.460449,
      0.414551
    ],
    [
      0.461914,
      0.414551
    ],
    [
      0.463379,
      0.414551
    ],
    [
      0.45752,
      0.419434
    ],
    [
      0.458984,
      0.419434
    ],
    [
      0.460449,
      0.419434
    ],
    [
      0.461914,
      0.419434
    ],
    [
      0.463379,
      0.419434
    ],
    [
      0.45752,
      0.424316
    ],
    [
      0.458984,
      0.424316
    ],
    [
      0.460449,
      0.424316
    ],
    [
      0.461914,
      0.424316
    ],
    [
      0.463379,
      0.424316
    ]
  ],
  "boundary_vertex_ids": [
    0,
    1,
    2,
    3,
    4,
    5,
    9,
    10,
    14,
    15,
    16,
    17,
    18,
    19
  ],
  "mesh_strategy": {
    "kind": "material_pack_alpha_bbox_grid",
    "cols": 4,
    "rows": 3,
    "note": "Mini Cubism preview mesh only; not final Cubism ArtMesh quality."
  },
  "mesh_path": "meshes/mouth_corner_L.json"
}
