{
  "part_id": "R_brow",
  "vertices": [
    [
      744.0,
      620.0
    ],
    [
      790.5,
      620.0
    ],
    [
      837.0,
      620.0
    ],
    [
      883.5,
      620.0
    ],
    [
      930.0,
      620.0
    ],
    [
      744.0,
      632.333
    ],
    [
      790.5,
      632.333
    ],
    [
      837.0,
      632.333
    ],
    [
      883.5,
      632.333
    ],
    [
      930.0,
      632.333
    ],
    [
      744.0,
      644.667
    ],
    [
      790.5,
      644.667
    ],
    [
      837.0,
      644.667
    ],
    [
      883.5,
      644.667
    ],
    [
      930.0,
      644.667
    ],
    [
      744.0,
      657.0
    ],
    [
      790.5,
      657.0
    ],
    [
      837.0,
      657.0
    ],
    [
      883.5,
      657.0
    ],
    [
      930.0,
      657.0
    ]
  ],
  "triangles": [
    [
      0,
      5,
      1
    ],
    [
      1,
      5,
      6
    ],
    [
      1,
      6,
      2
    ],
    [
      2,
      6,
      7
    ],
    [
      2,
      7,
      3
    ],
    [
      3,
      7,
      8
    ],
    [
      3,
      8,
      4
    ],
    [
      4,
      8,
      9
    ],
    [
      5,
      10,
      6
    ],
    [
      6,
      10,
      11
    ],
    [
      6,
      11,
      7
    ],
    [
      7,
      11,
      12
    ],
    [
      7,
      12,
      8
    ],
    [
      8,
      12,
      13
    ],
    [
      8,
      13,
      9
    ],
    [
      9,
      13,
      14
    ],
    [
      10,
      15,
      11
    ],
    [
      11,
      15,
      16
    ],
    [
      11,
      16,
      12
    ],
    [
      12,
      16,
      17
    ],
    [
      12,
      17,
      13
    ],
    [
      13,
      17,
      18
    ],
    [
      13,
      18,
      14
    ],
    [
      14,
      18,
      19
    ]
  ],
  "uvs": [
    [
      0.363281,
      0.302734
    ],
    [
      0.385986,
      0.302734
    ],
    [
      0.408691,
      0.302734
    ],
    [
      0.431396,
      0.302734
    ],
    [
      0.454102,
      0.302734
    ],
    [
      0.363281,
      0.308757
    ],
    [
      0.385986,
      0.308757
    ],
    [
      0.408691,
      0.308757
    ],
    [
      0.431396,
      0.308757
    ],
    [
      0.454102,
      0.308757
    ],
    [
      0.363281,
      0.314779
    ],
    [
      0.385986,
      0.314779
    ],
    [
      0.408691,
      0.314779
    ],
    [
      0.431396,
      0.314779
    ],
    [
      0.454102,
      0.314779
    ],
    [
      0.363281,
      0.320801
    ],
    [
      0.385986,
      0.320801
    ],
    [
      0.408691,
      0.320801
    ],
    [
      0.431396,
      0.320801
    ],
    [
      0.454102,
      0.320801
    ]
  ],
  "boundary_vertex_ids": [
    0,
    1,
    2,
    3,
    4,
    5,
    9,
    10,
    14,
    15,
    16,
    17,
    18,
    19
  ],
  "mesh_strategy": {
    "kind": "alpha_bbox_grid",
    "cols": 4,
    "rows": 3,
    "note": "v0 conservative mesh based on alpha bbox; not final Cubism ArtMesh quality"
  },
  "mesh_path": "meshes/R_brow.json"
}
