{
  "part_id": "eye_L_highlight",
  "vertices": [
    [
      926.0,
      709.0
    ],
    [
      931.0,
      709.0
    ],
    [
      936.0,
      709.0
    ],
    [
      941.0,
      709.0
    ],
    [
      946.0,
      709.0
    ],
    [
      926.0,
      715.667
    ],
    [
      931.0,
      715.667
    ],
    [
      936.0,
      715.667
    ],
    [
      941.0,
      715.667
    ],
    [
      946.0,
      715.667
    ],
    [
      926.0,
      722.333
    ],
    [
      931.0,
      722.333
    ],
    [
      936.0,
      722.333
    ],
    [
      941.0,
      722.333
    ],
    [
      946.0,
      722.333
    ],
    [
      926.0,
      729.0
    ],
    [
      931.0,
      729.0
    ],
    [
      936.0,
      729.0
    ],
    [
      941.0,
      729.0
    ],
    [
      946.0,
      729.0
    ]
  ],
  "triangles": [
    [
      0,
      5,
      1
    ],
    [
      1,
      5,
      6
    ],
    [
      1,
      6,
      2
    ],
    [
      2,
      6,
      7
    ],
    [
      2,
      7,
      3
    ],
    [
      3,
      7,
      8
    ],
    [
      3,
      8,
      4
    ],
    [
      4,
      8,
      9
    ],
    [
      5,
      10,
      6
    ],
    [
      6,
      10,
      11
    ],
    [
      6,
      11,
      7
    ],
    [
      7,
      11,
      12
    ],
    [
      7,
      12,
      8
    ],
    [
      8,
      12,
      13
    ],
    [
      8,
      13,
      9
    ],
    [
      9,
      13,
      14
    ],
    [
      10,
      15,
      11
    ],
    [
      11,
      15,
      16
    ],
    [
      11,
      16,
      12
    ],
    [
      12,
      16,
      17
    ],
    [
      12,
      17,
      13
    ],
    [
      13,
      17,
      18
    ],
    [
      13,
      18,
      14
    ],
    [
      14,
      18,
      19
    ]
  ],
  "uvs": [
    [
      0.452148,
      0.346191
    ],
    [
      0.45459,
      0.346191
    ],
    [
      0.457031,
      0.346191
    ],
    [
      0.459473,
      0.346191
    ],
    [
      0.461914,
      0.346191
    ],
    [
      0.452148,
      0.349447
    ],
    [
      0.45459,
      0.349447
    ],
    [
      0.457031,
      0.349447
    ],
    [
      0.459473,
      0.349447
    ],
    [
      0.461914,
      0.349447
    ],
    [
      0.452148,
      0.352702
    ],
    [
      0.45459,
      0.352702
    ],
    [
      0.457031,
      0.352702
    ],
    [
      0.459473,
      0.352702
    ],
    [
      0.461914,
      0.352702
    ],
    [
      0.452148,
      0.355957
    ],
    [
      0.45459,
      0.355957
    ],
    [
      0.457031,
      0.355957
    ],
    [
      0.459473,
      0.355957
    ],
    [
      0.461914,
      0.355957
    ]
  ],
  "boundary_vertex_ids": [
    0,
    1,
    2,
    3,
    4,
    5,
    9,
    10,
    14,
    15,
    16,
    17,
    18,
    19
  ],
  "mesh_strategy": {
    "kind": "material_pack_alpha_bbox_grid",
    "cols": 4,
    "rows": 3,
    "note": "Mini Cubism preview mesh only; not final Cubism ArtMesh quality."
  },
  "mesh_path": "meshes/eye_L_highlight.json"
}
