{
  "part_id": "eye_L_lower_lash",
  "vertices": [
    [
      829.0,
      726.0
    ],
    [
      864.0,
      726.0
    ],
    [
      899.0,
      726.0
    ],
    [
      934.0,
      726.0
    ],
    [
      969.0,
      726.0
    ],
    [
      829.0,
      741.0
    ],
    [
      864.0,
      741.0
    ],
    [
      899.0,
      741.0
    ],
    [
      934.0,
      741.0
    ],
    [
      969.0,
      741.0
    ],
    [
      829.0,
      756.0
    ],
    [
      864.0,
      756.0
    ],
    [
      899.0,
      756.0
    ],
    [
      934.0,
      756.0
    ],
    [
      969.0,
      756.0
    ],
    [
      829.0,
      771.0
    ],
    [
      864.0,
      771.0
    ],
    [
      899.0,
      771.0
    ],
    [
      934.0,
      771.0
    ],
    [
      969.0,
      771.0
    ]
  ],
  "triangles": [
    [
      0,
      5,
      1
    ],
    [
      1,
      5,
      6
    ],
    [
      1,
      6,
      2
    ],
    [
      2,
      6,
      7
    ],
    [
      2,
      7,
      3
    ],
    [
      3,
      7,
      8
    ],
    [
      3,
      8,
      4
    ],
    [
      4,
      8,
      9
    ],
    [
      5,
      10,
      6
    ],
    [
      6,
      10,
      11
    ],
    [
      6,
      11,
      7
    ],
    [
      7,
      11,
      12
    ],
    [
      7,
      12,
      8
    ],
    [
      8,
      12,
      13
    ],
    [
      8,
      13,
      9
    ],
    [
      9,
      13,
      14
    ],
    [
      10,
      15,
      11
    ],
    [
      11,
      15,
      16
    ],
    [
      11,
      16,
      12
    ],
    [
      12,
      16,
      17
    ],
    [
      12,
      17,
      13
    ],
    [
      13,
      17,
      18
    ],
    [
      13,
      18,
      14
    ],
    [
      14,
      18,
      19
    ]
  ],
  "uvs": [
    [
      0.404785,
      0.354492
    ],
    [
      0.421875,
      0.354492
    ],
    [
      0.438965,
      0.354492
    ],
    [
      0.456055,
      0.354492
    ],
    [
      0.473145,
      0.354492
    ],
    [
      0.404785,
      0.361816
    ],
    [
      0.421875,
      0.361816
    ],
    [
      0.438965,
      0.361816
    ],
    [
      0.456055,
      0.361816
    ],
    [
      0.473145,
      0.361816
    ],
    [
      0.404785,
      0.369141
    ],
    [
      0.421875,
      0.369141
    ],
    [
      0.438965,
      0.369141
    ],
    [
      0.456055,
      0.369141
    ],
    [
      0.473145,
      0.369141
    ],
    [
      0.404785,
      0.376465
    ],
    [
      0.421875,
      0.376465
    ],
    [
      0.438965,
      0.376465
    ],
    [
      0.456055,
      0.376465
    ],
    [
      0.473145,
      0.376465
    ]
  ],
  "boundary_vertex_ids": [
    0,
    1,
    2,
    3,
    4,
    5,
    9,
    10,
    14,
    15,
    16,
    17,
    18,
    19
  ],
  "mesh_strategy": {
    "kind": "material_pack_alpha_bbox_grid",
    "cols": 4,
    "rows": 3,
    "note": "Mini Cubism preview mesh only; not final Cubism ArtMesh quality."
  },
  "mesh_path": "meshes/eye_L_lower_lash.json"
}
