{
  "part_id": "eye_L_white",
  "vertices": [
    [
      828.0,
      686.0
    ],
    [
      865.0,
      686.0
    ],
    [
      902.0,
      686.0
    ],
    [
      939.0,
      686.0
    ],
    [
      976.0,
      686.0
    ],
    [
      828.0,
      716.667
    ],
    [
      865.0,
      716.667
    ],
    [
      902.0,
      716.667
    ],
    [
      939.0,
      716.667
    ],
    [
      976.0,
      716.667
    ],
    [
      828.0,
      747.333
    ],
    [
      865.0,
      747.333
    ],
    [
      902.0,
      747.333
    ],
    [
      939.0,
      747.333
    ],
    [
      976.0,
      747.333
    ],
    [
      828.0,
      778.0
    ],
    [
      865.0,
      778.0
    ],
    [
      902.0,
      778.0
    ],
    [
      939.0,
      778.0
    ],
    [
      976.0,
      778.0
    ]
  ],
  "triangles": [
    [
      0,
      5,
      1
    ],
    [
      1,
      5,
      6
    ],
    [
      1,
      6,
      2
    ],
    [
      2,
      6,
      7
    ],
    [
      2,
      7,
      3
    ],
    [
      3,
      7,
      8
    ],
    [
      3,
      8,
      4
    ],
    [
      4,
      8,
      9
    ],
    [
      5,
      10,
      6
    ],
    [
      6,
      10,
      11
    ],
    [
      6,
      11,
      7
    ],
    [
      7,
      11,
      12
    ],
    [
      7,
      12,
      8
    ],
    [
      8,
      12,
      13
    ],
    [
      8,
      13,
      9
    ],
    [
      9,
      13,
      14
    ],
    [
      10,
      15,
      11
    ],
    [
      11,
      15,
      16
    ],
    [
      11,
      16,
      12
    ],
    [
      12,
      16,
      17
    ],
    [
      12,
      17,
      13
    ],
    [
      13,
      17,
      18
    ],
    [
      13,
      18,
      14
    ],
    [
      14,
      18,
      19
    ]
  ],
  "uvs": [
    [
      0.404297,
      0.334961
    ],
    [
      0.422363,
      0.334961
    ],
    [
      0.44043,
      0.334961
    ],
    [
      0.458496,
      0.334961
    ],
    [
      0.476562,
      0.334961
    ],
    [
      0.404297,
      0.349935
    ],
    [
      0.422363,
      0.349935
    ],
    [
      0.44043,
      0.349935
    ],
    [
      0.458496,
      0.349935
    ],
    [
      0.476562,
      0.349935
    ],
    [
      0.404297,
      0.364909
    ],
    [
      0.422363,
      0.364909
    ],
    [
      0.44043,
      0.364909
    ],
    [
      0.458496,
      0.364909
    ],
    [
      0.476562,
      0.364909
    ],
    [
      0.404297,
      0.379883
    ],
    [
      0.422363,
      0.379883
    ],
    [
      0.44043,
      0.379883
    ],
    [
      0.458496,
      0.379883
    ],
    [
      0.476562,
      0.379883
    ]
  ],
  "boundary_vertex_ids": [
    0,
    1,
    2,
    3,
    4,
    5,
    9,
    10,
    14,
    15,
    16,
    17,
    18,
    19
  ],
  "mesh_strategy": {
    "kind": "material_pack_alpha_bbox_grid",
    "cols": 4,
    "rows": 3,
    "note": "Mini Cubism preview mesh only; not final Cubism ArtMesh quality."
  },
  "mesh_path": "meshes/eye_L_white.json"
}
