{
  "part_id": "eye_R_highlight",
  "vertices": [
    [
      1114.0,
      714.0
    ],
    [
      1120.25,
      714.0
    ],
    [
      1126.5,
      714.0
    ],
    [
      1132.75,
      714.0
    ],
    [
      1139.0,
      714.0
    ],
    [
      1114.0,
      723.0
    ],
    [
      1120.25,
      723.0
    ],
    [
      1126.5,
      723.0
    ],
    [
      1132.75,
      723.0
    ],
    [
      1139.0,
      723.0
    ],
    [
      1114.0,
      732.0
    ],
    [
      1120.25,
      732.0
    ],
    [
      1126.5,
      732.0
    ],
    [
      1132.75,
      732.0
    ],
    [
      1139.0,
      732.0
    ],
    [
      1114.0,
      741.0
    ],
    [
      1120.25,
      741.0
    ],
    [
      1126.5,
      741.0
    ],
    [
      1132.75,
      741.0
    ],
    [
      1139.0,
      741.0
    ]
  ],
  "triangles": [
    [
      0,
      5,
      1
    ],
    [
      1,
      5,
      6
    ],
    [
      1,
      6,
      2
    ],
    [
      2,
      6,
      7
    ],
    [
      2,
      7,
      3
    ],
    [
      3,
      7,
      8
    ],
    [
      3,
      8,
      4
    ],
    [
      4,
      8,
      9
    ],
    [
      5,
      10,
      6
    ],
    [
      6,
      10,
      11
    ],
    [
      6,
      11,
      7
    ],
    [
      7,
      11,
      12
    ],
    [
      7,
      12,
      8
    ],
    [
      8,
      12,
      13
    ],
    [
      8,
      13,
      9
    ],
    [
      9,
      13,
      14
    ],
    [
      10,
      15,
      11
    ],
    [
      11,
      15,
      16
    ],
    [
      11,
      16,
      12
    ],
    [
      12,
      16,
      17
    ],
    [
      12,
      17,
      13
    ],
    [
      13,
      17,
      18
    ],
    [
      13,
      18,
      14
    ],
    [
      14,
      18,
      19
    ]
  ],
  "uvs": [
    [
      0.543945,
      0.348633
    ],
    [
      0.546997,
      0.348633
    ],
    [
      0.550049,
      0.348633
    ],
    [
      0.553101,
      0.348633
    ],
    [
      0.556152,
      0.348633
    ],
    [
      0.543945,
      0.353027
    ],
    [
      0.546997,
      0.353027
    ],
    [
      0.550049,
      0.353027
    ],
    [
      0.553101,
      0.353027
    ],
    [
      0.556152,
      0.353027
    ],
    [
      0.543945,
      0.357422
    ],
    [
      0.546997,
      0.357422
    ],
    [
      0.550049,
      0.357422
    ],
    [
      0.553101,
      0.357422
    ],
    [
      0.556152,
      0.357422
    ],
    [
      0.543945,
      0.361816
    ],
    [
      0.546997,
      0.361816
    ],
    [
      0.550049,
      0.361816
    ],
    [
      0.553101,
      0.361816
    ],
    [
      0.556152,
      0.361816
    ]
  ],
  "boundary_vertex_ids": [
    0,
    1,
    2,
    3,
    4,
    5,
    9,
    10,
    14,
    15,
    16,
    17,
    18,
    19
  ],
  "mesh_strategy": {
    "kind": "material_pack_alpha_bbox_grid",
    "cols": 4,
    "rows": 3,
    "note": "Mini Cubism preview mesh only; not final Cubism ArtMesh quality."
  },
  "mesh_path": "meshes/eye_R_highlight.json"
}
