{
  "part_id": "mouth_upper_lip_mask",
  "vertices": [
    [
      974.0,
      843.0
    ],
    [
      1001.75,
      843.0
    ],
    [
      1029.5,
      843.0
    ],
    [
      1057.25,
      843.0
    ],
    [
      1085.0,
      843.0
    ],
    [
      974.0,
      850.0
    ],
    [
      1001.75,
      850.0
    ],
    [
      1029.5,
      850.0
    ],
    [
      1057.25,
      850.0
    ],
    [
      1085.0,
      850.0
    ],
    [
      974.0,
      857.0
    ],
    [
      1001.75,
      857.0
    ],
    [
      1029.5,
      857.0
    ],
    [
      1057.25,
      857.0
    ],
    [
      1085.0,
      857.0
    ],
    [
      974.0,
      864.0
    ],
    [
      1001.75,
      864.0
    ],
    [
      1029.5,
      864.0
    ],
    [
      1057.25,
      864.0
    ],
    [
      1085.0,
      864.0
    ]
  ],
  "triangles": [
    [
      0,
      5,
      1
    ],
    [
      1,
      5,
      6
    ],
    [
      1,
      6,
      2
    ],
    [
      2,
      6,
      7
    ],
    [
      2,
      7,
      3
    ],
    [
      3,
      7,
      8
    ],
    [
      3,
      8,
      4
    ],
    [
      4,
      8,
      9
    ],
    [
      5,
      10,
      6
    ],
    [
      6,
      10,
      11
    ],
    [
      6,
      11,
      7
    ],
    [
      7,
      11,
      12
    ],
    [
      7,
      12,
      8
    ],
    [
      8,
      12,
      13
    ],
    [
      8,
      13,
      9
    ],
    [
      9,
      13,
      14
    ],
    [
      10,
      15,
      11
    ],
    [
      11,
      15,
      16
    ],
    [
      11,
      16,
      12
    ],
    [
      12,
      16,
      17
    ],
    [
      12,
      17,
      13
    ],
    [
      13,
      17,
      18
    ],
    [
      13,
      18,
      14
    ],
    [
      14,
      18,
      19
    ]
  ],
  "uvs": [
    [
      0.475586,
      0.411621
    ],
    [
      0.489136,
      0.411621
    ],
    [
      0.502686,
      0.411621
    ],
    [
      0.516235,
      0.411621
    ],
    [
      0.529785,
      0.411621
    ],
    [
      0.475586,
      0.415039
    ],
    [
      0.489136,
      0.415039
    ],
    [
      0.502686,
      0.415039
    ],
    [
      0.516235,
      0.415039
    ],
    [
      0.529785,
      0.415039
    ],
    [
      0.475586,
      0.418457
    ],
    [
      0.489136,
      0.418457
    ],
    [
      0.502686,
      0.418457
    ],
    [
      0.516235,
      0.418457
    ],
    [
      0.529785,
      0.418457
    ],
    [
      0.475586,
      0.421875
    ],
    [
      0.489136,
      0.421875
    ],
    [
      0.502686,
      0.421875
    ],
    [
      0.516235,
      0.421875
    ],
    [
      0.529785,
      0.421875
    ]
  ],
  "boundary_vertex_ids": [
    0,
    1,
    2,
    3,
    4,
    5,
    9,
    10,
    14,
    15,
    16,
    17,
    18,
    19
  ],
  "mesh_strategy": {
    "kind": "material_pack_alpha_bbox_grid",
    "cols": 4,
    "rows": 3,
    "note": "Mini Cubism preview mesh only; not final Cubism ArtMesh quality."
  },
  "mesh_path": "meshes/mouth_upper_lip_mask.json"
}
