{
  "generated_at": "2026-06-08T03:24:02.723Z",
  "stream_path": "/Users/family/jason/Vtube/experiments/reference-model-structure-001/reports/face_tracking_webcam_probe_raw.json",
  "model_index": 0,
  "model_name": "haru_greeter_pro_jp_haru_greeter_t05",
  "neutral_path": "/Users/family/jason/Vtube/experiments/live2d-strong-model-pattern-001/webcam_parameter_drive/neutral.png",
  "rows": [
    {
      "index": 0,
      "t_ms": 10,
      "input_output_count": 13,
      "matched_output_count": 13,
      "applied_count": 13,
      "missing": [],
      "outputs": {
        "ParamAngleX": -1.2353400778097208,
        "ParamAngleY": 0.028583651901120888,
        "ParamAngleZ": -0.7169925751304554,
        "ParamEyeLOpen": 0.8548470586538315,
        "ParamEyeROpen": 0.890748642385006,
        "ParamEyeBallX": -0.06294971330623543,
        "ParamEyeBallY": -0.22495571868494157,
        "ParamMouthOpenY": 0,
        "ParamMouthForm": -0.0011424319952766382,
        "ParamBodyAngleX": -0.26765701685877286,
        "ParamBodyAngleY": 0.004287547785168134,
        "ParamBodyAngleZ": -0.11949876252174257,
        "ParamBreath": 0.19747110857276307
      },
      "screenshot_path": "/Users/family/jason/Vtube/experiments/live2d-strong-model-pattern-001/webcam_parameter_drive/frame_00_10ms.png"
    },
    {
      "index": 1,
      "t_ms": 926,
      "input_output_count": 13,
      "matched_output_count": 13,
      "applied_count": 13,
      "missing": [],
      "outputs": {
        "ParamAngleX": -1.3867680267247442,
        "ParamAngleY": 0.006605667225814571,
        "ParamAngleZ": -0.2822075235191017,
        "ParamEyeLOpen": 0.8592344224452972,
        "ParamEyeROpen": 0.906865768134594,
        "ParamEyeBallX": -0.10215032658140576,
        "ParamEyeBallY": -0.25635985583066945,
        "ParamMouthOpenY": 0,
        "ParamMouthForm": -0.000829037729204174,
        "ParamBodyAngleX": -0.30046640579036127,
        "ParamBodyAngleY": 0.0009908500838721856,
        "ParamBodyAngleZ": -0.047034587253183616,
        "ParamBreath": 0.8546623647861369
      },
      "screenshot_path": "/Users/family/jason/Vtube/experiments/live2d-strong-model-pattern-001/webcam_parameter_drive/frame_01_926ms.png"
    },
    {
      "index": 2,
      "t_ms": 1826,
      "input_output_count": 13,
      "matched_output_count": 13,
      "applied_count": 13,
      "missing": [],
      "outputs": {
        "ParamAngleX": 25.321511396713284,
        "ParamAngleY": 2.4213763473547907,
        "ParamAngleZ": -30,
        "ParamEyeLOpen": 0.9080316349864006,
        "ParamEyeROpen": 0.8781467154622078,
        "ParamEyeBallX": 0.755058666297035,
        "ParamEyeBallY": -0.03963584052398804,
        "ParamMouthOpenY": 0,
        "ParamMouthForm": -0.027758079955674475,
        "ParamBodyAngleX": 5.486327469287877,
        "ParamBodyAngleY": 0.3632064521032186,
        "ParamBodyAngleZ": -5,
        "ParamBreath": 0.9036295705785673
      },
      "screenshot_path": "/Users/family/jason/Vtube/experiments/live2d-strong-model-pattern-001/webcam_parameter_drive/frame_02_1826ms.png"
    },
    {
      "index": 3,
      "t_ms": 2694,
      "input_output_count": 13,
      "matched_output_count": 13,
      "applied_count": 13,
      "missing": [],
      "outputs": {
        "ParamAngleX": 0.24319233669787182,
        "ParamAngleY": -0.6143961391091466,
        "ParamAngleZ": 6.809891740915624,
        "ParamEyeLOpen": 0.7776621580123901,
        "ParamEyeROpen": 0.8323973119258881,
        "ParamEyeBallX": -0.032916409881519434,
        "ParamEyeBallY": -0.2440820063464344,
        "ParamMouthOpenY": 0.03981740985597883,
        "ParamMouthForm": 0.8142281312029809,
        "ParamBodyAngleX": 0.05269167295120556,
        "ParamBodyAngleY": -0.092159420866372,
        "ParamBodyAngleZ": 1.1349819568192707,
        "ParamBreath": 0.2945291870772944
      },
      "screenshot_path": "/Users/family/jason/Vtube/experiments/live2d-strong-model-pattern-001/webcam_parameter_drive/frame_03_2694ms.png"
    },
    {
      "index": 4,
      "t_ms": 3594,
      "input_output_count": 13,
      "matched_output_count": 13,
      "applied_count": 13,
      "missing": [],
      "outputs": {
        "ParamAngleX": 0.22571554463492624,
        "ParamAngleY": 0.25993370403527205,
        "ParamAngleZ": 2.608551472135176,
        "ParamEyeLOpen": 0.8660666793584824,
        "ParamEyeROpen": 0.8954214081168175,
        "ParamEyeBallX": 0.006513362763715627,
        "ParamEyeBallY": -0.1348123175092042,
        "ParamMouthOpenY": 0.2865196218738308,
        "ParamMouthForm": -0.163682834507199,
        "ParamBodyAngleX": 0.04890503467090068,
        "ParamBodyAngleY": 0.038990055605290806,
        "ParamBodyAngleZ": 0.43475857868919604,
        "ParamBreath": 0.017638487811023784
      },
      "screenshot_path": "/Users/family/jason/Vtube/experiments/live2d-strong-model-pattern-001/webcam_parameter_drive/frame_04_3594ms.png"
    },
    {
      "index": 5,
      "t_ms": 4493,
      "input_output_count": 13,
      "matched_output_count": 13,
      "applied_count": 13,
      "missing": [],
      "outputs": {
        "ParamAngleX": -0.6710557177155719,
        "ParamAngleY": 0.09927343689065893,
        "ParamAngleZ": 0.5456963149218603,
        "ParamEyeLOpen": 0.8738884627819061,
        "ParamEyeROpen": 0.890852153301239,
        "ParamEyeBallX": 0.015031592933727148,
        "ParamEyeBallY": -0.14605774143710737,
        "ParamMouthOpenY": 0.2907232975030874,
        "ParamMouthForm": -0.2506262380593398,
        "ParamBodyAngleX": -0.1453954055050406,
        "ParamBodyAngleY": 0.01489101553359884,
        "ParamBodyAngleZ": 0.09094938582031005,
        "ParamBreath": 0.5538521902138118
      },
      "screenshot_path": "/Users/family/jason/Vtube/experiments/live2d-strong-model-pattern-001/webcam_parameter_drive/frame_05_4493ms.png"
    },
    {
      "index": 6,
      "t_ms": 5410,
      "input_output_count": 13,
      "matched_output_count": 13,
      "applied_count": 13,
      "missing": [],
      "outputs": {
        "ParamAngleX": -0.28101846163704947,
        "ParamAngleY": 0.2579676654531209,
        "ParamAngleZ": 0.5858121461350084,
        "ParamEyeLOpen": 0.8598890900611877,
        "ParamEyeROpen": 0.8671723902225494,
        "ParamEyeBallX": 0.13103294746418082,
        "ParamEyeBallY": -0.1660325151868165,
        "ParamMouthOpenY": 0.10977048533303396,
        "ParamMouthForm": 0.18091249489225447,
        "ParamBodyAngleX": -0.060887333354694054,
        "ParamBodyAngleY": 0.038695149817968136,
        "ParamBodyAngleZ": 0.09763535768916808,
        "ParamBreath": 0.9998842278398792
      },
      "screenshot_path": "/Users/family/jason/Vtube/experiments/live2d-strong-model-pattern-001/webcam_parameter_drive/frame_06_5410ms.png"
    },
    {
      "index": 7,
      "t_ms": 6360,
      "input_output_count": 13,
      "matched_output_count": 13,
      "applied_count": 13,
      "missing": [],
      "outputs": {
        "ParamAngleX": -0.25806077177413894,
        "ParamAngleY": -0.3181365966966334,
        "ParamAngleZ": 0.6829816594214358,
        "ParamEyeLOpen": 0.8403176367282867,
        "ParamEyeROpen": 0.8419099152088165,
        "ParamEyeBallX": 0.07313132194269979,
        "ParamEyeBallY": -0.21819253237918024,
        "ParamMouthOpenY": 0.0766004231068995,
        "ParamMouthForm": 0.7919474861118942,
        "ParamBodyAngleX": -0.055913167217730105,
        "ParamBodyAngleY": -0.04772048950449501,
        "ParamBodyAngleZ": 0.11383027657023931,
        "ParamBreath": 0.5499464220521373
      },
      "screenshot_path": "/Users/family/jason/Vtube/experiments/live2d-strong-model-pattern-001/webcam_parameter_drive/frame_07_6360ms.png"
    },
    {
      "index": 8,
      "t_ms": 7293,
      "input_output_count": 13,
      "matched_output_count": 13,
      "applied_count": 13,
      "missing": [],
      "outputs": {
        "ParamAngleX": -0.5721139259835245,