{
  "part_id": "eye_R_mostly_closed_lid",
  "vertices": [
    [
      1106.0,
      673.0
    ],
    [
      1143.25,
      673.0
    ],
    [
      1180.5,
      673.0
    ],
    [
      1217.75,
      673.0
    ],
    [
      1255.0,
      673.0
    ],
    [
      1106.0,
      683.667
    ],
    [
      1143.25,
      683.667
    ],
    [
      1180.5,
      683.667
    ],
    [
      1217.75,
      683.667
    ],
    [
      1255.0,
      683.667
    ],
    [
      1106.0,
      694.333
    ],
    [
      1143.25,
      694.333
    ],
    [
      1180.5,
      694.333
    ],
    [
      1217.75,
      694.333
    ],
    [
      1255.0,
      694.333
    ],
    [
      1106.0,
      705.0
    ],
    [
      1143.25,
      705.0
    ],
    [
      1180.5,
      705.0
    ],
    [
      1217.75,
      705.0
    ],
    [
      1255.0,
      705.0
    ]
  ],
  "triangles": [
    [
      0,
      5,
      1
    ],
    [
      1,
      5,
      6
    ],
    [
      1,
      6,
      2
    ],
    [
      2,
      6,
      7
    ],
    [
      2,
      7,
      3
    ],
    [
      3,
      7,
      8
    ],
    [
      3,
      8,
      4
    ],
    [
      4,
      8,
      9
    ],
    [
      5,
      10,
      6
    ],
    [
      6,
      10,
      11
    ],
    [
      6,
      11,
      7
    ],
    [
      7,
      11,
      12
    ],
    [
      7,
      12,
      8
    ],
    [
      8,
      12,
      13
    ],
    [
      8,
      13,
      9
    ],
    [
      9,
      13,
      14
    ],
    [
      10,
      15,
      11
    ],
    [
      11,
      15,
      16
    ],
    [
      11,
      16,
      12
    ],
    [
      12,
      16,
      17
    ],
    [
      12,
      17,
      13
    ],
    [
      13,
      17,
      18
    ],
    [
      13,
      18,
      14
    ],
    [
      14,
      18,
      19
    ]
  ],
  "uvs": [
    [
      0.540039,
      0.328613
    ],
    [
      0.558228,
      0.328613
    ],
    [
      0.576416,
      0.328613
    ],
    [
      0.594604,
      0.328613
    ],
    [
      0.612793,
      0.328613
    ],
    [
      0.540039,
      0.333822
    ],
    [
      0.558228,
      0.333822
    ],
    [
      0.576416,
      0.333822
    ],
    [
      0.594604,
      0.333822
    ],
    [
      0.612793,
      0.333822
    ],
    [
      0.540039,
      0.33903
    ],
    [
      0.558228,
      0.33903
    ],
    [
      0.576416,
      0.33903
    ],
    [
      0.594604,
      0.33903
    ],
    [
      0.612793,
      0.33903
    ],
    [
      0.540039,
      0.344238
    ],
    [
      0.558228,
      0.344238
    ],
    [
      0.576416,
      0.344238
    ],
    [
      0.594604,
      0.344238
    ],
    [
      0.612793,
      0.344238
    ]
  ],
  "mesh_path": "meshes/eye_R_mostly_closed_lid.json"
}
