{
  "part_id": "eye_L_white",
  "vertices": [
    [
      792.0,
      619.0
    ],
    [
      836.25,
      619.0
    ],
    [
      880.5,
      619.0
    ],
    [
      924.75,
      619.0
    ],
    [
      969.0,
      619.0
    ],
    [
      792.0,
      652.667
    ],
    [
      836.25,
      652.667
    ],
    [
      880.5,
      652.667
    ],
    [
      924.75,
      652.667
    ],
    [
      969.0,
      652.667
    ],
    [
      792.0,
      686.333
    ],
    [
      836.25,
      686.333
    ],
    [
      880.5,
      686.333
    ],
    [
      924.75,
      686.333
    ],
    [
      969.0,
      686.333
    ],
    [
      792.0,
      720.0
    ],
    [
      836.25,
      720.0
    ],
    [
      880.5,
      720.0
    ],
    [
      924.75,
      720.0
    ],
    [
      969.0,
      720.0
    ]
  ],
  "triangles": [
    [
      0,
      5,
      1
    ],
    [
      1,
      5,
      6
    ],
    [
      1,
      6,
      2
    ],
    [
      2,
      6,
      7
    ],
    [
      2,
      7,
      3
    ],
    [
      3,
      7,
      8
    ],
    [
      3,
      8,
      4
    ],
    [
      4,
      8,
      9
    ],
    [
      5,
      10,
      6
    ],
    [
      6,
      10,
      11
    ],
    [
      6,
      11,
      7
    ],
    [
      7,
      11,
      12
    ],
    [
      7,
      12,
      8
    ],
    [
      8,
      12,
      13
    ],
    [
      8,
      13,
      9
    ],
    [
      9,
      13,
      14
    ],
    [
      10,
      15,
      11
    ],
    [
      11,
      15,
      16
    ],
    [
      11,
      16,
      12
    ],
    [
      12,
      16,
      17
    ],
    [
      12,
      17,
      13
    ],
    [
      13,
      17,
      18
    ],
    [
      13,
      18,
      14
    ],
    [
      14,
      18,
      19
    ]
  ],
  "uvs": [
    [
      0.386719,
      0.302246
    ],
    [
      0.408325,
      0.302246
    ],
    [
      0.429932,
      0.302246
    ],
    [
      0.451538,
      0.302246
    ],
    [
      0.473145,
      0.302246
    ],
    [
      0.386719,
      0.318685
    ],
    [
      0.408325,
      0.318685
    ],
    [
      0.429932,
      0.318685
    ],
    [
      0.451538,
      0.318685
    ],
    [
      0.473145,
      0.318685
    ],
    [
      0.386719,
      0.335124
    ],
    [
      0.408325,
      0.335124
    ],
    [
      0.429932,
      0.335124
    ],
    [
      0.451538,
      0.335124
    ],
    [
      0.473145,
      0.335124
    ],
    [
      0.386719,
      0.351562
    ],
    [
      0.408325,
      0.351562
    ],
    [
      0.429932,
      0.351562
    ],
    [
      0.451538,
      0.351562
    ],
    [
      0.473145,
      0.351562
    ]
  ],
  "mesh_path": "meshes/eye_L_white.json"
}
