{
  "part_id": "eye_L_clean_socket",
  "vertices": [
    [
      773.0,
      607.0
    ],
    [
      826.5,
      607.0
    ],
    [
      880.0,
      607.0
    ],
    [
      933.5,
      607.0
    ],
    [
      987.0,
      607.0
    ],
    [
      773.0,
      648.333
    ],
    [
      826.5,
      648.333
    ],
    [
      880.0,
      648.333
    ],
    [
      933.5,
      648.333
    ],
    [
      987.0,
      648.333
    ],
    [
      773.0,
      689.667
    ],
    [
      826.5,
      689.667
    ],
    [
      880.0,
      689.667
    ],
    [
      933.5,
      689.667
    ],
    [
      987.0,
      689.667
    ],
    [
      773.0,
      731.0
    ],
    [
      826.5,
      731.0
    ],
    [
      880.0,
      731.0
    ],
    [
      933.5,
      731.0
    ],
    [
      987.0,
      731.0
    ]
  ],
  "triangles": [
    [
      0,
      5,
      1
    ],
    [
      1,
      5,
      6
    ],
    [
      1,
      6,
      2
    ],
    [
      2,
      6,
      7
    ],
    [
      2,
      7,
      3
    ],
    [
      3,
      7,
      8
    ],
    [
      3,
      8,
      4
    ],
    [
      4,
      8,
      9
    ],
    [
      5,
      10,
      6
    ],
    [
      6,
      10,
      11
    ],
    [
      6,
      11,
      7
    ],
    [
      7,
      11,
      12
    ],
    [
      7,
      12,
      8
    ],
    [
      8,
      12,
      13
    ],
    [
      8,
      13,
      9
    ],
    [
      9,
      13,
      14
    ],
    [
      10,
      15,
      11
    ],
    [
      11,
      15,
      16
    ],
    [
      11,
      16,
      12
    ],
    [
      12,
      16,
      17
    ],
    [
      12,
      17,
      13
    ],
    [
      13,
      17,
      18
    ],
    [
      13,
      18,
      14
    ],
    [
      14,
      18,
      19
    ]
  ],
  "uvs": [
    [
      0.377441,
      0.296387
    ],
    [
      0.403564,
      0.296387
    ],
    [
      0.429688,
      0.296387
    ],
    [
      0.455811,
      0.296387
    ],
    [
      0.481934,
      0.296387
    ],
    [
      0.377441,
      0.316569
    ],
    [
      0.403564,
      0.316569
    ],
    [
      0.429688,
      0.316569
    ],
    [
      0.455811,
      0.316569
    ],
    [
      0.481934,
      0.316569
    ],
    [
      0.377441,
      0.336751
    ],
    [
      0.403564,
      0.336751
    ],
    [
      0.429688,
      0.336751
    ],
    [
      0.455811,
      0.336751
    ],
    [
      0.481934,
      0.336751
    ],
    [
      0.377441,
      0.356934
    ],
    [
      0.403564,
      0.356934
    ],
    [
      0.429688,
      0.356934
    ],
    [
      0.455811,
      0.356934
    ],
    [
      0.481934,
      0.356934
    ]
  ],
  "mesh_path": "meshes/eye_L_clean_socket.json"
}
