{
  "part_id": "mouth_closed_smile",
  "vertices": [
    [
      968.0,
      876.0
    ],
    [
      1001.25,
      876.0
    ],
    [
      1034.5,
      876.0
    ],
    [
      1067.75,
      876.0
    ],
    [
      1101.0,
      876.0
    ],
    [
      968.0,
      886.667
    ],
    [
      1001.25,
      886.667
    ],
    [
      1034.5,
      886.667
    ],
    [
      1067.75,
      886.667
    ],
    [
      1101.0,
      886.667
    ],
    [
      968.0,
      897.333
    ],
    [
      1001.25,
      897.333
    ],
    [
      1034.5,
      897.333
    ],
    [
      1067.75,
      897.333
    ],
    [
      1101.0,
      897.333
    ],
    [
      968.0,
      908.0
    ],
    [
      1001.25,
      908.0
    ],
    [
      1034.5,
      908.0
    ],
    [
      1067.75,
      908.0
    ],
    [
      1101.0,
      908.0
    ]
  ],
  "triangles": [
    [
      0,
      5,
      1
    ],
    [
      1,
      5,
      6
    ],
    [
      1,
      6,
      2
    ],
    [
      2,
      6,
      7
    ],
    [
      2,
      7,
      3
    ],
    [
      3,
      7,
      8
    ],
    [
      3,
      8,
      4
    ],
    [
      4,
      8,
      9
    ],
    [
      5,
      10,
      6
    ],
    [
      6,
      10,
      11
    ],
    [
      6,
      11,
      7
    ],
    [
      7,
      11,
      12
    ],
    [
      7,
      12,
      8
    ],
    [
      8,
      12,
      13
    ],
    [
      8,
      13,
      9
    ],
    [
      9,
      13,
      14
    ],
    [
      10,
      15,
      11
    ],
    [
      11,
      15,
      16
    ],
    [
      11,
      16,
      12
    ],
    [
      12,
      16,
      17
    ],
    [
      12,
      17,
      13
    ],
    [
      13,
      17,
      18
    ],
    [
      13,
      18,
      14
    ],
    [
      14,
      18,
      19
    ]
  ],
  "uvs": [
    [
      0.472656,
      0.427734
    ],
    [
      0.488892,
      0.427734
    ],
    [
      0.505127,
      0.427734
    ],
    [
      0.521362,
      0.427734
    ],
    [
      0.537598,
      0.427734
    ],
    [
      0.472656,
      0.432943
    ],
    [
      0.488892,
      0.432943
    ],
    [
      0.505127,
      0.432943
    ],
    [
      0.521362,
      0.432943
    ],
    [
      0.537598,
      0.432943
    ],
    [
      0.472656,
      0.438151
    ],
    [
      0.488892,
      0.438151
    ],
    [
      0.505127,
      0.438151
    ],
    [
      0.521362,
      0.438151
    ],
    [
      0.537598,
      0.438151
    ],
    [
      0.472656,
      0.443359
    ],
    [
      0.488892,
      0.443359
    ],
    [
      0.505127,
      0.443359
    ],
    [
      0.521362,
      0.443359
    ],
    [
      0.537598,
      0.443359
    ]
  ],
  "mesh_path": "meshes/mouth_closed_smile.json"
}
