{
  "part_id": "mouth_small_open",
  "vertices": [
    [
      962.0,
      870.0
    ],
    [
      998.25,
      870.0
    ],
    [
      1034.5,
      870.0
    ],
    [
      1070.75,
      870.0
    ],
    [
      1107.0,
      870.0
    ],
    [
      962.0,
      885.0
    ],
    [
      998.25,
      885.0
    ],
    [
      1034.5,
      885.0
    ],
    [
      1070.75,
      885.0
    ],
    [
      1107.0,
      885.0
    ],
    [
      962.0,
      900.0
    ],
    [
      998.25,
      900.0
    ],
    [
      1034.5,
      900.0
    ],
    [
      1070.75,
      900.0
    ],
    [
      1107.0,
      900.0
    ],
    [
      962.0,
      915.0
    ],
    [
      998.25,
      915.0
    ],
    [
      1034.5,
      915.0
    ],
    [
      1070.75,
      915.0
    ],
    [
      1107.0,
      915.0
    ]
  ],
  "triangles": [
    [
      0,
      5,
      1
    ],
    [
      1,
      5,
      6
    ],
    [
      1,
      6,
      2
    ],
    [
      2,
      6,
      7
    ],
    [
      2,
      7,
      3
    ],
    [
      3,
      7,
      8
    ],
    [
      3,
      8,
      4
    ],
    [
      4,
      8,
      9
    ],
    [
      5,
      10,
      6
    ],
    [
      6,
      10,
      11
    ],
    [
      6,
      11,
      7
    ],
    [
      7,
      11,
      12
    ],
    [
      7,
      12,
      8
    ],
    [
      8,
      12,
      13
    ],
    [
      8,
      13,
      9
    ],
    [
      9,
      13,
      14
    ],
    [
      10,
      15,
      11
    ],
    [
      11,
      15,
      16
    ],
    [
      11,
      16,
      12
    ],
    [
      12,
      16,
      17
    ],
    [
      12,
      17,
      13
    ],
    [
      13,
      17,
      18
    ],
    [
      13,
      18,
      14
    ],
    [
      14,
      18,
      19
    ]
  ],
  "uvs": [
    [
      0.469727,
      0.424805
    ],
    [
      0.487427,
      0.424805
    ],
    [
      0.505127,
      0.424805
    ],
    [
      0.522827,
      0.424805
    ],
    [
      0.540527,
      0.424805
    ],
    [
      0.469727,
      0.432129
    ],
    [
      0.487427,
      0.432129
    ],
    [
      0.505127,
      0.432129
    ],
    [
      0.522827,
      0.432129
    ],
    [
      0.540527,
      0.432129
    ],
    [
      0.469727,
      0.439453
    ],
    [
      0.487427,
      0.439453
    ],
    [
      0.505127,
      0.439453
    ],
    [
      0.522827,
      0.439453
    ],
    [
      0.540527,
      0.439453
    ],
    [
      0.469727,
      0.446777
    ],
    [
      0.487427,
      0.446777
    ],
    [
      0.505127,
      0.446777
    ],
    [
      0.522827,
      0.446777
    ],
    [
      0.540527,
      0.446777
    ]
  ],
  "mesh_path": "meshes/mouth_small_open.json"
}
