{
  "part_id": "eye_R_half_closed_lid",
  "vertices": [
    [
      1102.0,
      682.0
    ],
    [
      1141.75,
      682.0
    ],
    [
      1181.5,
      682.0
    ],
    [
      1221.25,
      682.0
    ],
    [
      1261.0,
      682.0
    ],
    [
      1102.0,
      698.333
    ],
    [
      1141.75,
      698.333
    ],
    [
      1181.5,
      698.333
    ],
    [
      1221.25,
      698.333
    ],
    [
      1261.0,
      698.333
    ],
    [
      1102.0,
      714.667
    ],
    [
      1141.75,
      714.667
    ],
    [
      1181.5,
      714.667
    ],
    [
      1221.25,
      714.667
    ],
    [
      1261.0,
      714.667
    ],
    [
      1102.0,
      731.0
    ],
    [
      1141.75,
      731.0
    ],
    [
      1181.5,
      731.0
    ],
    [
      1221.25,
      731.0
    ],
    [
      1261.0,
      731.0
    ]
  ],
  "triangles": [
    [
      0,
      5,
      1
    ],
    [
      1,
      5,
      6
    ],
    [
      1,
      6,
      2
    ],
    [
      2,
      6,
      7
    ],
    [
      2,
      7,
      3
    ],
    [
      3,
      7,
      8
    ],
    [
      3,
      8,
      4
    ],
    [
      4,
      8,
      9
    ],
    [
      5,
      10,
      6
    ],
    [
      6,
      10,
      11
    ],
    [
      6,
      11,
      7
    ],
    [
      7,
      11,
      12
    ],
    [
      7,
      12,
      8
    ],
    [
      8,
      12,
      13
    ],
    [
      8,
      13,
      9
    ],
    [
      9,
      13,
      14
    ],
    [
      10,
      15,
      11
    ],
    [
      11,
      15,
      16
    ],
    [
      11,
      16,
      12
    ],
    [
      12,
      16,
      17
    ],
    [
      12,
      17,
      13
    ],
    [
      13,
      17,
      18
    ],
    [
      13,
      18,
      14
    ],
    [
      14,
      18,
      19
    ]
  ],
  "uvs": [
    [
      0.538086,
      0.333008
    ],
    [
      0.557495,
      0.333008
    ],
    [
      0.576904,
      0.333008
    ],
    [
      0.596313,
      0.333008
    ],
    [
      0.615723,
      0.333008
    ],
    [
      0.538086,
      0.340983
    ],
    [
      0.557495,
      0.340983
    ],
    [
      0.576904,
      0.340983
    ],
    [
      0.596313,
      0.340983
    ],
    [
      0.615723,
      0.340983
    ],
    [
      0.538086,
      0.348958
    ],
    [
      0.557495,
      0.348958
    ],
    [
      0.576904,
      0.348958
    ],
    [
      0.596313,
      0.348958
    ],
    [
      0.615723,
      0.348958
    ],
    [
      0.538086,
      0.356934
    ],
    [
      0.557495,
      0.356934
    ],
    [
      0.576904,
      0.356934
    ],
    [
      0.596313,
      0.356934
    ],
    [
      0.615723,
      0.356934
    ]
  ],
  "mesh_path": "meshes/eye_R_half_closed_lid.json"
}
