{
  "part_id": "mouth_base_clean",
  "vertices": [
    [
      918.0,
      826.0
    ],
    [
      973.5,
      826.0
    ],
    [
      1029.0,
      826.0
    ],
    [
      1084.5,
      826.0
    ],
    [
      1140.0,
      826.0
    ],
    [
      918.0,
      872.0
    ],
    [
      973.5,
      872.0
    ],
    [
      1029.0,
      872.0
    ],
    [
      1084.5,
      872.0
    ],
    [
      1140.0,
      872.0
    ],
    [
      918.0,
      918.0
    ],
    [
      973.5,
      918.0
    ],
    [
      1029.0,
      918.0
    ],
    [
      1084.5,
      918.0
    ],
    [
      1140.0,
      918.0
    ],
    [
      918.0,
      964.0
    ],
    [
      973.5,
      964.0
    ],
    [
      1029.0,
      964.0
    ],
    [
      1084.5,
      964.0
    ],
    [
      1140.0,
      964.0
    ]
  ],
  "triangles": [
    [
      0,
      5,
      1
    ],
    [
      1,
      5,
      6
    ],
    [
      1,
      6,
      2
    ],
    [
      2,
      6,
      7
    ],
    [
      2,
      7,
      3
    ],
    [
      3,
      7,
      8
    ],
    [
      3,
      8,
      4
    ],
    [
      4,
      8,
      9
    ],
    [
      5,
      10,
      6
    ],
    [
      6,
      10,
      11
    ],
    [
      6,
      11,
      7
    ],
    [
      7,
      11,
      12
    ],
    [
      7,
      12,
      8
    ],
    [
      8,
      12,
      13
    ],
    [
      8,
      13,
      9
    ],
    [
      9,
      13,
      14
    ],
    [
      10,
      15,
      11
    ],
    [
      11,
      15,
      16
    ],
    [
      11,
      16,
      12
    ],
    [
      12,
      16,
      17
    ],
    [
      12,
      17,
      13
    ],
    [
      13,
      17,
      18
    ],
    [
      13,
      18,
      14
    ],
    [
      14,
      18,
      19
    ]
  ],
  "uvs": [
    [
      0.448242,
      0.40332
    ],
    [
      0.475342,
      0.40332
    ],
    [
      0.502441,
      0.40332
    ],
    [
      0.529541,
      0.40332
    ],
    [
      0.556641,
      0.40332
    ],
    [
      0.448242,
      0.425781
    ],
    [
      0.475342,
      0.425781
    ],
    [
      0.502441,
      0.425781
    ],
    [
      0.529541,
      0.425781
    ],
    [
      0.556641,
      0.425781
    ],
    [
      0.448242,
      0.448242
    ],
    [
      0.475342,
      0.448242
    ],
    [
      0.502441,
      0.448242
    ],
    [
      0.529541,
      0.448242
    ],
    [
      0.556641,
      0.448242
    ],
    [
      0.448242,
      0.470703
    ],
    [
      0.475342,
      0.470703
    ],
    [
      0.502441,
      0.470703
    ],
    [
      0.529541,
      0.470703
    ],
    [
      0.556641,
      0.470703
    ]
  ],
  "mesh_path": "meshes/mouth_base_clean.json"
}
