{
  "part_id": "mouth_wide_open",
  "vertices": [
    [
      943.0,
      841.0
    ],
    [
      989.25,
      841.0
    ],
    [
      1035.5,
      841.0
    ],
    [
      1081.75,
      841.0
    ],
    [
      1128.0,
      841.0
    ],
    [
      943.0,
      875.667
    ],
    [
      989.25,
      875.667
    ],
    [
      1035.5,
      875.667
    ],
    [
      1081.75,
      875.667
    ],
    [
      1128.0,
      875.667
    ],
    [
      943.0,
      910.333
    ],
    [
      989.25,
      910.333
    ],
    [
      1035.5,
      910.333
    ],
    [
      1081.75,
      910.333
    ],
    [
      1128.0,
      910.333
    ],
    [
      943.0,
      945.0
    ],
    [
      989.25,
      945.0
    ],
    [
      1035.5,
      945.0
    ],
    [
      1081.75,
      945.0
    ],
    [
      1128.0,
      945.0
    ]
  ],
  "triangles": [
    [
      0,
      5,
      1
    ],
    [
      1,
      5,
      6
    ],
    [
      1,
      6,
      2
    ],
    [
      2,
      6,
      7
    ],
    [
      2,
      7,
      3
    ],
    [
      3,
      7,
      8
    ],
    [
      3,
      8,
      4
    ],
    [
      4,
      8,
      9
    ],
    [
      5,
      10,
      6
    ],
    [
      6,
      10,
      11
    ],
    [
      6,
      11,
      7
    ],
    [
      7,
      11,
      12
    ],
    [
      7,
      12,
      8
    ],
    [
      8,
      12,
      13
    ],
    [
      8,
      13,
      9
    ],
    [
      9,
      13,
      14
    ],
    [
      10,
      15,
      11
    ],
    [
      11,
      15,
      16
    ],
    [
      11,
      16,
      12
    ],
    [
      12,
      16,
      17
    ],
    [
      12,
      17,
      13
    ],
    [
      13,
      17,
      18
    ],
    [
      13,
      18,
      14
    ],
    [
      14,
      18,
      19
    ]
  ],
  "uvs": [
    [
      0.460449,
      0.410645
    ],
    [
      0.483032,
      0.410645
    ],
    [
      0.505615,
      0.410645
    ],
    [
      0.528198,
      0.410645
    ],
    [
      0.550781,
      0.410645
    ],
    [
      0.460449,
      0.427572
    ],
    [
      0.483032,
      0.427572
    ],
    [
      0.505615,
      0.427572
    ],
    [
      0.528198,
      0.427572
    ],
    [
      0.550781,
      0.427572
    ],
    [
      0.460449,
      0.444499
    ],
    [
      0.483032,
      0.444499
    ],
    [
      0.505615,
      0.444499
    ],
    [
      0.528198,
      0.444499
    ],
    [
      0.550781,
      0.444499
    ],
    [
      0.460449,
      0.461426
    ],
    [
      0.483032,
      0.461426
    ],
    [
      0.505615,
      0.461426
    ],
    [
      0.528198,
      0.461426
    ],
    [
      0.550781,
      0.461426
    ]
  ],
  "mesh_path": "meshes/mouth_wide_open.json"
}
