{
  "part_id": "eye_L_closed_lid",
  "vertices": [
    [
      818.0,
      687.0
    ],
    [
      864.0,
      687.0
    ],
    [
      910.0,
      687.0
    ],
    [
      956.0,
      687.0
    ],
    [
      1002.0,
      687.0
    ],
    [
      818.0,
      705.0
    ],
    [
      864.0,
      705.0
    ],
    [
      910.0,
      705.0
    ],
    [
      956.0,
      705.0
    ],
    [
      1002.0,
      705.0
    ],
    [
      818.0,
      723.0
    ],
    [
      864.0,
      723.0
    ],
    [
      910.0,
      723.0
    ],
    [
      956.0,
      723.0
    ],
    [
      1002.0,
      723.0
    ],
    [
      818.0,
      741.0
    ],
    [
      864.0,
      741.0
    ],
    [
      910.0,
      741.0
    ],
    [
      956.0,
      741.0
    ],
    [
      1002.0,
      741.0
    ]
  ],
  "triangles": [
    [
      0,
      5,
      1
    ],
    [
      1,
      5,
      6
    ],
    [
      1,
      6,
      2
    ],
    [
      2,
      6,
      7
    ],
    [
      2,
      7,
      3
    ],
    [
      3,
      7,
      8
    ],
    [
      3,
      8,
      4
    ],
    [
      4,
      8,
      9
    ],
    [
      5,
      10,
      6
    ],
    [
      6,
      10,
      11
    ],
    [
      6,
      11,
      7
    ],
    [
      7,
      11,
      12
    ],
    [
      7,
      12,
      8
    ],
    [
      8,
      12,
      13
    ],
    [
      8,
      13,
      9
    ],
    [
      9,
      13,
      14
    ],
    [
      10,
      15,
      11
    ],
    [
      11,
      15,
      16
    ],
    [
      11,
      16,
      12
    ],
    [
      12,
      16,
      17
    ],
    [
      12,
      17,
      13
    ],
    [
      13,
      17,
      18
    ],
    [
      13,
      18,
      14
    ],
    [
      14,
      18,
      19
    ]
  ],
  "uvs": [
    [
      0.399414,
      0.335449
    ],
    [
      0.421875,
      0.335449
    ],
    [
      0.444336,
      0.335449
    ],
    [
      0.466797,
      0.335449
    ],
    [
      0.489258,
      0.335449
    ],
    [
      0.399414,
      0.344238
    ],
    [
      0.421875,
      0.344238
    ],
    [
      0.444336,
      0.344238
    ],
    [
      0.466797,
      0.344238
    ],
    [
      0.489258,
      0.344238
    ],
    [
      0.399414,
      0.353027
    ],
    [
      0.421875,
      0.353027
    ],
    [
      0.444336,
      0.353027
    ],
    [
      0.466797,
      0.353027
    ],
    [
      0.489258,
      0.353027
    ],
    [
      0.399414,
      0.361816
    ],
    [
      0.421875,
      0.361816
    ],
    [
      0.444336,
      0.361816
    ],
    [
      0.466797,
      0.361816
    ],
    [
      0.489258,
      0.361816
    ]
  ],
  "boundary_vertex_ids": [
    0,
    1,
    2,
    3,
    4,
    5,
    9,
    10,
    14,
    15,
    16,
    17,
    18,
    19
  ],
  "mesh_strategy": {
    "kind": "material_pack_alpha_bbox_grid",
    "cols": 4,
    "rows": 3,
    "note": "Mini Cubism preview mesh only; not final Cubism ArtMesh quality."
  },
  "mesh_path": "meshes/eye_L_closed_lid.json"
}
