{
  "part_id": "eye_L_open",
  "vertices": [
    [
      779.0,
      634.0
    ],
    [
      829.75,
      634.0
    ],
    [
      880.5,
      634.0
    ],
    [
      931.25,
      634.0
    ],
    [
      982.0,
      634.0
    ],
    [
      779.0,
      669.667
    ],
    [
      829.75,
      669.667
    ],
    [
      880.5,
      669.667
    ],
    [
      931.25,
      669.667
    ],
    [
      982.0,
      669.667
    ],
    [
      779.0,
      705.333
    ],
    [
      829.75,
      705.333
    ],
    [
      880.5,
      705.333
    ],
    [
      931.25,
      705.333
    ],
    [
      982.0,
      705.333
    ],
    [
      779.0,
      741.0
    ],
    [
      829.75,
      741.0
    ],
    [
      880.5,
      741.0
    ],
    [
      931.25,
      741.0
    ],
    [
      982.0,
      741.0
    ]
  ],
  "triangles": [
    [
      0,
      5,
      1
    ],
    [
      1,
      5,
      6
    ],
    [
      1,
      6,
      2
    ],
    [
      2,
      6,
      7
    ],
    [
      2,
      7,
      3
    ],
    [
      3,
      7,
      8
    ],
    [
      3,
      8,
      4
    ],
    [
      4,
      8,
      9
    ],
    [
      5,
      10,
      6
    ],
    [
      6,
      10,
      11
    ],
    [
      6,
      11,
      7
    ],
    [
      7,
      11,
      12
    ],
    [
      7,
      12,
      8
    ],
    [
      8,
      12,
      13
    ],
    [
      8,
      13,
      9
    ],
    [
      9,
      13,
      14
    ],
    [
      10,
      15,
      11
    ],
    [
      11,
      15,
      16
    ],
    [
      11,
      16,
      12
    ],
    [
      12,
      16,
      17
    ],
    [
      12,
      17,
      13
    ],
    [
      13,
      17,
      18
    ],
    [
      13,
      18,
      14
    ],
    [
      14,
      18,
      19
    ]
  ],
  "uvs": [
    [
      0.380371,
      0.30957
    ],
    [
      0.405151,
      0.30957
    ],
    [
      0.429932,
      0.30957
    ],
    [
      0.454712,
      0.30957
    ],
    [
      0.479492,
      0.30957
    ],
    [
      0.380371,
      0.326986
    ],
    [
      0.405151,
      0.326986
    ],
    [
      0.429932,
      0.326986
    ],
    [
      0.454712,
      0.326986
    ],
    [
      0.479492,
      0.326986
    ],
    [
      0.380371,
      0.344401
    ],
    [
      0.405151,
      0.344401
    ],
    [
      0.429932,
      0.344401
    ],
    [
      0.454712,
      0.344401
    ],
    [
      0.479492,
      0.344401
    ],
    [
      0.380371,
      0.361816
    ],
    [
      0.405151,
      0.361816
    ],
    [
      0.429932,
      0.361816
    ],
    [
      0.454712,
      0.361816
    ],
    [
      0.479492,
      0.361816
    ]
  ],
  "mesh_path": "meshes/eye_L_open.json"
}
