{
  "part_id": "eye_R_closed_lid",
  "vertices": [
    [
      1092.0,
      653.0
    ],
    [
      1135.0,
      653.0
    ],
    [
      1178.0,
      653.0
    ],
    [
      1221.0,
      653.0
    ],
    [
      1264.0,
      653.0
    ],
    [
      1092.0,
      675.0
    ],
    [
      1135.0,
      675.0
    ],
    [
      1178.0,
      675.0
    ],
    [
      1221.0,
      675.0
    ],
    [
      1264.0,
      675.0
    ],
    [
      1092.0,
      697.0
    ],
    [
      1135.0,
      697.0
    ],
    [
      1178.0,
      697.0
    ],
    [
      1221.0,
      697.0
    ],
    [
      1264.0,
      697.0
    ],
    [
      1092.0,
      719.0
    ],
    [
      1135.0,
      719.0
    ],
    [
      1178.0,
      719.0
    ],
    [
      1221.0,
      719.0
    ],
    [
      1264.0,
      719.0
    ]
  ],
  "triangles": [
    [
      0,
      5,
      1
    ],
    [
      1,
      5,
      6
    ],
    [
      1,
      6,
      2
    ],
    [
      2,
      6,
      7
    ],
    [
      2,
      7,
      3
    ],
    [
      3,
      7,
      8
    ],
    [
      3,
      8,
      4
    ],
    [
      4,
      8,
      9
    ],
    [
      5,
      10,
      6
    ],
    [
      6,
      10,
      11
    ],
    [
      6,
      11,
      7
    ],
    [
      7,
      11,
      12
    ],
    [
      7,
      12,
      8
    ],
    [
      8,
      12,
      13
    ],
    [
      8,
      13,
      9
    ],
    [
      9,
      13,
      14
    ],
    [
      10,
      15,
      11
    ],
    [
      11,
      15,
      16
    ],
    [
      11,
      16,
      12
    ],
    [
      12,
      16,
      17
    ],
    [
      12,
      17,
      13
    ],
    [
      13,
      17,
      18
    ],
    [
      13,
      18,
      14
    ],
    [
      14,
      18,
      19
    ]
  ],
  "uvs": [
    [
      0.533203,
      0.318848
    ],
    [
      0.554199,
      0.318848
    ],
    [
      0.575195,
      0.318848
    ],
    [
      0.596191,
      0.318848
    ],
    [
      0.617188,
      0.318848
    ],
    [
      0.533203,
      0.32959
    ],
    [
      0.554199,
      0.32959
    ],
    [
      0.575195,
      0.32959
    ],
    [
      0.596191,
      0.32959
    ],
    [
      0.617188,
      0.32959
    ],
    [
      0.533203,
      0.340332
    ],
    [
      0.554199,
      0.340332
    ],
    [
      0.575195,
      0.340332
    ],
    [
      0.596191,
      0.340332
    ],
    [
      0.617188,
      0.340332
    ],
    [
      0.533203,
      0.351074
    ],
    [
      0.554199,
      0.351074
    ],
    [
      0.575195,
      0.351074
    ],
    [
      0.596191,
      0.351074
    ],
    [
      0.617188,
      0.351074
    ]
  ],
  "mesh_path": "meshes/eye_R_closed_lid.json"
}
