{
  "part_id": "eye_L_clean_socket",
  "vertices": [
    [
      766.0,
      621.0
    ],
    [
      823.0,
      621.0
    ],
    [
      880.0,
      621.0
    ],
    [
      937.0,
      621.0
    ],
    [
      994.0,
      621.0
    ],
    [
      766.0,
      665.0
    ],
    [
      823.0,
      665.0
    ],
    [
      880.0,
      665.0
    ],
    [
      937.0,
      665.0
    ],
    [
      994.0,
      665.0
    ],
    [
      766.0,
      709.0
    ],
    [
      823.0,
      709.0
    ],
    [
      880.0,
      709.0
    ],
    [
      937.0,
      709.0
    ],
    [
      994.0,
      709.0
    ],
    [
      766.0,
      753.0
    ],
    [
      823.0,
      753.0
    ],
    [
      880.0,
      753.0
    ],
    [
      937.0,
      753.0
    ],
    [
      994.0,
      753.0
    ]
  ],
  "triangles": [
    [
      0,
      5,
      1
    ],
    [
      1,
      5,
      6
    ],
    [
      1,
      6,
      2
    ],
    [
      2,
      6,
      7
    ],
    [
      2,
      7,
      3
    ],
    [
      3,
      7,
      8
    ],
    [
      3,
      8,
      4
    ],
    [
      4,
      8,
      9
    ],
    [
      5,
      10,
      6
    ],
    [
      6,
      10,
      11
    ],
    [
      6,
      11,
      7
    ],
    [
      7,
      11,
      12
    ],
    [
      7,
      12,
      8
    ],
    [
      8,
      12,
      13
    ],
    [
      8,
      13,
      9
    ],
    [
      9,
      13,
      14
    ],
    [
      10,
      15,
      11
    ],
    [
      11,
      15,
      16
    ],
    [
      11,
      16,
      12
    ],
    [
      12,
      16,
      17
    ],
    [
      12,
      17,
      13
    ],
    [
      13,
      17,
      18
    ],
    [
      13,
      18,
      14
    ],
    [
      14,
      18,
      19
    ]
  ],
  "uvs": [
    [
      0.374023,
      0.303223
    ],
    [
      0.401855,
      0.303223
    ],
    [
      0.429688,
      0.303223
    ],
    [
      0.45752,
      0.303223
    ],
    [
      0.485352,
      0.303223
    ],
    [
      0.374023,
      0.324707
    ],
    [
      0.401855,
      0.324707
    ],
    [
      0.429688,
      0.324707
    ],
    [
      0.45752,
      0.324707
    ],
    [
      0.485352,
      0.324707
    ],
    [
      0.374023,
      0.346191
    ],
    [
      0.401855,
      0.346191
    ],
    [
      0.429688,
      0.346191
    ],
    [
      0.45752,
      0.346191
    ],
    [
      0.485352,
      0.346191
    ],
    [
      0.374023,
      0.367676
    ],
    [
      0.401855,
      0.367676
    ],
    [
      0.429688,
      0.367676
    ],
    [
      0.45752,
      0.367676
    ],
    [
      0.485352,
      0.367676
    ]
  ],
  "mesh_path": "meshes/eye_L_clean_socket.json"
}
