{
  "part_id": "eye_R_mostly_closed_lid",
  "vertices": [
    [
      1102.0,
      691.0
    ],
    [
      1141.5,
      691.0
    ],
    [
      1181.0,
      691.0
    ],
    [
      1220.5,
      691.0
    ],
    [
      1260.0,
      691.0
    ],
    [
      1102.0,
      702.333
    ],
    [
      1141.5,
      702.333
    ],
    [
      1181.0,
      702.333
    ],
    [
      1220.5,
      702.333
    ],
    [
      1260.0,
      702.333
    ],
    [
      1102.0,
      713.667
    ],
    [
      1141.5,
      713.667
    ],
    [
      1181.0,
      713.667
    ],
    [
      1220.5,
      713.667
    ],
    [
      1260.0,
      713.667
    ],
    [
      1102.0,
      725.0
    ],
    [
      1141.5,
      725.0
    ],
    [
      1181.0,
      725.0
    ],
    [
      1220.5,
      725.0
    ],
    [
      1260.0,
      725.0
    ]
  ],
  "triangles": [
    [
      0,
      5,
      1
    ],
    [
      1,
      5,
      6
    ],
    [
      1,
      6,
      2
    ],
    [
      2,
      6,
      7
    ],
    [
      2,
      7,
      3
    ],
    [
      3,
      7,
      8
    ],
    [
      3,
      8,
      4
    ],
    [
      4,
      8,
      9
    ],
    [
      5,
      10,
      6
    ],
    [
      6,
      10,
      11
    ],
    [
      6,
      11,
      7
    ],
    [
      7,
      11,
      12
    ],
    [
      7,
      12,
      8
    ],
    [
      8,
      12,
      13
    ],
    [
      8,
      13,
      9
    ],
    [
      9,
      13,
      14
    ],
    [
      10,
      15,
      11
    ],
    [
      11,
      15,
      16
    ],
    [
      11,
      16,
      12
    ],
    [
      12,
      16,
      17
    ],
    [
      12,
      17,
      13
    ],
    [
      13,
      17,
      18
    ],
    [
      13,
      18,
      14
    ],
    [
      14,
      18,
      19
    ]
  ],
  "uvs": [
    [
      0.538086,
      0.337402
    ],
    [
      0.557373,
      0.337402
    ],
    [
      0.57666,
      0.337402
    ],
    [
      0.595947,
      0.337402
    ],
    [
      0.615234,
      0.337402
    ],
    [
      0.538086,
      0.342936
    ],
    [
      0.557373,
      0.342936
    ],
    [
      0.57666,
      0.342936
    ],
    [
      0.595947,
      0.342936
    ],
    [
      0.615234,
      0.342936
    ],
    [
      0.538086,
      0.34847
    ],
    [
      0.557373,
      0.34847
    ],
    [
      0.57666,
      0.34847
    ],
    [
      0.595947,
      0.34847
    ],
    [
      0.615234,
      0.34847
    ],
    [
      0.538086,
      0.354004
    ],
    [
      0.557373,
      0.354004
    ],
    [
      0.57666,
      0.354004
    ],
    [
      0.595947,
      0.354004
    ],
    [
      0.615234,
      0.354004
    ]
  ],
  "mesh_path": "meshes/eye_R_mostly_closed_lid.json"
}
