{
  "part_id": "mouth_wide_teeth_tongue_gen",
  "vertices": [
    [
      935.0,
      844.0
    ],
    [
      985.0,
      844.0
    ],
    [
      1035.0,
      844.0
    ],
    [
      1085.0,
      844.0
    ],
    [
      1135.0,
      844.0
    ],
    [
      935.0,
      875.667
    ],
    [
      985.0,
      875.667
    ],
    [
      1035.0,
      875.667
    ],
    [
      1085.0,
      875.667
    ],
    [
      1135.0,
      875.667
    ],
    [
      935.0,
      907.333
    ],
    [
      985.0,
      907.333
    ],
    [
      1035.0,
      907.333
    ],
    [
      1085.0,
      907.333
    ],
    [
      1135.0,
      907.333
    ],
    [
      935.0,
      939.0
    ],
    [
      985.0,
      939.0
    ],
    [
      1035.0,
      939.0
    ],
    [
      1085.0,
      939.0
    ],
    [
      1135.0,
      939.0
    ]
  ],
  "triangles": [
    [
      0,
      5,
      1
    ],
    [
      1,
      5,
      6
    ],
    [
      1,
      6,
      2
    ],
    [
      2,
      6,
      7
    ],
    [
      2,
      7,
      3
    ],
    [
      3,
      7,
      8
    ],
    [
      3,
      8,
      4
    ],
    [
      4,
      8,
      9
    ],
    [
      5,
      10,
      6
    ],
    [
      6,
      10,
      11
    ],
    [
      6,
      11,
      7
    ],
    [
      7,
      11,
      12
    ],
    [
      7,
      12,
      8
    ],
    [
      8,
      12,
      13
    ],
    [
      8,
      13,
      9
    ],
    [
      9,
      13,
      14
    ],
    [
      10,
      15,
      11
    ],
    [
      11,
      15,
      16
    ],
    [
      11,
      16,
      12
    ],
    [
      12,
      16,
      17
    ],
    [
      12,
      17,
      13
    ],
    [
      13,
      17,
      18
    ],
    [
      13,
      18,
      14
    ],
    [
      14,
      18,
      19
    ]
  ],
  "uvs": [
    [
      0.456543,
      0.412109
    ],
    [
      0.480957,
      0.412109
    ],
    [
      0.505371,
      0.412109
    ],
    [
      0.529785,
      0.412109
    ],
    [
      0.554199,
      0.412109
    ],
    [
      0.456543,
      0.427572
    ],
    [
      0.480957,
      0.427572
    ],
    [
      0.505371,
      0.427572
    ],
    [
      0.529785,
      0.427572
    ],
    [
      0.554199,
      0.427572
    ],
    [
      0.456543,
      0.443034
    ],
    [
      0.480957,
      0.443034
    ],
    [
      0.505371,
      0.443034
    ],
    [
      0.529785,
      0.443034
    ],
    [
      0.554199,
      0.443034
    ],
    [
      0.456543,
      0.458496
    ],
    [
      0.480957,
      0.458496
    ],
    [
      0.505371,
      0.458496
    ],
    [
      0.529785,
      0.458496
    ],
    [
      0.554199,
      0.458496
    ]
  ],
  "mesh_path": "meshes/mouth_wide_teeth_tongue_gen.json"
}
