{
  "part_id": "mouth_mid_teeth_gen",
  "vertices": [
    [
      942.0,
      856.0
    ],
    [
      988.25,
      856.0
    ],
    [
      1034.5,
      856.0
    ],
    [
      1080.75,
      856.0
    ],
    [
      1127.0,
      856.0
    ],
    [
      942.0,
      880.333
    ],
    [
      988.25,
      880.333
    ],
    [
      1034.5,
      880.333
    ],
    [
      1080.75,
      880.333
    ],
    [
      1127.0,
      880.333
    ],
    [
      942.0,
      904.667
    ],
    [
      988.25,
      904.667
    ],
    [
      1034.5,
      904.667
    ],
    [
      1080.75,
      904.667
    ],
    [
      1127.0,
      904.667
    ],
    [
      942.0,
      929.0
    ],
    [
      988.25,
      929.0
    ],
    [
      1034.5,
      929.0
    ],
    [
      1080.75,
      929.0
    ],
    [
      1127.0,
      929.0
    ]
  ],
  "triangles": [
    [
      0,
      5,
      1
    ],
    [
      1,
      5,
      6
    ],
    [
      1,
      6,
      2
    ],
    [
      2,
      6,
      7
    ],
    [
      2,
      7,
      3
    ],
    [
      3,
      7,
      8
    ],
    [
      3,
      8,
      4
    ],
    [
      4,
      8,
      9
    ],
    [
      5,
      10,
      6
    ],
    [
      6,
      10,
      11
    ],
    [
      6,
      11,
      7
    ],
    [
      7,
      11,
      12
    ],
    [
      7,
      12,
      8
    ],
    [
      8,
      12,
      13
    ],
    [
      8,
      13,
      9
    ],
    [
      9,
      13,
      14
    ],
    [
      10,
      15,
      11
    ],
    [
      11,
      15,
      16
    ],
    [
      11,
      16,
      12
    ],
    [
      12,
      16,
      17
    ],
    [
      12,
      17,
      13
    ],
    [
      13,
      17,
      18
    ],
    [
      13,
      18,
      14
    ],
    [
      14,
      18,
      19
    ]
  ],
  "uvs": [
    [
      0.459961,
      0.417969
    ],
    [
      0.482544,
      0.417969
    ],
    [
      0.505127,
      0.417969
    ],
    [
      0.52771,
      0.417969
    ],
    [
      0.550293,
      0.417969
    ],
    [
      0.459961,
      0.42985
    ],
    [
      0.482544,
      0.42985
    ],
    [
      0.505127,
      0.42985
    ],
    [
      0.52771,
      0.42985
    ],
    [
      0.550293,
      0.42985
    ],
    [
      0.459961,
      0.441732
    ],
    [
      0.482544,
      0.441732
    ],
    [
      0.505127,
      0.441732
    ],
    [
      0.52771,
      0.441732
    ],
    [
      0.550293,
      0.441732
    ],
    [
      0.459961,
      0.453613
    ],
    [
      0.482544,
      0.453613
    ],
    [
      0.505127,
      0.453613
    ],
    [
      0.52771,
      0.453613
    ],
    [
      0.550293,
      0.453613
    ]
  ],
  "mesh_path": "meshes/mouth_mid_teeth_gen.json"
}
