{
  "part_id": "mouth_small_open",
  "vertices": [
    [
      952.0,
      867.0
    ],
    [
      993.25,
      867.0
    ],
    [
      1034.5,
      867.0
    ],
    [
      1075.75,
      867.0
    ],
    [
      1117.0,
      867.0
    ],
    [
      952.0,
      883.667
    ],
    [
      993.25,
      883.667
    ],
    [
      1034.5,
      883.667
    ],
    [
      1075.75,
      883.667
    ],
    [
      1117.0,
      883.667
    ],
    [
      952.0,
      900.333
    ],
    [
      993.25,
      900.333
    ],
    [
      1034.5,
      900.333
    ],
    [
      1075.75,
      900.333
    ],
    [
      1117.0,
      900.333
    ],
    [
      952.0,
      917.0
    ],
    [
      993.25,
      917.0
    ],
    [
      1034.5,
      917.0
    ],
    [
      1075.75,
      917.0
    ],
    [
      1117.0,
      917.0
    ]
  ],
  "triangles": [
    [
      0,
      5,
      1
    ],
    [
      1,
      5,
      6
    ],
    [
      1,
      6,
      2
    ],
    [
      2,
      6,
      7
    ],
    [
      2,
      7,
      3
    ],
    [
      3,
      7,
      8
    ],
    [
      3,
      8,
      4
    ],
    [
      4,
      8,
      9
    ],
    [
      5,
      10,
      6
    ],
    [
      6,
      10,
      11
    ],
    [
      6,
      11,
      7
    ],
    [
      7,
      11,
      12
    ],
    [
      7,
      12,
      8
    ],
    [
      8,
      12,
      13
    ],
    [
      8,
      13,
      9
    ],
    [
      9,
      13,
      14
    ],
    [
      10,
      15,
      11
    ],
    [
      11,
      15,
      16
    ],
    [
      11,
      16,
      12
    ],
    [
      12,
      16,
      17
    ],
    [
      12,
      17,
      13
    ],
    [
      13,
      17,
      18
    ],
    [
      13,
      18,
      14
    ],
    [
      14,
      18,
      19
    ]
  ],
  "uvs": [
    [
      0.464844,
      0.42334
    ],
    [
      0.484985,
      0.42334
    ],
    [
      0.505127,
      0.42334
    ],
    [
      0.525269,
      0.42334
    ],
    [
      0.54541,
      0.42334
    ],
    [
      0.464844,
      0.431478
    ],
    [
      0.484985,
      0.431478
    ],
    [
      0.505127,
      0.431478
    ],
    [
      0.525269,
      0.431478
    ],
    [
      0.54541,
      0.431478
    ],
    [
      0.464844,
      0.439616
    ],
    [
      0.484985,
      0.439616
    ],
    [
      0.505127,
      0.439616
    ],
    [
      0.525269,
      0.439616
    ],
    [
      0.54541,
      0.439616
    ],
    [
      0.464844,
      0.447754
    ],
    [
      0.484985,
      0.447754
    ],
    [
      0.505127,
      0.447754
    ],
    [
      0.525269,
      0.447754
    ],
    [
      0.54541,
      0.447754
    ]
  ],
  "mesh_path": "meshes/mouth_small_open.json"
}
