{
  "part_id": "mouth_closed_smile",
  "vertices": [
    [
      960.0,
      874.0
    ],
    [
      997.5,
      874.0
    ],
    [
      1035.0,
      874.0
    ],
    [
      1072.5,
      874.0
    ],
    [
      1110.0,
      874.0
    ],
    [
      960.0,
      886.333
    ],
    [
      997.5,
      886.333
    ],
    [
      1035.0,
      886.333
    ],
    [
      1072.5,
      886.333
    ],
    [
      1110.0,
      886.333
    ],
    [
      960.0,
      898.667
    ],
    [
      997.5,
      898.667
    ],
    [
      1035.0,
      898.667
    ],
    [
      1072.5,
      898.667
    ],
    [
      1110.0,
      898.667
    ],
    [
      960.0,
      911.0
    ],
    [
      997.5,
      911.0
    ],
    [
      1035.0,
      911.0
    ],
    [
      1072.5,
      911.0
    ],
    [
      1110.0,
      911.0
    ]
  ],
  "triangles": [
    [
      0,
      5,
      1
    ],
    [
      1,
      5,
      6
    ],
    [
      1,
      6,
      2
    ],
    [
      2,
      6,
      7
    ],
    [
      2,
      7,
      3
    ],
    [
      3,
      7,
      8
    ],
    [
      3,
      8,
      4
    ],
    [
      4,
      8,
      9
    ],
    [
      5,
      10,
      6
    ],
    [
      6,
      10,
      11
    ],
    [
      6,
      11,
      7
    ],
    [
      7,
      11,
      12
    ],
    [
      7,
      12,
      8
    ],
    [
      8,
      12,
      13
    ],
    [
      8,
      13,
      9
    ],
    [
      9,
      13,
      14
    ],
    [
      10,
      15,
      11
    ],
    [
      11,
      15,
      16
    ],
    [
      11,
      16,
      12
    ],
    [
      12,
      16,
      17
    ],
    [
      12,
      17,
      13
    ],
    [
      13,
      17,
      18
    ],
    [
      13,
      18,
      14
    ],
    [
      14,
      18,
      19
    ]
  ],
  "uvs": [
    [
      0.46875,
      0.426758
    ],
    [
      0.487061,
      0.426758
    ],
    [
      0.505371,
      0.426758
    ],
    [
      0.523682,
      0.426758
    ],
    [
      0.541992,
      0.426758
    ],
    [
      0.46875,
      0.43278
    ],
    [
      0.487061,
      0.43278
    ],
    [
      0.505371,
      0.43278
    ],
    [
      0.523682,
      0.43278
    ],
    [
      0.541992,
      0.43278
    ],
    [
      0.46875,
      0.438802
    ],
    [
      0.487061,
      0.438802
    ],
    [
      0.505371,
      0.438802
    ],
    [
      0.523682,
      0.438802
    ],
    [
      0.541992,
      0.438802
    ],
    [
      0.46875,
      0.444824
    ],
    [
      0.487061,
      0.444824
    ],
    [
      0.505371,
      0.444824
    ],
    [
      0.523682,
      0.444824
    ],
    [
      0.541992,
      0.444824
    ]
  ],
  "mesh_path": "meshes/mouth_closed_smile.json"
}
