{
  "part_id": "mouth_inner",
  "vertices": [
    [
      937.0,
      849.0
    ],
    [
      983.25,
      849.0
    ],
    [
      1029.5,
      849.0
    ],
    [
      1075.75,
      849.0
    ],
    [
      1122.0,
      849.0
    ],
    [
      937.0,
      880.0
    ],
    [
      983.25,
      880.0
    ],
    [
      1029.5,
      880.0
    ],
    [
      1075.75,
      880.0
    ],
    [
      1122.0,
      880.0
    ],
    [
      937.0,
      911.0
    ],
    [
      983.25,
      911.0
    ],
    [
      1029.5,
      911.0
    ],
    [
      1075.75,
      911.0
    ],
    [
      1122.0,
      911.0
    ],
    [
      937.0,
      942.0
    ],
    [
      983.25,
      942.0
    ],
    [
      1029.5,
      942.0
    ],
    [
      1075.75,
      942.0
    ],
    [
      1122.0,
      942.0
    ]
  ],
  "triangles": [
    [
      0,
      5,
      1
    ],
    [
      1,
      5,
      6
    ],
    [
      1,
      6,
      2
    ],
    [
      2,
      6,
      7
    ],
    [
      2,
      7,
      3
    ],
    [
      3,
      7,
      8
    ],
    [
      3,
      8,
      4
    ],
    [
      4,
      8,
      9
    ],
    [
      5,
      10,
      6
    ],
    [
      6,
      10,
      11
    ],
    [
      6,
      11,
      7
    ],
    [
      7,
      11,
      12
    ],
    [
      7,
      12,
      8
    ],
    [
      8,
      12,
      13
    ],
    [
      8,
      13,
      9
    ],
    [
      9,
      13,
      14
    ],
    [
      10,
      15,
      11
    ],
    [
      11,
      15,
      16
    ],
    [
      11,
      16,
      12
    ],
    [
      12,
      16,
      17
    ],
    [
      12,
      17,
      13
    ],
    [
      13,
      17,
      18
    ],
    [
      13,
      18,
      14
    ],
    [
      14,
      18,
      19
    ]
  ],
  "uvs": [
    [
      0.45752,
      0.414551
    ],
    [
      0.480103,
      0.414551
    ],
    [
      0.502686,
      0.414551
    ],
    [
      0.525269,
      0.414551
    ],
    [
      0.547852,
      0.414551
    ],
    [
      0.45752,
      0.429688
    ],
    [
      0.480103,
      0.429688
    ],
    [
      0.502686,
      0.429688
    ],
    [
      0.525269,
      0.429688
    ],
    [
      0.547852,
      0.429688
    ],
    [
      0.45752,
      0.444824
    ],
    [
      0.480103,
      0.444824
    ],
    [
      0.502686,
      0.444824
    ],
    [
      0.525269,
      0.444824
    ],
    [
      0.547852,
      0.444824
    ],
    [
      0.45752,
      0.459961
    ],
    [
      0.480103,
      0.459961
    ],
    [
      0.502686,
      0.459961
    ],
    [
      0.525269,
      0.459961
    ],
    [
      0.547852,
      0.459961
    ]
  ],
  "mesh_path": "meshes/mouth_inner.json"
}
