{
  "part_id": "mouth_tongue",
  "vertices": [
    [
      940.0,
      846.0
    ],
    [
      984.0,
      846.0
    ],
    [
      1028.0,
      846.0
    ],
    [
      1072.0,
      846.0
    ],
    [
      1116.0,
      846.0
    ],
    [
      940.0,
      878.667
    ],
    [
      984.0,
      878.667
    ],
    [
      1028.0,
      878.667
    ],
    [
      1072.0,
      878.667
    ],
    [
      1116.0,
      878.667
    ],
    [
      940.0,
      911.333
    ],
    [
      984.0,
      911.333
    ],
    [
      1028.0,
      911.333
    ],
    [
      1072.0,
      911.333
    ],
    [
      1116.0,
      911.333
    ],
    [
      940.0,
      944.0
    ],
    [
      984.0,
      944.0
    ],
    [
      1028.0,
      944.0
    ],
    [
      1072.0,
      944.0
    ],
    [
      1116.0,
      944.0
    ]
  ],
  "triangles": [
    [
      0,
      5,
      1
    ],
    [
      1,
      5,
      6
    ],
    [
      1,
      6,
      2
    ],
    [
      2,
      6,
      7
    ],
    [
      2,
      7,
      3
    ],
    [
      3,
      7,
      8
    ],
    [
      3,
      8,
      4
    ],
    [
      4,
      8,
      9
    ],
    [
      5,
      10,
      6
    ],
    [
      6,
      10,
      11
    ],
    [
      6,
      11,
      7
    ],
    [
      7,
      11,
      12
    ],
    [
      7,
      12,
      8
    ],
    [
      8,
      12,
      13
    ],
    [
      8,
      13,
      9
    ],
    [
      9,
      13,
      14
    ],
    [
      10,
      15,
      11
    ],
    [
      11,
      15,
      16
    ],
    [
      11,
      16,
      12
    ],
    [
      12,
      16,
      17
    ],
    [
      12,
      17,
      13
    ],
    [
      13,
      17,
      18
    ],
    [
      13,
      18,
      14
    ],
    [
      14,
      18,
      19
    ]
  ],
  "uvs": [
    [
      0.458984,
      0.413086
    ],
    [
      0.480469,
      0.413086
    ],
    [
      0.501953,
      0.413086
    ],
    [
      0.523438,
      0.413086
    ],
    [
      0.544922,
      0.413086
    ],
    [
      0.458984,
      0.429036
    ],
    [
      0.480469,
      0.429036
    ],
    [
      0.501953,
      0.429036
    ],
    [
      0.523438,
      0.429036
    ],
    [
      0.544922,
      0.429036
    ],
    [
      0.458984,
      0.444987
    ],
    [
      0.480469,
      0.444987
    ],
    [
      0.501953,
      0.444987
    ],
    [
      0.523438,
      0.444987
    ],
    [
      0.544922,
      0.444987
    ],
    [
      0.458984,
      0.460938
    ],
    [
      0.480469,
      0.460938
    ],
    [
      0.501953,
      0.460938
    ],
    [
      0.523438,
      0.460938
    ],
    [
      0.544922,
      0.460938
    ]
  ],
  "mesh_path": "meshes/mouth_tongue.json"
}
