state,eye_open,hash,hidden_opacity,ghost_score
blink_1,1,1777124902,0.0,0.10321
blink_0_5,0.5,1937495569,0.0,0.09735
blink_0,0,3052778381,0.0,0.07629
