{
  "part_id": "eye_R_open",
  "vertices": [
    [
      1069.0,
      634.0
    ],
    [
      1119.75,
      634.0
    ],
    [
      1170.5,
      634.0
    ],
    [
      1221.25,
      634.0
    ],
    [
      1272.0,
      634.0
    ],
    [
      1069.0,
      669.333
    ],
    [
      1119.75,
      669.333
    ],
    [
      1170.5,
      669.333
    ],
    [
      1221.25,
      669.333
    ],
    [
      1272.0,
      669.333
    ],
    [
      1069.0,
      704.667
    ],
    [
      1119.75,
      704.667
    ],
    [
      1170.5,
      704.667
    ],
    [
      1221.25,
      704.667
    ],
    [
      1272.0,
      704.667
    ],
    [
      1069.0,
      740.0
    ],
    [
      1119.75,
      740.0
    ],
    [
      1170.5,
      740.0
    ],
    [
      1221.25,
      740.0
    ],
    [
      1272.0,
      740.0
    ]
  ],
  "triangles": [
    [
      0,
      5,
      1
    ],
    [
      1,
      5,
      6
    ],
    [
      1,
      6,
      2
    ],
    [
      2,
      6,
      7
    ],
    [
      2,
      7,
      3
    ],
    [
      3,
      7,
      8
    ],
    [
      3,
      8,
      4
    ],
    [
      4,
      8,
      9
    ],
    [
      5,
      10,
      6
    ],
    [
      6,
      10,
      11
    ],
    [
      6,
      11,
      7
    ],
    [
      7,
      11,
      12
    ],
    [
      7,
      12,
      8
    ],
    [
      8,
      12,
      13
    ],
    [
      8,
      13,
      9
    ],
    [
      9,
      13,
      14
    ],
    [
      10,
      15,
      11
    ],
    [
      11,
      15,
      16
    ],
    [
      11,
      16,
      12
    ],
    [
      12,
      16,
      17
    ],
    [
      12,
      17,
      13
    ],
    [
      13,
      17,
      18
    ],
    [
      13,
      18,
      14
    ],
    [
      14,
      18,
      19
    ]
  ],
  "uvs": [
    [
      0.521973,
      0.30957
    ],
    [
      0.546753,
      0.30957
    ],
    [
      0.571533,
      0.30957
    ],
    [
      0.596313,
      0.30957
    ],
    [
      0.621094,
      0.30957
    ],
    [
      0.521973,
      0.326823
    ],
    [
      0.546753,
      0.326823
    ],
    [
      0.571533,
      0.326823
    ],
    [
      0.596313,
      0.326823
    ],
    [
      0.621094,
      0.326823
    ],
    [
      0.521973,
      0.344076
    ],
    [
      0.546753,
      0.344076
    ],
    [
      0.571533,
      0.344076
    ],
    [
      0.596313,
      0.344076
    ],
    [
      0.621094,
      0.344076
    ],
    [
      0.521973,
      0.361328
    ],
    [
      0.546753,
      0.361328
    ],
    [
      0.571533,
      0.361328
    ],
    [
      0.596313,
      0.361328
    ],
    [
      0.621094,
      0.361328
    ]
  ],
  "mesh_path": "meshes/eye_R_open.json"
}
