{
  "part_id": "eye_L_iris",
  "vertices": [
    [
      860.0,
      638.0
    ],
    [
      879.25,
      638.0
    ],
    [
      898.5,
      638.0
    ],
    [
      917.75,
      638.0
    ],
    [
      937.0,
      638.0
    ],
    [
      860.0,
      666.0
    ],
    [
      879.25,
      666.0
    ],
    [
      898.5,
      666.0
    ],
    [
      917.75,
      666.0
    ],
    [
      937.0,
      666.0
    ],
    [
      860.0,
      694.0
    ],
    [
      879.25,
      694.0
    ],
    [
      898.5,
      694.0
    ],
    [
      917.75,
      694.0
    ],
    [
      937.0,
      694.0
    ],
    [
      860.0,
      722.0
    ],
    [
      879.25,
      722.0
    ],
    [
      898.5,
      722.0
    ],
    [
      917.75,
      722.0
    ],
    [
      937.0,
      722.0
    ]
  ],
  "triangles": [
    [
      0,
      5,
      1
    ],
    [
      1,
      5,
      6
    ],
    [
      1,
      6,
      2
    ],
    [
      2,
      6,
      7
    ],
    [
      2,
      7,
      3
    ],
    [
      3,
      7,
      8
    ],
    [
      3,
      8,
      4
    ],
    [
      4,
      8,
      9
    ],
    [
      5,
      10,
      6
    ],
    [
      6,
      10,
      11
    ],
    [
      6,
      11,
      7
    ],
    [
      7,
      11,
      12
    ],
    [
      7,
      12,
      8
    ],
    [
      8,
      12,
      13
    ],
    [
      8,
      13,
      9
    ],
    [
      9,
      13,
      14
    ],
    [
      10,
      15,
      11
    ],
    [
      11,
      15,
      16
    ],
    [
      11,
      16,
      12
    ],
    [
      12,
      16,
      17
    ],
    [
      12,
      17,
      13
    ],
    [
      13,
      17,
      18
    ],
    [
      13,
      18,
      14
    ],
    [
      14,
      18,
      19
    ]
  ],
  "uvs": [
    [
      0.419922,
      0.311523
    ],
    [
      0.429321,
      0.311523
    ],
    [
      0.438721,
      0.311523
    ],
    [
      0.44812,
      0.311523
    ],
    [
      0.45752,
      0.311523
    ],
    [
      0.419922,
      0.325195
    ],
    [
      0.429321,
      0.325195
    ],
    [
      0.438721,
      0.325195
    ],
    [
      0.44812,
      0.325195
    ],
    [
      0.45752,
      0.325195
    ],
    [
      0.419922,
      0.338867
    ],
    [
      0.429321,
      0.338867
    ],
    [
      0.438721,
      0.338867
    ],
    [
      0.44812,
      0.338867
    ],
    [
      0.45752,
      0.338867
    ],
    [
      0.419922,
      0.352539
    ],
    [
      0.429321,
      0.352539
    ],
    [
      0.438721,
      0.352539
    ],
    [
      0.44812,
      0.352539
    ],
    [
      0.45752,
      0.352539
    ]
  ],
  "mesh_path": "meshes/eye_L_iris.json"
}
