{
  "part_id": "eye_R_iris",
  "vertices": [
    [
      1115.0,
      638.0
    ],
    [
      1134.25,
      638.0
    ],
    [
      1153.5,
      638.0
    ],
    [
      1172.75,
      638.0
    ],
    [
      1192.0,
      638.0
    ],
    [
      1115.0,
      666.0
    ],
    [
      1134.25,
      666.0
    ],
    [
      1153.5,
      666.0
    ],
    [
      1172.75,
      666.0
    ],
    [
      1192.0,
      666.0
    ],
    [
      1115.0,
      694.0
    ],
    [
      1134.25,
      694.0
    ],
    [
      1153.5,
      694.0
    ],
    [
      1172.75,
      694.0
    ],
    [
      1192.0,
      694.0
    ],
    [
      1115.0,
      722.0
    ],
    [
      1134.25,
      722.0
    ],
    [
      1153.5,
      722.0
    ],
    [
      1172.75,
      722.0
    ],
    [
      1192.0,
      722.0
    ]
  ],
  "triangles": [
    [
      0,
      5,
      1
    ],
    [
      1,
      5,
      6
    ],
    [
      1,
      6,
      2
    ],
    [
      2,
      6,
      7
    ],
    [
      2,
      7,
      3
    ],
    [
      3,
      7,
      8
    ],
    [
      3,
      8,
      4
    ],
    [
      4,
      8,
      9
    ],
    [
      5,
      10,
      6
    ],
    [
      6,
      10,
      11
    ],
    [
      6,
      11,
      7
    ],
    [
      7,
      11,
      12
    ],
    [
      7,
      12,
      8
    ],
    [
      8,
      12,
      13
    ],
    [
      8,
      13,
      9
    ],
    [
      9,
      13,
      14
    ],
    [
      10,
      15,
      11
    ],
    [
      11,
      15,
      16
    ],
    [
      11,
      16,
      12
    ],
    [
      12,
      16,
      17
    ],
    [
      12,
      17,
      13
    ],
    [
      13,
      17,
      18
    ],
    [
      13,
      18,
      14
    ],
    [
      14,
      18,
      19
    ]
  ],
  "uvs": [
    [
      0.544434,
      0.311523
    ],
    [
      0.553833,
      0.311523
    ],
    [
      0.563232,
      0.311523
    ],
    [
      0.572632,
      0.311523
    ],
    [
      0.582031,
      0.311523
    ],
    [
      0.544434,
      0.325195
    ],
    [
      0.553833,
      0.325195
    ],
    [
      0.563232,
      0.325195
    ],
    [
      0.572632,
      0.325195
    ],
    [
      0.582031,
      0.325195
    ],
    [
      0.544434,
      0.338867
    ],
    [
      0.553833,
      0.338867
    ],
    [
      0.563232,
      0.338867
    ],
    [
      0.572632,
      0.338867
    ],
    [
      0.582031,
      0.338867
    ],
    [
      0.544434,
      0.352539
    ],
    [
      0.553833,
      0.352539
    ],
    [
      0.563232,
      0.352539
    ],
    [
      0.572632,
      0.352539
    ],
    [
      0.582031,
      0.352539
    ]
  ],
  "mesh_path": "meshes/eye_R_iris.json"
}
