{
  "part_id": "accent_blush",
  "vertices": [
    [
      880.0,
      322.0
    ],
    [
      941.8,
      322.0
    ],
    [
      1003.5,
      322.0
    ],
    [
      1065.2,
      322.0
    ],
    [
      1127.0,
      322.0
    ],
    [
      880.0,
      373.7
    ],
    [
      941.8,
      373.7
    ],
    [
      1003.5,
      373.7
    ],
    [
      1065.2,
      373.7
    ],
    [
      1127.0,
      373.7
    ],
    [
      880.0,
      425.3
    ],
    [
      941.8,
      425.3
    ],
    [
      1003.5,
      425.3
    ],
    [
      1065.2,
      425.3
    ],
    [
      1127.0,
      425.3
    ],
    [
      880.0,
      477.0
    ],
    [
      941.8,
      477.0
    ],
    [
      1003.5,
      477.0
    ],
    [
      1065.2,
      477.0
    ],
    [
      1127.0,
      477.0
    ]
  ],
  "triangles": [
    [
      0,
      5,
      1
    ],
    [
      1,
      5,
      6
    ],
    [
      1,
      6,
      2
    ],
    [
      2,
      6,
      7
    ],
    [
      3,
      7,
      8
    ],
    [
      3,
      8,
      4
    ],
    [
      4,
      8,
      9
    ],
    [
      5,
      10,
      6
    ],
    [
      6,
      10,
      11
    ],
    [
      6,
      11,
      7
    ],
    [
      7,
      11,
      12
    ],
    [
      7,
      12,
      8
    ],
    [
      8,
      12,
      13
    ],
    [
      8,
      13,
      9
    ],
    [
      9,
      13,
      14
    ],
    [
      10,
      15,
      11
    ],
    [
      11,
      15,
      16
    ],
    [
      11,
      16,
      12
    ],
    [
      12,
      16,
      17
    ],
    [
      12,
      17,
      13
    ],
    [
      13,
      17,
      18
    ],
    [
      13,
      18,
      14
    ],
    [
      14,
      18,
      19
    ]
  ],
  "uvs": [
    [
      0.429688,
      0.157227
    ],
    [
      0.459863,
      0.157227
    ],
    [
      0.48999,
      0.157227
    ],
    [
      0.520117,
      0.157227
    ],
    [
      0.550293,
      0.157227
    ],
    [
      0.429688,
      0.182471
    ],
    [
      0.459863,
      0.182471
    ],
    [
      0.48999,
      0.182471
    ],
    [
      0.520117,
      0.182471
    ],
    [
      0.550293,
      0.182471
    ],
    [
      0.429688,
      0.207666
    ],
    [
      0.459863,
      0.207666
    ],
    [
      0.48999,
      0.207666
    ],
    [
      0.520117,
      0.207666
    ],
    [
      0.550293,
      0.207666
    ],
    [
      0.429688,
      0.23291
    ],
    [
      0.459863,
      0.23291
    ],
    [
      0.48999,
      0.23291
    ],
    [
      0.520117,
      0.23291
    ],
    [
      0.550293,
      0.23291
    ]
  ],
  "mesh_path": "meshes/accent_blush.json"
}
