{
  "part_id": "accent_tear",
  "vertices": [
    [
      1078.0,
      356.0
    ],
    [
      1099.2,
      356.0
    ],
    [
      1120.5,
      356.0
    ],
    [
      1141.8,
      356.0
    ],
    [
      1163.0,
      356.0
    ],
    [
      1078.0,
      384.3
    ],
    [
      1099.2,
      384.3
    ],
    [
      1120.5,
      384.3
    ],
    [
      1141.8,
      384.3
    ],
    [
      1163.0,
      384.3
    ],
    [
      1078.0,
      412.7
    ],
    [
      1099.2,
      412.7
    ],
    [
      1120.5,
      412.7
    ],
    [
      1141.8,
      412.7
    ],
    [
      1163.0,
      412.7
    ],
    [
      1078.0,
      441.0
    ],
    [
      1099.2,
      441.0
    ],
    [
      1120.5,
      441.0
    ],
    [
      1141.8,
      441.0
    ],
    [
      1163.0,
      441.0
    ]
  ],
  "triangles": [
    [
      0,
      5,
      1
    ],
    [
      1,
      5,
      6
    ],
    [
      1,
      6,
      2
    ],
    [
      2,
      6,
      7
    ],
    [
      2,
      7,
      3
    ],
    [
      3,
      7,
      8
    ],
    [
      3,
      8,
      4
    ],
    [
      4,
      8,
      9
    ],
    [
      5,
      10,
      6
    ],
    [
      6,
      10,
      11
    ],
    [
      6,
      11,
      7
    ],
    [
      7,
      11,
      12
    ],
    [
      7,
      12,
      8
    ],
    [
      8,
      12,
      13
    ],
    [
      8,
      13,
      9
    ],
    [
      9,
      13,
      14
    ],
    [
      10,
      15,
      11
    ],
    [
      11,
      15,
      16
    ],
    [
      11,
      16,
      12
    ],
    [
      12,
      16,
      17
    ],
    [
      12,
      17,
      13
    ],
    [
      13,
      17,
      18
    ],
    [
      13,
      18,
      14
    ],
    [
      14,
      18,
      19
    ]
  ],
  "uvs": [
    [
      0.526367,
      0.173828
    ],
    [
      0.536719,
      0.173828
    ],
    [
      0.547119,
      0.173828
    ],
    [
      0.55752,
      0.173828
    ],
    [
      0.567871,
      0.173828
    ],
    [
      0.526367,
      0.187646
    ],
    [
      0.536719,
      0.187646
    ],
    [
      0.547119,
      0.187646
    ],
    [
      0.55752,
      0.187646
    ],
    [
      0.567871,
      0.187646
    ],
    [
      0.526367,
      0.201514
    ],
    [
      0.536719,
      0.201514
    ],
    [
      0.547119,
      0.201514
    ],
    [
      0.55752,
      0.201514
    ],
    [
      0.567871,
      0.201514
    ],
    [
      0.526367,
      0.215332
    ],
    [
      0.536719,
      0.215332
    ],
    [
      0.547119,
      0.215332
    ],
    [
      0.55752,
      0.215332
    ],
    [
      0.567871,
      0.215332
    ]
  ],
  "mesh_path": "meshes/accent_tear.json"
}
