{
  "part_id": "accent_gloom",
  "vertices": [
    [
      900.0,
      117.0
    ],
    [
      953.0,
      117.0
    ],
    [
      1006.0,
      117.0
    ],
    [
      1059.0,
      117.0
    ],
    [
      1112.0,
      117.0
    ],
    [
      900.0,
      187.7
    ],
    [
      953.0,
      187.7
    ],
    [
      1006.0,
      187.7
    ],
    [
      1059.0,
      187.7
    ],
    [
      1112.0,
      187.7
    ],
    [
      900.0,
      258.3
    ],
    [
      953.0,
      258.3
    ],
    [
      1006.0,
      258.3
    ],
    [
      1059.0,
      258.3
    ],
    [
      1112.0,
      258.3
    ],
    [
      900.0,
      329.0
    ],
    [
      953.0,
      329.0
    ],
    [
      1006.0,
      329.0
    ],
    [
      1059.0,
      329.0
    ],
    [
      1112.0,
      329.0
    ]
  ],
  "triangles": [
    [
      0,
      5,
      1
    ],
    [
      1,
      5,
      6
    ],
    [
      1,
      6,
      2
    ],
    [
      2,
      6,
      7
    ],
    [
      2,
      7,
      3
    ],
    [
      3,
      7,
      8
    ],
    [
      3,
      8,
      4
    ],
    [
      4,
      8,
      9
    ],
    [
      5,
      10,
      6
    ],
    [
      6,
      10,
      11
    ],
    [
      6,
      11,
      7
    ],
    [
      7,
      11,
      12
    ],
    [
      7,
      12,
      8
    ],
    [
      8,
      12,
      13
    ],
    [
      8,
      13,
      9
    ],
    [
      9,
      13,
      14
    ],
    [
      10,
      15,
      11
    ],
    [
      11,
      15,
      16
    ],
    [
      11,
      16,
      12
    ],
    [
      12,
      16,
      17
    ],
    [
      12,
      17,
      13
    ],
    [
      13,
      17,
      18
    ],
    [
      13,
      18,
      14
    ],
    [
      14,
      18,
      19
    ]
  ],
  "uvs": [
    [
      0.439453,
      0.057129
    ],
    [
      0.465332,
      0.057129
    ],
    [
      0.491211,
      0.057129
    ],
    [
      0.51709,
      0.057129
    ],
    [
      0.542969,
      0.057129
    ],
    [
      0.439453,
      0.09165
    ],
    [
      0.465332,
      0.09165
    ],
    [
      0.491211,
      0.09165
    ],
    [
      0.51709,
      0.09165
    ],
    [
      0.542969,
      0.09165
    ],
    [
      0.439453,
      0.126123
    ],
    [
      0.465332,
      0.126123
    ],
    [
      0.491211,
      0.126123
    ],
    [
      0.51709,
      0.126123
    ],
    [
      0.542969,
      0.126123
    ],
    [
      0.439453,
      0.160645
    ],
    [
      0.465332,
      0.160645
    ],
    [
      0.491211,
      0.160645
    ],
    [
      0.51709,
      0.160645
    ],
    [
      0.542969,
      0.160645
    ]
  ],
  "mesh_path": "meshes/accent_gloom.json"
}
