{
  "part_id": "accent_sweat",
  "vertices": [
    [
      1120.0,
      248.0
    ],
    [
      1134.0,
      248.0
    ],
    [
      1148.0,
      248.0
    ],
    [
      1162.0,
      248.0
    ],
    [
      1176.0,
      248.0
    ],
    [
      1120.0,
      266.7
    ],
    [
      1134.0,
      266.7
    ],
    [
      1148.0,
      266.7
    ],
    [
      1162.0,
      266.7
    ],
    [
      1176.0,
      266.7
    ],
    [
      1120.0,
      285.3
    ],
    [
      1134.0,
      285.3
    ],
    [
      1148.0,
      285.3
    ],
    [
      1162.0,
      285.3
    ],
    [
      1176.0,
      285.3
    ],
    [
      1120.0,
      304.0
    ],
    [
      1134.0,
      304.0
    ],
    [
      1148.0,
      304.0
    ],
    [
      1162.0,
      304.0
    ],
    [
      1176.0,
      304.0
    ]
  ],
  "triangles": [
    [
      0,
      5,
      1
    ],
    [
      1,
      5,
      6
    ],
    [
      1,
      6,
      2
    ],
    [
      2,
      6,
      7
    ],
    [
      2,
      7,
      3
    ],
    [
      3,
      7,
      8
    ],
    [
      3,
      8,
      4
    ],
    [
      4,
      8,
      9
    ],
    [
      5,
      10,
      6
    ],
    [
      6,
      10,
      11
    ],
    [
      6,
      11,
      7
    ],
    [
      7,
      11,
      12
    ],
    [
      7,
      12,
      8
    ],
    [
      8,
      12,
      13
    ],
    [
      8,
      13,
      9
    ],
    [
      9,
      13,
      14
    ],
    [
      10,
      15,
      11
    ],
    [
      11,
      15,
      16
    ],
    [
      11,
      16,
      12
    ],
    [
      12,
      16,
      17
    ],
    [
      12,
      17,
      13
    ],
    [
      13,
      17,
      18
    ],
    [
      13,
      18,
      14
    ],
    [
      14,
      18,
      19
    ]
  ],
  "uvs": [
    [
      0.546875,
      0.121094
    ],
    [
      0.553711,
      0.121094
    ],
    [
      0.560547,
      0.121094
    ],
    [
      0.567383,
      0.121094
    ],
    [
      0.574219,
      0.121094
    ],
    [
      0.546875,
      0.130225
    ],
    [
      0.553711,
      0.130225
    ],
    [
      0.560547,
      0.130225
    ],
    [
      0.567383,
      0.130225
    ],
    [
      0.574219,
      0.130225
    ],
    [
      0.546875,
      0.139307
    ],
    [
      0.553711,
      0.139307
    ],
    [
      0.560547,
      0.139307
    ],
    [
      0.567383,
      0.139307
    ],
    [
      0.574219,
      0.139307
    ],
    [
      0.546875,
      0.148438
    ],
    [
      0.553711,
      0.148438
    ],
    [
      0.560547,
      0.148438
    ],
    [
      0.567383,
      0.148438
    ],
    [
      0.574219,
      0.148438
    ]
  ],
  "mesh_path": "meshes/accent_sweat.json"
}
