{
  "part_id": "ear_inner",
  "vertices": [
    [
      1148.0,
      385.0
    ],
    [
      1156.0,
      385.0
    ],
    [
      1164.0,
      385.0
    ],
    [
      1172.0,
      385.0
    ],
    [
      1180.0,
      385.0
    ],
    [
      1148.0,
      400.0
    ],
    [
      1156.0,
      400.0
    ],
    [
      1164.0,
      400.0
    ],
    [
      1172.0,
      400.0
    ],
    [
      1180.0,
      400.0
    ],
    [
      1148.0,
      415.0
    ],
    [
      1156.0,
      415.0
    ],
    [
      1164.0,
      415.0
    ],
    [
      1172.0,
      415.0
    ],
    [
      1180.0,
      415.0
    ],
    [
      1148.0,
      430.0
    ],
    [
      1156.0,
      430.0
    ],
    [
      1164.0,
      430.0
    ],
    [
      1172.0,
      430.0
    ],
    [
      1180.0,
      430.0
    ]
  ],
  "triangles": [
    [
      0,
      5,
      1
    ],
    [
      1,
      5,
      6
    ],
    [
      1,
      6,
      2
    ],
    [
      2,
      6,
      7
    ],
    [
      2,
      7,
      3
    ],
    [
      3,
      7,
      8
    ],
    [
      3,
      8,
      4
    ],
    [
      4,
      8,
      9
    ],
    [
      5,
      10,
      6
    ],
    [
      6,
      10,
      11
    ],
    [
      6,
      11,
      7
    ],
    [
      7,
      11,
      12
    ],
    [
      7,
      12,
      8
    ],
    [
      8,
      12,
      13
    ],
    [
      8,
      13,
      9
    ],
    [
      9,
      13,
      14
    ],
    [
      10,
      15,
      11
    ],
    [
      11,
      15,
      16
    ],
    [
      11,
      16,
      12
    ],
    [
      12,
      16,
      17
    ],
    [
      12,
      17,
      13
    ],
    [
      13,
      17,
      18
    ],
    [
      13,
      18,
      14
    ],
    [
      14,
      18,
      19
    ]
  ],
  "uvs": [
    [
      0.560547,
      0.187988
    ],
    [
      0.564453,
      0.187988
    ],
    [
      0.568359,
      0.187988
    ],
    [
      0.572266,
      0.187988
    ],
    [
      0.576172,
      0.187988
    ],
    [
      0.560547,
      0.195312
    ],
    [
      0.564453,
      0.195312
    ],
    [
      0.568359,
      0.195312
    ],
    [
      0.572266,
      0.195312
    ],
    [
      0.576172,
      0.195312
    ],
    [
      0.560547,
      0.202637
    ],
    [
      0.564453,
      0.202637
    ],
    [
      0.568359,
      0.202637
    ],
    [
      0.572266,
      0.202637
    ],
    [
      0.576172,
      0.202637
    ],
    [
      0.560547,
      0.209961
    ],
    [
      0.564453,
      0.209961
    ],
    [
      0.568359,
      0.209961
    ],
    [
      0.572266,
      0.209961
    ],
    [
      0.576172,
      0.209961
    ]
  ],
  "mesh_path": "meshes/ear_inner.json"
}
