{
  "part_id": "eye_expr_squeeze",
  "vertices": [
    [
      851.0,
      249.0
    ],
    [
      928.2,
      249.0
    ],
    [
      1005.5,
      249.0
    ],
    [
      1082.8,
      249.0
    ],
    [
      1160.0,
      249.0
    ],
    [
      851.0,
      293.7
    ],
    [
      928.2,
      293.7
    ],
    [
      1005.5,
      293.7
    ],
    [
      1082.8,
      293.7
    ],
    [
      1160.0,
      293.7
    ],
    [
      851.0,
      338.3
    ],
    [
      928.2,
      338.3
    ],
    [
      1005.5,
      338.3
    ],
    [
      1082.8,
      338.3
    ],
    [
      1160.0,
      338.3
    ],
    [
      851.0,
      383.0
    ],
    [
      928.2,
      383.0
    ],
    [
      1005.5,
      383.0
    ],
    [
      1082.8,
      383.0
    ],
    [
      1160.0,
      383.0
    ]
  ],
  "triangles": [
    [
      0,
      5,
      1
    ],
    [
      1,
      5,
      6
    ],
    [
      1,
      6,
      2
    ],
    [
      2,
      6,
      7
    ],
    [
      2,
      7,
      3
    ],
    [
      3,
      7,
      8
    ],
    [
      3,
      8,
      4
    ],
    [
      4,
      8,
      9
    ],
    [
      5,
      10,
      6
    ],
    [
      6,
      10,
      11
    ],
    [
      6,
      11,
      7
    ],
    [
      7,
      11,
      12
    ],
    [
      7,
      12,
      8
    ],
    [
      8,
      12,
      13
    ],
    [
      8,
      13,
      9
    ],
    [
      9,
      13,
      14
    ],
    [
      10,
      15,
      11
    ],
    [
      11,
      15,
      16
    ],
    [
      11,
      16,
      12
    ],
    [
      12,
      16,
      17
    ],
    [
      12,
      17,
      13
    ],
    [
      13,
      17,
      18
    ],
    [
      13,
      18,
      14
    ],
    [
      14,
      18,
      19
    ]
  ],
  "uvs": [
    [
      0.415527,
      0.121582
    ],
    [
      0.453223,
      0.121582
    ],
    [
      0.490967,
      0.121582
    ],
    [
      0.528711,
      0.121582
    ],
    [
      0.566406,
      0.121582
    ],
    [
      0.415527,
      0.143408
    ],
    [
      0.453223,
      0.143408
    ],
    [
      0.490967,
      0.143408
    ],
    [
      0.528711,
      0.143408
    ],
    [
      0.566406,
      0.143408
    ],
    [
      0.415527,
      0.165186
    ],
    [
      0.453223,
      0.165186
    ],
    [
      0.490967,
      0.165186
    ],
    [
      0.528711,
      0.165186
    ],
    [
      0.566406,
      0.165186
    ],
    [
      0.415527,
      0.187012
    ],
    [
      0.453223,
      0.187012
    ],
    [
      0.490967,
      0.187012
    ],
    [
      0.528711,
      0.187012
    ],
    [
      0.566406,
      0.187012
    ]
  ],
  "mesh_path": "meshes/eye_expr_squeeze.json"
}
