{
  "part_id": "L_arm",
  "vertices": [
    [
      1206.0,
      630.0
    ],
    [
      1295.0,
      630.0
    ],
    [
      1384.0,
      630.0
    ],
    [
      1473.0,
      630.0
    ],
    [
      1562.0,
      630.0
    ],
    [
      1206.0,
      1067.3
    ],
    [
      1295.0,
      1067.3
    ],
    [
      1384.0,
      1067.3
    ],
    [
      1473.0,
      1067.3
    ],
    [
      1562.0,
      1067.3
    ],
    [
      1206.0,
      1504.7
    ],
    [
      1295.0,
      1504.7
    ],
    [
      1384.0,
      1504.7
    ],
    [
      1473.0,
      1504.7
    ],
    [
      1562.0,
      1504.7
    ],
    [
      1206.0,
      1942.0
    ],
    [
      1295.0,
      1942.0
    ],
    [
      1384.0,
      1942.0
    ],
    [
      1473.0,
      1942.0
    ],
    [
      1562.0,
      1942.0
    ]
  ],
  "triangles": [
    [
      0,
      5,
      1
    ],
    [
      1,
      5,
      6
    ],
    [
      1,
      6,
      2
    ],
    [
      2,
      6,
      7
    ],
    [
      2,
      7,
      3
    ],
    [
      3,
      7,
      8
    ],
    [
      3,
      8,
      4
    ],
    [
      4,
      8,
      9
    ],
    [
      5,
      10,
      6
    ],
    [
      6,
      10,
      11
    ],
    [
      6,
      11,
      7
    ],
    [
      7,
      11,
      12
    ],
    [
      7,
      12,
      8
    ],
    [
      8,
      12,
      13
    ],
    [
      8,
      13,
      9
    ],
    [
      9,
      13,
      14
    ],
    [
      10,
      15,
      11
    ],
    [
      11,
      15,
      16
    ],
    [
      11,
      16,
      12
    ],
    [
      12,
      16,
      17
    ],
    [
      12,
      17,
      13
    ],
    [
      13,
      17,
      18
    ],
    [
      13,
      18,
      14
    ],
    [
      14,
      18,
      19
    ]
  ],
  "uvs": [
    [
      0.588867,
      0.307617
    ],
    [
      0.632324,
      0.307617
    ],
    [
      0.675781,
      0.307617
    ],
    [
      0.719238,
      0.307617
    ],
    [
      0.762695,
      0.307617
    ],
    [
      0.588867,
      0.521143
    ],
    [
      0.632324,
      0.521143
    ],
    [
      0.675781,
      0.521143
    ],
    [
      0.719238,
      0.521143
    ],
    [
      0.762695,
      0.521143
    ],
    [
      0.588867,
      0.734717
    ],
    [
      0.632324,
      0.734717
    ],
    [
      0.675781,
      0.734717
    ],
    [
      0.719238,
      0.734717
    ],
    [
      0.762695,
      0.734717
    ],
    [
      0.588867,
      0.948242
    ],
    [
      0.632324,
      0.948242
    ],
    [
      0.675781,
      0.948242
    ],
    [
      0.719238,
      0.948242
    ],
    [
      0.762695,
      0.948242
    ]
  ],
  "mesh_path": "meshes/L_arm.json"
}
