{
  "part_id": "L_brow",
  "vertices": [
    [
      1053.0,
      271.0
    ],
    [
      1065.5,
      271.0
    ],
    [
      1078.0,
      271.0
    ],
    [
      1090.5,
      271.0
    ],
    [
      1103.0,
      271.0
    ],
    [
      1053.0,
      272.3
    ],
    [
      1065.5,
      272.3
    ],
    [
      1078.0,
      272.3
    ],
    [
      1090.5,
      272.3
    ],
    [
      1103.0,
      272.3
    ],
    [
      1053.0,
      273.7
    ],
    [
      1065.5,
      273.7
    ],
    [
      1078.0,
      273.7
    ],
    [
      1090.5,
      273.7
    ],
    [
      1103.0,
      273.7
    ],
    [
      1053.0,
      275.0
    ],
    [
      1065.5,
      275.0
    ],
    [
      1078.0,
      275.0
    ],
    [
      1090.5,
      275.0
    ],
    [
      1103.0,
      275.0
    ]
  ],
  "triangles": [
    [
      0,
      5,
      1
    ],
    [
      1,
      5,
      6
    ],
    [
      1,
      6,
      2
    ],
    [
      2,
      6,
      7
    ],
    [
      2,
      7,
      3
    ],
    [
      3,
      7,
      8
    ],
    [
      3,
      8,
      4
    ],
    [
      4,
      8,
      9
    ],
    [
      5,
      10,
      6
    ],
    [
      6,
      10,
      11
    ],
    [
      6,
      11,
      7
    ],
    [
      7,
      11,
      12
    ],
    [
      7,
      12,
      8
    ],
    [
      8,
      12,
      13
    ],
    [
      8,
      13,
      9
    ],
    [
      9,
      13,
      14
    ],
    [
      10,
      15,
      11
    ],
    [
      11,
      15,
      16
    ],
    [
      11,
      16,
      12
    ],
    [
      12,
      16,
      17
    ],
    [
      12,
      17,
      13
    ],
    [
      13,
      17,
      18
    ],
    [
      13,
      18,
      14
    ],
    [
      14,
      18,
      19
    ]
  ],
  "uvs": [
    [
      0.51416,
      0.132324
    ],
    [
      0.520264,
      0.132324
    ],
    [
      0.526367,
      0.132324
    ],
    [
      0.532471,
      0.132324
    ],
    [
      0.538574,
      0.132324
    ],
    [
      0.51416,
      0.132959
    ],
    [
      0.520264,
      0.132959
    ],
    [
      0.526367,
      0.132959
    ],
    [
      0.532471,
      0.132959
    ],
    [
      0.538574,
      0.132959
    ],
    [
      0.51416,
      0.133643
    ],
    [
      0.520264,
      0.133643
    ],
    [
      0.526367,
      0.133643
    ],
    [
      0.532471,
      0.133643
    ],
    [
      0.538574,
      0.133643
    ],
    [
      0.51416,
      0.134277
    ],
    [
      0.520264,
      0.134277
    ],
    [
      0.526367,
      0.134277
    ],
    [
      0.532471,
      0.134277
    ],
    [
      0.538574,
      0.134277
    ]
  ],
  "mesh_path": "meshes/L_brow.json"
}
