{
  "part_id": "L_ear_outer",
  "vertices": [
    [
      1120.0,
      292.0
    ],
    [
      1141.0,
      292.0
    ],
    [
      1162.0,
      292.0
    ],
    [
      1183.0,
      292.0
    ],
    [
      1204.0,
      292.0
    ],
    [
      1120.0,
      327.7
    ],
    [
      1141.0,
      327.7
    ],
    [
      1162.0,
      327.7
    ],
    [
      1183.0,
      327.7
    ],
    [
      1204.0,
      327.7
    ],
    [
      1120.0,
      363.3
    ],
    [
      1141.0,
      363.3
    ],
    [
      1162.0,
      363.3
    ],
    [
      1183.0,
      363.3
    ],
    [
      1204.0,
      363.3
    ],
    [
      1120.0,
      399.0
    ],
    [
      1141.0,
      399.0
    ],
    [
      1162.0,
      399.0
    ],
    [
      1183.0,
      399.0
    ],
    [
      1204.0,
      399.0
    ]
  ],
  "triangles": [
    [
      0,
      5,
      1
    ],
    [
      1,
      5,
      6
    ],
    [
      1,
      6,
      2
    ],
    [
      2,
      6,
      7
    ],
    [
      2,
      7,
      3
    ],
    [
      3,
      7,
      8
    ],
    [
      3,
      8,
      4
    ],
    [
      4,
      8,
      9
    ],
    [
      5,
      10,
      6
    ],
    [
      6,
      10,
      11
    ],
    [
      6,
      11,
      7
    ],
    [
      7,
      11,
      12
    ],
    [
      7,
      12,
      8
    ],
    [
      8,
      12,
      13
    ],
    [
      8,
      13,
      9
    ],
    [
      9,
      13,
      14
    ],
    [
      10,
      15,
      11
    ],
    [
      11,
      15,
      16
    ],
    [
      11,
      16,
      12
    ],
    [
      12,
      16,
      17
    ],
    [
      12,
      17,
      13
    ],
    [
      13,
      17,
      18
    ],
    [
      13,
      18,
      14
    ],
    [
      14,
      18,
      19
    ]
  ],
  "uvs": [
    [
      0.546875,
      0.142578
    ],
    [
      0.557129,
      0.142578
    ],
    [
      0.567383,
      0.142578
    ],
    [
      0.577637,
      0.142578
    ],
    [
      0.587891,
      0.142578
    ],
    [
      0.546875,
      0.16001
    ],
    [
      0.557129,
      0.16001
    ],
    [
      0.567383,
      0.16001
    ],
    [
      0.577637,
      0.16001
    ],
    [
      0.587891,
      0.16001
    ],
    [
      0.546875,
      0.177393
    ],
    [
      0.557129,
      0.177393
    ],
    [
      0.567383,
      0.177393
    ],
    [
      0.577637,
      0.177393
    ],
    [
      0.587891,
      0.177393
    ],
    [
      0.546875,
      0.194824
    ],
    [
      0.557129,
      0.194824
    ],
    [
      0.567383,
      0.194824
    ],
    [
      0.577637,
      0.194824
    ],
    [
      0.587891,
      0.194824
    ]
  ],
  "mesh_path": "meshes/L_ear_outer.json"
}
