{
  "part_id": "L_eye_white",
  "vertices": [
    [
      1047.0,
      312.0
    ],
    [
      1067.5,
      312.0
    ],
    [
      1088.0,
      312.0
    ],
    [
      1108.5,
      312.0
    ],
    [
      1129.0,
      312.0
    ],
    [
      1047.0,
      327.7
    ],
    [
      1067.5,
      327.7
    ],
    [
      1088.0,
      327.7
    ],
    [
      1108.5,
      327.7
    ],
    [
      1129.0,
      327.7
    ],
    [
      1047.0,
      343.3
    ],
    [
      1067.5,
      343.3
    ],
    [
      1088.0,
      343.3
    ],
    [
      1108.5,
      343.3
    ],
    [
      1129.0,
      343.3
    ],
    [
      1047.0,
      359.0
    ],
    [
      1067.5,
      359.0
    ],
    [
      1088.0,
      359.0
    ],
    [
      1108.5,
      359.0
    ],
    [
      1129.0,
      359.0
    ]
  ],
  "triangles": [
    [
      0,
      5,
      1
    ],
    [
      1,
      5,
      6
    ],
    [
      1,
      6,
      2
    ],
    [
      2,
      6,
      7
    ],
    [
      2,
      7,
      3
    ],
    [
      3,
      7,
      8
    ],
    [
      3,
      8,
      4
    ],
    [
      4,
      8,
      9
    ],
    [
      5,
      10,
      6
    ],
    [
      6,
      10,
      11
    ],
    [
      6,
      11,
      7
    ],
    [
      7,
      11,
      12
    ],
    [
      7,
      12,
      8
    ],
    [
      8,
      12,
      13
    ],
    [
      8,
      13,
      9
    ],
    [
      9,
      13,
      14
    ],
    [
      10,
      15,
      11
    ],
    [
      11,
      15,
      16
    ],
    [
      11,
      16,
      12
    ],
    [
      12,
      16,
      17
    ],
    [
      12,
      17,
      13
    ],
    [
      13,
      17,
      18
    ],
    [
      13,
      18,
      14
    ],
    [
      14,
      18,
      19
    ]
  ],
  "uvs": [
    [
      0.51123,
      0.152344
    ],
    [
      0.52124,
      0.152344
    ],
    [
      0.53125,
      0.152344
    ],
    [
      0.54126,
      0.152344
    ],
    [
      0.55127,
      0.152344
    ],
    [
      0.51123,
      0.16001
    ],
    [
      0.52124,
      0.16001
    ],
    [
      0.53125,
      0.16001
    ],
    [
      0.54126,
      0.16001
    ],
    [
      0.55127,
      0.16001
    ],
    [
      0.51123,
      0.167627
    ],
    [
      0.52124,
      0.167627
    ],
    [
      0.53125,
      0.167627
    ],
    [
      0.54126,
      0.167627
    ],
    [
      0.55127,
      0.167627
    ],
    [
      0.51123,
      0.175293
    ],
    [
      0.52124,
      0.175293
    ],
    [
      0.53125,
      0.175293
    ],
    [
      0.54126,
      0.175293
    ],
    [
      0.55127,
      0.175293
    ]
  ],
  "mesh_path": "meshes/L_eye_white.json"
}
