{
  "part_id": "L_iris",
  "vertices": [
    [
      1058.0,
      311.0
    ],
    [
      1070.2,
      311.0
    ],
    [
      1082.5,
      311.0
    ],
    [
      1094.8,
      311.0
    ],
    [
      1107.0,
      311.0
    ],
    [
      1058.0,
      328.0
    ],
    [
      1070.2,
      328.0
    ],
    [
      1082.5,
      328.0
    ],
    [
      1094.8,
      328.0
    ],
    [
      1107.0,
      328.0
    ],
    [
      1058.0,
      345.0
    ],
    [
      1070.2,
      345.0
    ],
    [
      1082.5,
      345.0
    ],
    [
      1094.8,
      345.0
    ],
    [
      1107.0,
      345.0
    ],
    [
      1058.0,
      362.0
    ],
    [
      1070.2,
      362.0
    ],
    [
      1082.5,
      362.0
    ],
    [
      1094.8,
      362.0
    ],
    [
      1107.0,
      362.0
    ]
  ],
  "triangles": [
    [
      0,
      5,
      1
    ],
    [
      1,
      5,
      6
    ],
    [
      1,
      6,
      2
    ],
    [
      2,
      6,
      7
    ],
    [
      2,
      7,
      3
    ],
    [
      3,
      7,
      8
    ],
    [
      3,
      8,
      4
    ],
    [
      4,
      8,
      9
    ],
    [
      5,
      10,
      6
    ],
    [
      6,
      10,
      11
    ],
    [
      6,
      11,
      7
    ],
    [
      7,
      11,
      12
    ],
    [
      7,
      12,
      8
    ],
    [
      8,
      12,
      13
    ],
    [
      8,
      13,
      9
    ],
    [
      9,
      13,
      14
    ],
    [
      10,
      15,
      11
    ],
    [
      11,
      15,
      16
    ],
    [
      11,
      16,
      12
    ],
    [
      12,
      16,
      17
    ],
    [
      12,
      17,
      13
    ],
    [
      13,
      17,
      18
    ],
    [
      13,
      18,
      14
    ],
    [
      14,
      18,
      19
    ]
  ],
  "uvs": [
    [
      0.516602,
      0.151855
    ],
    [
      0.522559,
      0.151855
    ],
    [
      0.528564,
      0.151855
    ],
    [
      0.53457,
      0.151855
    ],
    [
      0.540527,
      0.151855
    ],
    [
      0.516602,
      0.160156
    ],
    [
      0.522559,
      0.160156
    ],
    [
      0.528564,
      0.160156
    ],
    [
      0.53457,
      0.160156
    ],
    [
      0.540527,
      0.160156
    ],
    [
      0.516602,
      0.168457
    ],
    [
      0.522559,
      0.168457
    ],
    [
      0.528564,
      0.168457
    ],
    [
      0.53457,
      0.168457
    ],
    [
      0.540527,
      0.168457
    ],
    [
      0.516602,
      0.176758
    ],
    [
      0.522559,
      0.176758
    ],
    [
      0.528564,
      0.176758
    ],
    [
      0.53457,
      0.176758
    ],
    [
      0.540527,
      0.176758
    ]
  ],
  "mesh_path": "meshes/L_iris.json"
}
