{
  "part_id": "L_upper_lash",
  "vertices": [
    [
      1042.0,
      299.0
    ],
    [
      1069.2,
      299.0
    ],
    [
      1096.5,
      299.0
    ],
    [
      1123.8,
      299.0
    ],
    [
      1151.0,
      299.0
    ],
    [
      1042.0,
      314.7
    ],
    [
      1069.2,
      314.7
    ],
    [
      1096.5,
      314.7
    ],
    [
      1123.8,
      314.7
    ],
    [
      1151.0,
      314.7
    ],
    [
      1042.0,
      330.3
    ],
    [
      1069.2,
      330.3
    ],
    [
      1096.5,
      330.3
    ],
    [
      1123.8,
      330.3
    ],
    [
      1151.0,
      330.3
    ],
    [
      1042.0,
      346.0
    ],
    [
      1069.2,
      346.0
    ],
    [
      1096.5,
      346.0
    ],
    [
      1123.8,
      346.0
    ],
    [
      1151.0,
      346.0
    ]
  ],
  "triangles": [
    [
      0,
      5,
      1
    ],
    [
      1,
      5,
      6
    ],
    [
      1,
      6,
      2
    ],
    [
      2,
      6,
      7
    ],
    [
      2,
      7,
      3
    ],
    [
      3,
      7,
      8
    ],
    [
      3,
      8,
      4
    ],
    [
      4,
      8,
      9
    ],
    [
      5,
      10,
      6
    ],
    [
      6,
      10,
      11
    ],
    [
      6,
      11,
      7
    ],
    [
      7,
      11,
      12
    ],
    [
      7,
      12,
      8
    ],
    [
      8,
      12,
      13
    ],
    [
      8,
      13,
      9
    ],
    [
      9,
      13,
      14
    ],
    [
      10,
      15,
      11
    ],
    [
      11,
      15,
      16
    ],
    [
      11,
      16,
      12
    ],
    [
      12,
      16,
      17
    ],
    [
      12,
      17,
      13
    ],
    [
      13,
      17,
      18
    ],
    [
      13,
      18,
      14
    ],
    [
      14,
      18,
      19
    ]
  ],
  "uvs": [
    [
      0.508789,
      0.145996
    ],
    [
      0.52207,
      0.145996
    ],
    [
      0.5354,
      0.145996
    ],
    [
      0.54873,
      0.145996
    ],
    [
      0.562012,
      0.145996
    ],
    [
      0.508789,
      0.153662
    ],
    [
      0.52207,
      0.153662
    ],
    [
      0.5354,
      0.153662
    ],
    [
      0.54873,
      0.153662
    ],
    [
      0.562012,
      0.153662
    ],
    [
      0.508789,
      0.161279
    ],
    [
      0.52207,
      0.161279
    ],
    [
      0.5354,
      0.161279
    ],
    [
      0.54873,
      0.161279
    ],
    [
      0.562012,
      0.161279
    ],
    [
      0.508789,
      0.168945
    ],
    [
      0.52207,
      0.168945
    ],
    [
      0.5354,
      0.168945
    ],
    [
      0.54873,
      0.168945
    ],
    [
      0.562012,
      0.168945
    ]
  ],
  "mesh_path": "meshes/L_upper_lash.json"
}
