{
  "part_id": "mouth_parts_lower_lip",
  "vertices": [
    [
      979.0,
      449.0
    ],
    [
      992.2,
      449.0
    ],
    [
      1005.5,
      449.0
    ],
    [
      1018.8,
      449.0
    ],
    [
      1032.0,
      449.0
    ],
    [
      979.0,
      454.7
    ],
    [
      992.2,
      454.7
    ],
    [
      1005.5,
      454.7
    ],
    [
      1018.8,
      454.7
    ],
    [
      1032.0,
      454.7
    ],
    [
      979.0,
      460.3
    ],
    [
      992.2,
      460.3
    ],
    [
      1005.5,
      460.3
    ],
    [
      1018.8,
      460.3
    ],
    [
      1032.0,
      460.3
    ],
    [
      979.0,
      466.0
    ],
    [
      992.2,
      466.0
    ],
    [
      1005.5,
      466.0
    ],
    [
      1018.8,
      466.0
    ],
    [
      1032.0,
      466.0
    ]
  ],
  "triangles": [
    [
      0,
      5,
      1
    ],
    [
      1,
      5,
      6
    ],
    [
      1,
      6,
      2
    ],
    [
      2,
      6,
      7
    ],
    [
      2,
      7,
      3
    ],
    [
      3,
      7,
      8
    ],
    [
      3,
      8,
      4
    ],
    [
      4,
      8,
      9
    ],
    [
      5,
      10,
      6
    ],
    [
      6,
      10,
      11
    ],
    [
      6,
      11,
      7
    ],
    [
      7,
      11,
      12
    ],
    [
      7,
      12,
      8
    ],
    [
      8,
      12,
      13
    ],
    [
      8,
      13,
      9
    ],
    [
      9,
      13,
      14
    ],
    [
      10,
      15,
      11
    ],
    [
      11,
      15,
      16
    ],
    [
      11,
      16,
      12
    ],
    [
      12,
      16,
      17
    ],
    [
      12,
      17,
      13
    ],
    [
      13,
      17,
      18
    ],
    [
      13,
      18,
      14
    ],
    [
      14,
      18,
      19
    ]
  ],
  "uvs": [
    [
      0.478027,
      0.219238
    ],
    [
      0.484473,
      0.219238
    ],
    [
      0.490967,
      0.219238
    ],
    [
      0.497461,
      0.219238
    ],
    [
      0.503906,
      0.219238
    ],
    [
      0.478027,
      0.222021
    ],
    [
      0.484473,
      0.222021
    ],
    [
      0.490967,
      0.222021
    ],
    [
      0.497461,
      0.222021
    ],
    [
      0.503906,
      0.222021
    ],
    [
      0.478027,
      0.224756
    ],
    [
      0.484473,
      0.224756
    ],
    [
      0.490967,
      0.224756
    ],
    [
      0.497461,
      0.224756
    ],
    [
      0.503906,
      0.224756
    ],
    [
      0.478027,
      0.227539
    ],
    [
      0.484473,
      0.227539
    ],
    [
      0.490967,
      0.227539
    ],
    [
      0.497461,
      0.227539
    ],
    [
      0.503906,
      0.227539
    ]
  ],
  "mesh_path": "meshes/mouth_parts_lower_lip.json",
  "vertex_keyforms": {
    "parameter_id": "ParamMouthOpenY",
    "keys": [
      {
        "value": 0.0,
        "vertices": [
          [
            979.0,
            430.8
          ],
          [
            992.2,
            430.8
          ],
          [
            1005.5,
            430.8
          ],
          [
            1018.8,
            430.8
          ],
          [
            1032.0,
            430.8
          ],
          [
            979.0,
            431.0
          ],
          [
            992.2,
            431.0
          ],
          [
            1005.5,
            431.0
          ],
          [
            1018.8,
            431.0
          ],
          [
            1032.0,
            431.0
          ],
          [
            979.0,
            431.2
          ],
          [
            992.2,
            431.2
          ],
          [
            1005.5,
            431.2
          ],
          [
            1018.8,
            431.2
          ],
          [
            1032.0,
            431.2
          ],
          [
            979.0,
            431.4
          ],
          [
            992.2,
            431.4
          ],
          [
            1005.5,
            431.4
          ],
          [
            1018.8,
            431.4
          ],
          [
            1032.0,
            431.4
          ]
        ]
      },
      {
        "value": 0.25,
        "vertices": [
          [
            979.0,
            435.7
          ],
          [
            992.2,
            435.7
          ],
          [
            1005.5,
            435.7
          ],
          [
            1018.8,
            435.7
          ],
          [
            1032.0,
            435.7
          ],
          [
            979.0,
            437.4
          ],
          [
            992.2,
            437.4
          ],
          [
            1005.5,
            437.4
          ],
          [
            1018.8,
            437.4
          ],
          [
            1032.0,
            437.4
          ],
          [
            979.0,
            439.1
          ],
          [
            992.2,
            439.1
          ],
          [
            1005.5,
            439.1
          ],
          [
            1018.8,
            439.1
          ],
          [
            1032.0,
            439.1
          ],
          [
            979.0,
            440.8
          ],
          [
            992.2,
            440.8
          ],
          [
            1005.5,
            440.8
          ],
          [
            1018.8,
            440.8
          ],
          [
            1032.0,
            440.8
          ]
        ]
      },
      {
        "value": 0.55,
        "vertices": [
          [
            979.0,
            441.8
          ],
          [
            992.2,
            441.8
          ],
          [
            1005.5,
            441.8
          ],
          [
            1018.8,
            441.8
          ],
          [
            1032.0,
            441.8
          ],
          [
            979.0,
            445.3
          ],
          [
            992.2,
            445.3
          ],
          [
            1005.5,
            445.3
          ],
          [
            1018.8,
            445.3
          ],
          [
            1032.0,
            445.3
          ],
          [
            979.0,
            448.8
          ],
          [
            992.2,
            448.8
          ],
          [
            1005.5,
            448.8
          ],
          [
            1018.8,
            448.8
          ],
          [
            1032.0,
            448.8
          ],
          [
            979.0,
            452.3
          ],
          [
            992.2,
            452.3
          ],
          [
            1005.5,
            452.3
          ],
          [
            1018.8,
            452.3
          ],
          [
            1032.0,
            452.3
          ]
        ]
      },
      {
        "value": 1.0,