{
  "part_id": "mouth_parts_upper_lip",
  "vertices": [
    [
      974.0,
      426.0
    ],
    [
      989.5,
      426.0
    ],
    [
      1005.0,
      426.0
    ],
    [
      1020.5,
      426.0
    ],
    [
      1036.0,
      426.0
    ],
    [
      974.0,
      429.0
    ],
    [
      989.5,
      429.0
    ],
    [
      1005.0,
      429.0
    ],
    [
      1020.5,
      429.0
    ],
    [
      1036.0,
      429.0
    ],
    [
      974.0,
      432.0
    ],
    [
      989.5,
      432.0
    ],
    [
      1005.0,
      432.0
    ],
    [
      1020.5,
      432.0
    ],
    [
      1036.0,
      432.0
    ],
    [
      974.0,
      435.0
    ],
    [
      989.5,
      435.0
    ],
    [
      1005.0,
      435.0
    ],
    [
      1020.5,
      435.0
    ],
    [
      1036.0,
      435.0
    ]
  ],
  "triangles": [
    [
      0,
      5,
      1
    ],
    [
      1,
      5,
      6
    ],
    [
      1,
      6,
      2
    ],
    [
      2,
      6,
      7
    ],
    [
      2,
      7,
      3
    ],
    [
      3,
      7,
      8
    ],
    [
      3,
      8,
      4
    ],
    [
      4,
      8,
      9
    ],
    [
      5,
      10,
      6
    ],
    [
      6,
      10,
      11
    ],
    [
      6,
      11,
      7
    ],
    [
      7,
      11,
      12
    ],
    [
      7,
      12,
      8
    ],
    [
      8,
      12,
      13
    ],
    [
      8,
      13,
      9
    ],
    [
      9,
      13,
      14
    ],
    [
      10,
      15,
      11
    ],
    [
      11,
      15,
      16
    ],
    [
      11,
      16,
      12
    ],
    [
      12,
      16,
      17
    ],
    [
      12,
      17,
      13
    ],
    [
      13,
      17,
      18
    ],
    [
      13,
      18,
      14
    ],
    [
      14,
      18,
      19
    ]
  ],
  "uvs": [
    [
      0.475586,
      0.208008
    ],
    [
      0.483154,
      0.208008
    ],
    [
      0.490723,
      0.208008
    ],
    [
      0.498291,
      0.208008
    ],
    [
      0.505859,
      0.208008
    ],
    [
      0.475586,
      0.209473
    ],
    [
      0.483154,
      0.209473
    ],
    [
      0.490723,
      0.209473
    ],
    [
      0.498291,
      0.209473
    ],
    [
      0.505859,
      0.209473
    ],
    [
      0.475586,
      0.210938
    ],
    [
      0.483154,
      0.210938
    ],
    [
      0.490723,
      0.210938
    ],
    [
      0.498291,
      0.210938
    ],
    [
      0.505859,
      0.210938
    ],
    [
      0.475586,
      0.212402
    ],
    [
      0.483154,
      0.212402
    ],
    [
      0.490723,
      0.212402
    ],
    [
      0.498291,
      0.212402
    ],
    [
      0.505859,
      0.212402
    ]
  ],
  "mesh_path": "meshes/mouth_parts_upper_lip.json",
  "vertex_keyforms": {
    "parameter_id": "ParamMouthForm",
    "keys": [
      {
        "value": -1,
        "vertices": [
          [
            974.0,
            432.0
          ],
          [
            989.5,
            428.0
          ],
          [
            1005.0,
            426.0
          ],
          [
            1020.5,
            428.0
          ],
          [
            1036.0,
            432.0
          ],
          [
            974.0,
            435.0
          ],
          [
            989.5,
            431.0
          ],
          [
            1005.0,
            429.0
          ],
          [
            1020.5,
            431.0
          ],
          [
            1036.0,
            435.0
          ],
          [
            974.0,
            438.0
          ],
          [
            989.5,
            434.0
          ],
          [
            1005.0,
            432.0
          ],
          [
            1020.5,
            434.0
          ],
          [
            1036.0,
            438.0
          ],
          [
            974.0,
            441.0
          ],
          [
            989.5,
            437.0
          ],
          [
            1005.0,
            435.0
          ],
          [
            1020.5,
            437.0
          ],
          [
            1036.0,
            441.0
          ]
        ]
      },
      {
        "value": 0,
        "vertices": [
          [
            974.0,
            426.0
          ],
          [
            989.5,
            426.0
          ],
          [
            1005.0,
            426.0
          ],
          [
            1020.5,
            426.0
          ],
          [
            1036.0,
            426.0
          ],
          [
            974.0,
            429.0
          ],
          [
            989.5,
            429.0
          ],
          [
            1005.0,
            429.0
          ],
          [
            1020.5,
            429.0
          ],
          [
            1036.0,
            429.0
          ],
          [
            974.0,
            432.0
          ],
          [
            989.5,
            432.0
          ],
          [
            1005.0,
            432.0
          ],
          [
            1020.5,
            432.0
          ],
          [
            1036.0,
            432.0
          ],
          [
            974.0,
            435.0
          ],
          [
            989.5,
            435.0
          ],
          [
            1005.0,
            435.0
          ],
          [
            1020.5,
            435.0
          ],
          [
            1036.0,
            435.0
          ]
        ]
      },
      {
        "value": 1,
        "vertices": [
          [
            974.0,
            419.0
          ],
          [
            989.5,
            423.7
          ],
          [
            1005.0,
            426.0
          ],
          [
            1020.5,
            423.7
          ],
          [
            1036.0,
            419.0
          ],
          [
            974.0,
            422.0
          ],
          [
            989.5,
            426.7
          ],
          [
            1005.0,
            429.0
          ],
          [
            1020.5,
            426.7
          ],
          [
            1036.0,
            422.0
          ],
          [
            974.0,
            425.0
          ],
          [
            989.5,
            429.7
          ],
          [
            1005.0,
            432.0
          ],
          [
            1020.5,
            429.7
          ],
          [
            1036.0,
            425.0
          ],
          [
            974.0,
            428.0
          ],
          [
            989.5,
            432.7
          ],
          [
            1005.0,
            435.0
          ],
          [
            1020.5,
            432.7
          ],
          [
            1036.0,
            428.0
          ]
        ]
      }
    ]
  }
}
