{
  "part_id": "mouth_line",
  "vertices": [
    [
      973.0,
      426.0
    ],
    [
      989.0,
      426.0
    ],
    [
      1005.0,
      426.0
    ],
    [
      1021.0,
      426.0
    ],
    [
      1037.0,
      426.0
    ],
    [
      973.0,
      430.3
    ],
    [
      989.0,
      430.3
    ],
    [
      1005.0,
      430.3
    ],
    [
      1021.0,
      430.3
    ],
    [
      1037.0,
      430.3
    ],
    [
      973.0,
      434.7
    ],
    [
      989.0,
      434.7
    ],
    [
      1005.0,
      434.7
    ],
    [
      1021.0,
      434.7
    ],
    [
      1037.0,
      434.7
    ],
    [
      973.0,
      439.0
    ],
    [
      989.0,
      439.0
    ],
    [
      1005.0,
      439.0
    ],
    [
      1021.0,
      439.0
    ],
    [
      1037.0,
      439.0
    ]
  ],
  "triangles": [
    [
      0,
      5,
      1
    ],
    [
      1,
      5,
      6
    ],
    [
      1,
      6,
      2
    ],
    [
      2,
      6,
      7
    ],
    [
      2,
      7,
      3
    ],
    [
      3,
      7,
      8
    ],
    [
      3,
      8,
      4
    ],
    [
      4,
      8,
      9
    ],
    [
      5,
      10,
      6
    ],
    [
      6,
      10,
      11
    ],
    [
      6,
      11,
      7
    ],
    [
      7,
      11,
      12
    ],
    [
      7,
      12,
      8
    ],
    [
      8,
      12,
      13
    ],
    [
      8,
      13,
      9
    ],
    [
      9,
      13,
      14
    ],
    [
      10,
      15,
      11
    ],
    [
      11,
      15,
      16
    ],
    [
      11,
      16,
      12
    ],
    [
      12,
      16,
      17
    ],
    [
      12,
      17,
      13
    ],
    [
      13,
      17,
      18
    ],
    [
      13,
      18,
      14
    ],
    [
      14,
      18,
      19
    ]
  ],
  "uvs": [
    [
      0.475098,
      0.208008
    ],
    [
      0.48291,
      0.208008
    ],
    [
      0.490723,
      0.208008
    ],
    [
      0.498535,
      0.208008
    ],
    [
      0.506348,
      0.208008
    ],
    [
      0.475098,
      0.210107
    ],
    [
      0.48291,
      0.210107
    ],
    [
      0.490723,
      0.210107
    ],
    [
      0.498535,
      0.210107
    ],
    [
      0.506348,
      0.210107
    ],
    [
      0.475098,
      0.212256
    ],
    [
      0.48291,
      0.212256
    ],
    [
      0.490723,
      0.212256
    ],
    [
      0.498535,
      0.212256
    ],
    [
      0.506348,
      0.212256
    ],
    [
      0.475098,
      0.214355
    ],
    [
      0.48291,
      0.214355
    ],
    [
      0.490723,
      0.214355
    ],
    [
      0.498535,
      0.214355
    ],
    [
      0.506348,
      0.214355
    ]
  ],
  "mesh_path": "meshes/mouth_line.json"
}
