{
  "part_id": "mouth_parts_lower_lip",
  "vertices": [
    [
      990.0,
      444.0
    ],
    [
      997.8,
      444.0
    ],
    [
      1005.5,
      444.0
    ],
    [
      1013.2,
      444.0
    ],
    [
      1021.0,
      444.0
    ],
    [
      990.0,
      446.0
    ],
    [
      997.8,
      446.0
    ],
    [
      1005.5,
      446.0
    ],
    [
      1013.2,
      446.0
    ],
    [
      1021.0,
      446.0
    ],
    [
      990.0,
      448.0
    ],
    [
      997.8,
      448.0
    ],
    [
      1005.5,
      448.0
    ],
    [
      1013.2,
      448.0
    ],
    [
      1021.0,
      448.0
    ],
    [
      990.0,
      450.0
    ],
    [
      997.8,
      450.0
    ],
    [
      1005.5,
      450.0
    ],
    [
      1013.2,
      450.0
    ],
    [
      1021.0,
      450.0
    ]
  ],
  "triangles": [
    [
      0,
      5,
      1
    ],
    [
      1,
      5,
      6
    ],
    [
      1,
      6,
      2
    ],
    [
      2,
      6,
      7
    ],
    [
      2,
      7,
      3
    ],
    [
      3,
      7,
      8
    ],
    [
      3,
      8,
      4
    ],
    [
      4,
      8,
      9
    ],
    [
      5,
      10,
      6
    ],
    [
      6,
      10,
      11
    ],
    [
      6,
      11,
      7
    ],
    [
      7,
      11,
      12
    ],
    [
      7,
      12,
      8
    ],
    [
      8,
      12,
      13
    ],
    [
      8,
      13,
      9
    ],
    [
      9,
      13,
      14
    ],
    [
      10,
      15,
      11
    ],
    [
      11,
      15,
      16
    ],
    [
      11,
      16,
      12
    ],
    [
      12,
      16,
      17
    ],
    [
      12,
      17,
      13
    ],
    [
      13,
      17,
      18
    ],
    [
      13,
      18,
      14
    ],
    [
      14,
      18,
      19
    ]
  ],
  "uvs": [
    [
      0.483398,
      0.216797
    ],
    [
      0.487207,
      0.216797
    ],
    [
      0.490967,
      0.216797
    ],
    [
      0.494727,
      0.216797
    ],
    [
      0.498535,
      0.216797
    ],
    [
      0.483398,
      0.217773
    ],
    [
      0.487207,
      0.217773
    ],
    [
      0.490967,
      0.217773
    ],
    [
      0.494727,
      0.217773
    ],
    [
      0.498535,
      0.217773
    ],
    [
      0.483398,
      0.21875
    ],
    [
      0.487207,
      0.21875
    ],
    [
      0.490967,
      0.21875
    ],
    [
      0.494727,
      0.21875
    ],
    [
      0.498535,
      0.21875
    ],
    [
      0.483398,
      0.219727
    ],
    [
      0.487207,
      0.219727
    ],
    [
      0.490967,
      0.219727
    ],
    [
      0.494727,
      0.219727
    ],
    [
      0.498535,
      0.219727
    ]
  ],
  "mesh_path": "meshes/mouth_parts_lower_lip.json",
  "vertex_keyforms": {
    "parameter_id": "ParamMouthOpenY",
    "keys": [
      {
        "value": 0.0,
        "vertices": [
          [
            990.0,
            430.6
          ],
          [
            997.8,
            430.6
          ],
          [
            1005.5,
            430.6
          ],
          [
            1013.2,
            430.6
          ],
          [
            1021.0,
            430.6
          ],
          [
            990.0,
            430.6
          ],
          [
            997.8,
            430.6
          ],
          [
            1005.5,
            430.6
          ],
          [
            1013.2,
            430.6
          ],
          [
            1021.0,
            430.6
          ],
          [
            990.0,
            430.7
          ],
          [
            997.8,
            430.7
          ],
          [
            1005.5,
            430.7
          ],
          [
            1013.2,
            430.7
          ],
          [
            1021.0,
            430.7
          ],
          [
            990.0,
            430.8
          ],
          [
            997.8,
            430.8
          ],
          [
            1005.5,
            430.8
          ],
          [
            1013.2,
            430.8
          ],
          [
            1021.0,
            430.8
          ]
        ]
      },
      {
        "value": 0.25,
        "vertices": [
          [
            990.0,
            434.2
          ],
          [
            997.8,
            434.2
          ],
          [
            1005.5,
            434.2
          ],
          [
            1013.2,
            434.2
          ],
          [
            1021.0,
            434.2
          ],
          [
            990.0,
            434.8
          ],
          [
            997.8,
            434.8
          ],
          [
            1005.5,
            434.8
          ],
          [
            1013.2,
            434.8
          ],
          [
            1021.0,
            434.8
          ],
          [
            990.0,
            435.4
          ],
          [
            997.8,
            435.4
          ],
          [
            1005.5,
            435.4
          ],
          [
            1013.2,
            435.4
          ],
          [
            1021.0,
            435.4
          ],
          [
            990.0,
            436.0
          ],
          [
            997.8,
            436.0
          ],
          [
            1005.5,
            436.0
          ],
          [
            1013.2,
            436.0
          ],
          [
            1021.0,
            436.0
          ]
        ]
      },
      {
        "value": 0.55,
        "vertices": [
          [
            990.0,
            438.7
          ],
          [
            997.8,
            438.7
          ],
          [
            1005.5,
            438.7
          ],
          [
            1013.2,
            438.7
          ],
          [
            1021.0,
            438.7
          ],
          [
            990.0,
            439.9
          ],
          [
            997.8,
            439.9
          ],
          [
            1005.5,
            439.9
          ],
          [
            1013.2,
            439.9
          ],
          [
            1021.0,
            439.9
          ],
          [
            990.0,
            441.2
          ],
          [
            997.8,
            441.2
          ],
          [
            1005.5,
            441.2
          ],
          [
            1013.2,
            441.2
          ],
          [
            1021.0,
            441.2
          ],
          [
            990.0,
            442.4
          ],
          [
            997.8,
            442.4
          ],
          [
            1005.5,
            442.4
          ],
          [
            1013.2,
            442.4
          ],
          [
            1021.0,
            442.4
          ]
        ]
      },
      {
        "value": 1.0,