{
  "part_id": "mouth_parts_tongue",
  "vertices": [
    [
      998.0,
      450.0
    ],
    [
      1001.8,
      450.0
    ],
    [
      1005.5,
      450.0
    ],
    [
      1009.2,
      450.0
    ],
    [
      1013.0,
      450.0
    ],
    [
      998.0,
      451.7
    ],
    [
      1001.8,
      451.7
    ],
    [
      1005.5,
      451.7
    ],
    [
      1009.2,
      451.7
    ],
    [
      1013.0,
      451.7
    ],
    [
      998.0,
      453.3
    ],
    [
      1001.8,
      453.3
    ],
    [
      1005.5,
      453.3
    ],
    [
      1009.2,
      453.3
    ],
    [
      1013.0,
      453.3
    ],
    [
      998.0,
      455.0
    ],
    [
      1001.8,
      455.0
    ],
    [
      1005.5,
      455.0
    ],
    [
      1009.2,
      455.0
    ],
    [
      1013.0,
      455.0
    ]
  ],
  "triangles": [
    [
      0,
      5,
      1
    ],
    [
      1,
      5,
      6
    ],
    [
      1,
      6,
      2
    ],
    [
      2,
      6,
      7
    ],
    [
      2,
      7,
      3
    ],
    [
      3,
      7,
      8
    ],
    [
      3,
      8,
      4
    ],
    [
      4,
      8,
      9
    ],
    [
      5,
      10,
      6
    ],
    [
      6,
      10,
      11
    ],
    [
      6,
      11,
      7
    ],
    [
      7,
      11,
      12
    ],
    [
      7,
      12,
      8
    ],
    [
      8,
      12,
      13
    ],
    [
      8,
      13,
      9
    ],
    [
      9,
      13,
      14
    ],
    [
      10,
      15,
      11
    ],
    [
      11,
      15,
      16
    ],
    [
      11,
      16,
      12
    ],
    [
      12,
      16,
      17
    ],
    [
      12,
      17,
      13
    ],
    [
      13,
      17,
      18
    ],
    [
      13,
      18,
      14
    ],
    [
      14,
      18,
      19
    ]
  ],
  "uvs": [
    [
      0.487305,
      0.219727
    ],
    [
      0.48916,
      0.219727
    ],
    [
      0.490967,
      0.219727
    ],
    [
      0.492773,
      0.219727
    ],
    [
      0.494629,
      0.219727
    ],
    [
      0.487305,
      0.220557
    ],
    [
      0.48916,
      0.220557
    ],
    [
      0.490967,
      0.220557
    ],
    [
      0.492773,
      0.220557
    ],
    [
      0.494629,
      0.220557
    ],
    [
      0.487305,
      0.221338
    ],
    [
      0.48916,
      0.221338
    ],
    [
      0.490967,
      0.221338
    ],
    [
      0.492773,
      0.221338
    ],
    [
      0.494629,
      0.221338
    ],
    [
      0.487305,
      0.222168
    ],
    [
      0.48916,
      0.222168
    ],
    [
      0.490967,
      0.222168
    ],
    [
      0.492773,
      0.222168
    ],
    [
      0.494629,
      0.222168
    ]
  ],
  "mesh_path": "meshes/mouth_parts_tongue.json",
  "vertex_keyforms": {
    "parameter_id": "ParamMouthOpenY",
    "keys": [
      {
        "value": 0.0,
        "vertices": [
          [
            998.0,
            430.8
          ],
          [
            1001.8,
            430.8
          ],
          [
            1005.5,
            430.8
          ],
          [
            1009.2,
            430.8
          ],
          [
            1013.0,
            430.8
          ],
          [
            998.0,
            430.9
          ],
          [
            1001.8,
            430.9
          ],
          [
            1005.5,
            430.9
          ],
          [
            1009.2,
            430.9
          ],
          [
            1013.0,
            430.9
          ],
          [
            998.0,
            430.9
          ],
          [
            1001.8,
            430.9
          ],
          [
            1005.5,
            430.9
          ],
          [
            1009.2,
            430.9
          ],
          [
            1013.0,
            430.9
          ],
          [
            998.0,
            431.0
          ],
          [
            1001.8,
            431.0
          ],
          [
            1005.5,
            431.0
          ],
          [
            1009.2,
            431.0
          ],
          [
            1013.0,
            431.0
          ]
        ]
      },
      {
        "value": 0.25,
        "vertices": [
          [
            998.0,
            436.0
          ],
          [
            1001.8,
            436.0
          ],
          [
            1005.5,
            436.0
          ],
          [
            1009.2,
            436.0
          ],
          [
            1013.0,
            436.0
          ],
          [
            998.0,
            436.5
          ],
          [
            1001.8,
            436.5
          ],
          [
            1005.5,
            436.5
          ],
          [
            1009.2,
            436.5
          ],
          [
            1013.0,
            436.5
          ],
          [
            998.0,
            437.0
          ],
          [
            1001.8,
            437.0
          ],
          [
            1005.5,
            437.0
          ],
          [
            1009.2,
            437.0
          ],
          [
            1013.0,
            437.0
          ],
          [
            998.0,
            437.5
          ],
          [
            1001.8,
            437.5
          ],
          [
            1005.5,
            437.5
          ],
          [
            1009.2,
            437.5
          ],
          [
            1013.0,
            437.5
          ]
        ]
      },
      {
        "value": 0.55,
        "vertices": [
          [
            998.0,
            442.4
          ],
          [
            1001.8,
            442.4
          ],
          [
            1005.5,
            442.4
          ],
          [
            1009.2,
            442.4
          ],
          [
            1013.0,
            442.4
          ],
          [
            998.0,
            443.5
          ],
          [
            1001.8,
            443.5
          ],
          [
            1005.5,
            443.5
          ],
          [
            1009.2,
            443.5
          ],
          [
            1013.0,
            443.5
          ],
          [
            998.0,
            444.4
          ],
          [
            1001.8,
            444.4
          ],
          [
            1005.5,
            444.4
          ],
          [
            1009.2,
            444.4
          ],
          [
            1013.0,
            444.4
          ],
          [
            998.0,
            445.5
          ],
          [
            1001.8,
            445.5
          ],
          [
            1005.5,
            445.5
          ],
          [
            1009.2,
            445.5
          ],
          [
            1013.0,
            445.5
          ]
        ]
      },
      {
        "value": 1.0,