{
  "part_id": "mouth_parts_teeth",
  "vertices": [
    [
      974.0,
      430.0
    ],
    [
      989.5,
      430.0
    ],
    [
      1005.0,
      430.0
    ],
    [
      1020.5,
      430.0
    ],
    [
      1036.0,
      430.0
    ],
    [
      974.0,
      442.0
    ],
    [
      989.5,
      442.0
    ],
    [
      1005.0,
      442.0
    ],
    [
      1020.5,
      442.0
    ],
    [
      1036.0,
      442.0
    ],
    [
      974.0,
      454.0
    ],
    [
      989.5,
      454.0
    ],
    [
      1005.0,
      454.0
    ],
    [
      1020.5,
      454.0
    ],
    [
      1036.0,
      454.0
    ],
    [
      974.0,
      466.0
    ],
    [
      989.5,
      466.0
    ],
    [
      1005.0,
      466.0
    ],
    [
      1020.5,
      466.0
    ],
    [
      1036.0,
      466.0
    ]
  ],
  "triangles": [
    [
      0,
      5,
      1
    ],
    [
      1,
      5,
      6
    ],
    [
      1,
      6,
      2
    ],
    [
      2,
      6,
      7
    ],
    [
      2,
      7,
      3
    ],
    [
      3,
      7,
      8
    ],
    [
      3,
      8,
      4
    ],
    [
      4,
      8,
      9
    ],
    [
      5,
      10,
      6
    ],
    [
      6,
      10,
      11
    ],
    [
      6,
      11,
      7
    ],
    [
      7,
      11,
      12
    ],
    [
      7,
      12,
      8
    ],
    [
      8,
      12,
      13
    ],
    [
      8,
      13,
      9
    ],
    [
      9,
      13,
      14
    ],
    [
      10,
      15,
      11
    ],
    [
      11,
      15,
      16
    ],
    [
      11,
      16,
      12
    ],
    [
      12,
      16,
      17
    ],
    [
      12,
      17,
      13
    ],
    [
      13,
      17,
      18
    ],
    [
      13,
      18,
      14
    ],
    [
      14,
      18,
      19
    ]
  ],
  "uvs": [
    [
      0.475586,
      0.209961
    ],
    [
      0.483154,
      0.209961
    ],
    [
      0.490723,
      0.209961
    ],
    [
      0.498291,
      0.209961
    ],
    [
      0.505859,
      0.209961
    ],
    [
      0.475586,
      0.21582
    ],
    [
      0.483154,
      0.21582
    ],
    [
      0.490723,
      0.21582
    ],
    [
      0.498291,
      0.21582
    ],
    [
      0.505859,
      0.21582
    ],
    [
      0.475586,
      0.22168
    ],
    [
      0.483154,
      0.22168
    ],
    [
      0.490723,
      0.22168
    ],
    [
      0.498291,
      0.22168
    ],
    [
      0.505859,
      0.22168
    ],
    [
      0.475586,
      0.227539
    ],
    [
      0.483154,
      0.227539
    ],
    [
      0.490723,
      0.227539
    ],
    [
      0.498291,
      0.227539
    ],
    [
      0.505859,
      0.227539
    ]
  ],
  "mesh_path": "meshes/mouth_parts_teeth.json",
  "vertex_keyforms": {
    "parameter_id": "ParamMouthOpenY",
    "keys": [
      {
        "value": 0.0,
        "vertices": [
          [
            974.0,
            430.0
          ],
          [
            989.5,
            430.0
          ],
          [
            1005.0,
            430.0
          ],
          [
            1020.5,
            430.0
          ],
          [
            1036.0,
            430.0
          ],
          [
            974.0,
            430.5
          ],
          [
            989.5,
            430.5
          ],
          [
            1005.0,
            430.5
          ],
          [
            1020.5,
            430.5
          ],
          [
            1036.0,
            430.5
          ],
          [
            974.0,
            431.0
          ],
          [
            989.5,
            431.0
          ],
          [
            1005.0,
            431.0
          ],
          [
            1020.5,
            431.0
          ],
          [
            1036.0,
            431.0
          ],
          [
            974.0,
            431.4
          ],
          [
            989.5,
            431.4
          ],
          [
            1005.0,
            431.4
          ],
          [
            1020.5,
            431.4
          ],
          [
            1036.0,
            431.4
          ]
        ]
      },
      {
        "value": 0.25,
        "vertices": [
          [
            974.0,
            430.0
          ],
          [
            989.5,
            430.0
          ],
          [
            1005.0,
            430.0
          ],
          [
            1020.5,
            430.0
          ],
          [
            1036.0,
            430.0
          ],
          [
            974.0,
            433.6
          ],
          [
            989.5,
            433.6
          ],
          [
            1005.0,
            433.6
          ],
          [
            1020.5,
            433.6
          ],
          [
            1036.0,
            433.6
          ],
          [
            974.0,
            437.2
          ],
          [
            989.5,
            437.2
          ],
          [
            1005.0,
            437.2
          ],
          [
            1020.5,
            437.2
          ],
          [
            1036.0,
            437.2
          ],
          [
            974.0,
            440.8
          ],
          [
            989.5,
            440.8
          ],
          [
            1005.0,
            440.8
          ],
          [
            1020.5,
            440.8
          ],
          [
            1036.0,
            440.8
          ]
        ]
      },
      {
        "value": 0.55,
        "vertices": [
          [
            974.0,
            430.0
          ],
          [
            989.5,
            430.0
          ],
          [
            1005.0,
            430.0
          ],
          [
            1020.5,
            430.0
          ],
          [
            1036.0,
            430.0
          ],
          [
            974.0,
            437.4
          ],
          [
            989.5,
            437.4
          ],
          [
            1005.0,
            437.4
          ],
          [
            1020.5,
            437.4
          ],
          [
            1036.0,
            437.4
          ],
          [
            974.0,
            444.9
          ],
          [
            989.5,
            444.9
          ],
          [
            1005.0,
            444.9
          ],
          [
            1020.5,
            444.9
          ],
          [
            1036.0,
            444.9
          ],
          [
            974.0,
            452.3
          ],
          [
            989.5,
            452.3
          ],
          [
            1005.0,
            452.3
          ],
          [
            1020.5,
            452.3
          ],
          [
            1036.0,
            452.3
          ]
        ]
      },
      {
        "value": 1.0,