{
  "part_id": "mouth_parts_interior",
  "vertices": [
    [
      981.0,
      430.0
    ],
    [
      993.0,
      430.0
    ],
    [
      1005.0,
      430.0
    ],
    [
      1017.0,
      430.0
    ],
    [
      1029.0,
      430.0
    ],
    [
      981.0,
      436.7
    ],
    [
      993.0,
      436.7
    ],
    [
      1005.0,
      436.7
    ],
    [
      1017.0,
      436.7
    ],
    [
      1029.0,
      436.7
    ],
    [
      981.0,
      443.3
    ],
    [
      993.0,
      443.3
    ],
    [
      1005.0,
      443.3
    ],
    [
      1017.0,
      443.3
    ],
    [
      1029.0,
      443.3
    ],
    [
      981.0,
      450.0
    ],
    [
      993.0,
      450.0
    ],
    [
      1005.0,
      450.0
    ],
    [
      1017.0,
      450.0
    ],
    [
      1029.0,
      450.0
    ]
  ],
  "triangles": [
    [
      0,
      5,
      1
    ],
    [
      1,
      5,
      6
    ],
    [
      1,
      6,
      2
    ],
    [
      2,
      6,
      7
    ],
    [
      2,
      7,
      3
    ],
    [
      3,
      7,
      8
    ],
    [
      3,
      8,
      4
    ],
    [
      4,
      8,
      9
    ],
    [
      5,
      10,
      6
    ],
    [
      6,
      10,
      11
    ],
    [
      6,
      11,
      7
    ],
    [
      7,
      11,
      12
    ],
    [
      7,
      12,
      8
    ],
    [
      8,
      12,
      13
    ],
    [
      8,
      13,
      9
    ],
    [
      9,
      13,
      14
    ],
    [
      10,
      15,
      11
    ],
    [
      11,
      15,
      16
    ],
    [
      11,
      16,
      12
    ],
    [
      12,
      16,
      17
    ],
    [
      12,
      17,
      13
    ],
    [
      13,
      17,
      18
    ],
    [
      13,
      18,
      14
    ],
    [
      14,
      18,
      19
    ]
  ],
  "uvs": [
    [
      0.479004,
      0.209961
    ],
    [
      0.484863,
      0.209961
    ],
    [
      0.490723,
      0.209961
    ],
    [
      0.496582,
      0.209961
    ],
    [
      0.502441,
      0.209961
    ],
    [
      0.479004,
      0.213232
    ],
    [
      0.484863,
      0.213232
    ],
    [
      0.490723,
      0.213232
    ],
    [
      0.496582,
      0.213232
    ],
    [
      0.502441,
      0.213232
    ],
    [
      0.479004,
      0.216455
    ],
    [
      0.484863,
      0.216455
    ],
    [
      0.490723,
      0.216455
    ],
    [
      0.496582,
      0.216455
    ],
    [
      0.502441,
      0.216455
    ],
    [
      0.479004,
      0.219727
    ],
    [
      0.484863,
      0.219727
    ],
    [
      0.490723,
      0.219727
    ],
    [
      0.496582,
      0.219727
    ],
    [
      0.502441,
      0.219727
    ]
  ],
  "mesh_path": "meshes/mouth_parts_interior.json",
  "vertex_keyforms": {
    "parameter_id": "ParamMouthOpenY",
    "keys": [
      {
        "value": 0.0,
        "vertices": [
          [
            981.0,
            430.0
          ],
          [
            993.0,
            430.0
          ],
          [
            1005.0,
            430.0
          ],
          [
            1017.0,
            430.0
          ],
          [
            1029.0,
            430.0
          ],
          [
            981.0,
            430.3
          ],
          [
            993.0,
            430.3
          ],
          [
            1005.0,
            430.3
          ],
          [
            1017.0,
            430.3
          ],
          [
            1029.0,
            430.3
          ],
          [
            981.0,
            430.5
          ],
          [
            993.0,
            430.5
          ],
          [
            1005.0,
            430.5
          ],
          [
            1017.0,
            430.5
          ],
          [
            1029.0,
            430.5
          ],
          [
            981.0,
            430.8
          ],
          [
            993.0,
            430.8
          ],
          [
            1005.0,
            430.8
          ],
          [
            1017.0,
            430.8
          ],
          [
            1029.0,
            430.8
          ]
        ]
      },
      {
        "value": 0.25,
        "vertices": [
          [
            981.0,
            430.0
          ],
          [
            993.0,
            430.0
          ],
          [
            1005.0,
            430.0
          ],
          [
            1017.0,
            430.0
          ],
          [
            1029.0,
            430.0
          ],
          [
            981.0,
            432.0
          ],
          [
            993.0,
            432.0
          ],
          [
            1005.0,
            432.0
          ],
          [
            1017.0,
            432.0
          ],
          [
            1029.0,
            432.0
          ],
          [
            981.0,
            434.0
          ],
          [
            993.0,
            434.0
          ],
          [
            1005.0,
            434.0
          ],
          [
            1017.0,
            434.0
          ],
          [
            1029.0,
            434.0
          ],
          [
            981.0,
            436.0
          ],
          [
            993.0,
            436.0
          ],
          [
            1005.0,
            436.0
          ],
          [
            1017.0,
            436.0
          ],
          [
            1029.0,
            436.0
          ]
        ]
      },
      {
        "value": 0.55,
        "vertices": [
          [
            981.0,
            430.0
          ],
          [
            993.0,
            430.0
          ],
          [
            1005.0,
            430.0
          ],
          [
            1017.0,
            430.0
          ],
          [
            1029.0,
            430.0
          ],
          [
            981.0,
            434.2
          ],
          [
            993.0,
            434.2
          ],
          [
            1005.0,
            434.2
          ],
          [
            1017.0,
            434.2
          ],
          [
            1029.0,
            434.2
          ],
          [
            981.0,
            438.2
          ],
          [
            993.0,
            438.2
          ],
          [
            1005.0,
            438.2
          ],
          [
            1017.0,
            438.2
          ],
          [
            1029.0,
            438.2
          ],
          [
            981.0,
            442.4
          ],
          [
            993.0,
            442.4
          ],
          [
            1005.0,
            442.4
          ],
          [
            1017.0,
            442.4
          ],
          [
            1029.0,
            442.4
          ]
        ]
      },
      {
        "value": 1.0,