{
  "part_id": "mouth_parts_upper_lip",
  "vertices": [
    [
      974.0,
      430.0
    ],
    [
      989.5,
      430.0
    ],
    [
      1005.0,
      430.0
    ],
    [
      1020.5,
      430.0
    ],
    [
      1036.0,
      430.0
    ],
    [
      974.0,
      436.3
    ],
    [
      989.5,
      436.3
    ],
    [
      1005.0,
      436.3
    ],
    [
      1020.5,
      436.3
    ],
    [
      1036.0,
      436.3
    ],
    [
      974.0,
      442.7
    ],
    [
      989.5,
      442.7
    ],
    [
      1005.0,
      442.7
    ],
    [
      1020.5,
      442.7
    ],
    [
      1036.0,
      442.7
    ],
    [
      974.0,
      449.0
    ],
    [
      989.5,
      449.0
    ],
    [
      1005.0,
      449.0
    ],
    [
      1020.5,
      449.0
    ],
    [
      1036.0,
      449.0
    ]
  ],
  "triangles": [
    [
      0,
      5,
      1
    ],
    [
      1,
      5,
      6
    ],
    [
      1,
      6,
      2
    ],
    [
      2,
      6,
      7
    ],
    [
      2,
      7,
      3
    ],
    [
      3,
      7,
      8
    ],
    [
      3,
      8,
      4
    ],
    [
      4,
      8,
      9
    ],
    [
      5,
      10,
      6
    ],
    [
      6,
      10,
      11
    ],
    [
      6,
      11,
      7
    ],
    [
      7,
      11,
      12
    ],
    [
      7,
      12,
      8
    ],
    [
      8,
      12,
      13
    ],
    [
      8,
      13,
      9
    ],
    [
      9,
      13,
      14
    ],
    [
      10,
      15,
      11
    ],
    [
      11,
      15,
      16
    ],
    [
      11,
      16,
      12
    ],
    [
      12,
      16,
      17
    ],
    [
      12,
      17,
      13
    ],
    [
      13,
      17,
      18
    ],
    [
      13,
      18,
      14
    ],
    [
      14,
      18,
      19
    ]
  ],
  "uvs": [
    [
      0.475586,
      0.209961
    ],
    [
      0.483154,
      0.209961
    ],
    [
      0.490723,
      0.209961
    ],
    [
      0.498291,
      0.209961
    ],
    [
      0.505859,
      0.209961
    ],
    [
      0.475586,
      0.213037
    ],
    [
      0.483154,
      0.213037
    ],
    [
      0.490723,
      0.213037
    ],
    [
      0.498291,
      0.213037
    ],
    [
      0.505859,
      0.213037
    ],
    [
      0.475586,
      0.216162
    ],
    [
      0.483154,
      0.216162
    ],
    [
      0.490723,
      0.216162
    ],
    [
      0.498291,
      0.216162
    ],
    [
      0.505859,
      0.216162
    ],
    [
      0.475586,
      0.219238
    ],
    [
      0.483154,
      0.219238
    ],
    [
      0.490723,
      0.219238
    ],
    [
      0.498291,
      0.219238
    ],
    [
      0.505859,
      0.219238
    ]
  ],
  "mesh_path": "meshes/mouth_parts_upper_lip.json",
  "vertex_keyforms": {
    "parameter_id": "ParamMouthForm",
    "keys": [
      {
        "value": -1,
        "vertices": [
          [
            974.0,
            436.0
          ],
          [
            989.5,
            432.0
          ],
          [
            1005.0,
            430.0
          ],
          [
            1020.5,
            432.0
          ],
          [
            1036.0,
            436.0
          ],
          [
            974.0,
            442.3
          ],
          [
            989.5,
            438.3
          ],
          [
            1005.0,
            436.3
          ],
          [
            1020.5,
            438.3
          ],
          [
            1036.0,
            442.3
          ],
          [
            974.0,
            448.7
          ],
          [
            989.5,
            444.7
          ],
          [
            1005.0,
            442.7
          ],
          [
            1020.5,
            444.7
          ],
          [
            1036.0,
            448.7
          ],
          [
            974.0,
            455.0
          ],
          [
            989.5,
            451.0
          ],
          [
            1005.0,
            449.0
          ],
          [
            1020.5,
            451.0
          ],
          [
            1036.0,
            455.0
          ]
        ]
      },
      {
        "value": 0,
        "vertices": [
          [
            974.0,
            430.0
          ],
          [
            989.5,
            430.0
          ],
          [
            1005.0,
            430.0
          ],
          [
            1020.5,
            430.0
          ],
          [
            1036.0,
            430.0
          ],
          [
            974.0,
            436.3
          ],
          [
            989.5,
            436.3
          ],
          [
            1005.0,
            436.3
          ],
          [
            1020.5,
            436.3
          ],
          [
            1036.0,
            436.3
          ],
          [
            974.0,
            442.7
          ],
          [
            989.5,
            442.7
          ],
          [
            1005.0,
            442.7
          ],
          [
            1020.5,
            442.7
          ],
          [
            1036.0,
            442.7
          ],
          [
            974.0,
            449.0
          ],
          [
            989.5,
            449.0
          ],
          [
            1005.0,
            449.0
          ],
          [
            1020.5,
            449.0
          ],
          [
            1036.0,
            449.0
          ]
        ]
      },
      {
        "value": 1,
        "vertices": [
          [
            974.0,
            423.0
          ],
          [
            989.5,
            427.7
          ],
          [
            1005.0,
            430.0
          ],
          [
            1020.5,
            427.7
          ],
          [
            1036.0,
            423.0
          ],
          [
            974.0,
            429.3
          ],
          [
            989.5,
            434.0
          ],
          [
            1005.0,
            436.3
          ],
          [
            1020.5,
            434.0
          ],
          [
            1036.0,
            429.3
          ],
          [
            974.0,
            435.7
          ],
          [
            989.5,
            440.4
          ],
          [
            1005.0,
            442.7
          ],
          [
            1020.5,
            440.4
          ],
          [
            1036.0,
            435.7
          ],
          [
            974.0,
            442.0
          ],
          [
            989.5,
            446.7
          ],
          [
            1005.0,
            449.0
          ],
          [
            1020.5,
            446.7
          ],
          [
            1036.0,
            442.0
          ]
        ]
      }
    ]
  }
}
