{
  "part_id": "neck",
  "vertices": [
    [
      943.0,
      348.0
    ],
    [
      976.5,
      348.0
    ],
    [
      1010.0,
      348.0
    ],
    [
      1043.5,
      348.0
    ],
    [
      1077.0,
      348.0
    ],
    [
      943.0,
      428.3
    ],
    [
      976.5,
      428.3
    ],
    [
      1010.0,
      428.3
    ],
    [
      1043.5,
      428.3
    ],
    [
      1077.0,
      428.3
    ],
    [
      943.0,
      508.7
    ],
    [
      976.5,
      508.7
    ],
    [
      1010.0,
      508.7
    ],
    [
      1043.5,
      508.7
    ],
    [
      1077.0,
      508.7
    ],
    [
      943.0,
      589.0
    ],
    [
      976.5,
      589.0
    ],
    [
      1010.0,
      589.0
    ],
    [
      1043.5,
      589.0
    ],
    [
      1077.0,
      589.0
    ]
  ],
  "triangles": [
    [
      0,
      5,
      1
    ],
    [
      1,
      5,
      6
    ],
    [
      1,
      6,
      2
    ],
    [
      2,
      6,
      7
    ],
    [
      2,
      7,
      3
    ],
    [
      3,
      7,
      8
    ],
    [
      3,
      8,
      4
    ],
    [
      4,
      8,
      9
    ],
    [
      5,
      10,
      6
    ],
    [
      6,
      10,
      11
    ],
    [
      6,
      11,
      7
    ],
    [
      7,
      11,
      12
    ],
    [
      7,
      12,
      8
    ],
    [
      8,
      12,
      13
    ],
    [
      8,
      13,
      9
    ],
    [
      9,
      13,
      14
    ],
    [
      10,
      15,
      11
    ],
    [
      11,
      15,
      16
    ],
    [
      11,
      16,
      12
    ],
    [
      12,
      16,
      17
    ],
    [
      12,
      17,
      13
    ],
    [
      13,
      17,
      18
    ],
    [
      13,
      18,
      14
    ],
    [
      14,
      18,
      19
    ]
  ],
  "uvs": [
    [
      0.460449,
      0.169922
    ],
    [
      0.476807,
      0.169922
    ],
    [
      0.493164,
      0.169922
    ],
    [
      0.509521,
      0.169922
    ],
    [
      0.525879,
      0.169922
    ],
    [
      0.460449,
      0.209131
    ],
    [
      0.476807,
      0.209131
    ],
    [
      0.493164,
      0.209131
    ],
    [
      0.509521,
      0.209131
    ],
    [
      0.525879,
      0.209131
    ],
    [
      0.460449,
      0.248389
    ],
    [
      0.476807,
      0.248389
    ],
    [
      0.493164,
      0.248389
    ],
    [
      0.509521,
      0.248389
    ],
    [
      0.525879,
      0.248389
    ],
    [
      0.460449,
      0.287598
    ],
    [
      0.476807,
      0.287598
    ],
    [
      0.493164,
      0.287598
    ],
    [
      0.509521,
      0.287598
    ],
    [
      0.525879,
      0.287598
    ]
  ],
  "mesh_path": "meshes/neck.json"
}
