{
  "part_id": "neck_under",
  "vertices": [
    [
      967.0,
      512.0
    ],
    [
      986.0,
      512.0
    ],
    [
      1005.0,
      512.0
    ],
    [
      1024.0,
      512.0
    ],
    [
      1043.0,
      512.0
    ],
    [
      967.0,
      520.3
    ],
    [
      986.0,
      520.3
    ],
    [
      1005.0,
      520.3
    ],
    [
      1024.0,
      520.3
    ],
    [
      1043.0,
      520.3
    ],
    [
      967.0,
      528.7
    ],
    [
      986.0,
      528.7
    ],
    [
      1005.0,
      528.7
    ],
    [
      1024.0,
      528.7
    ],
    [
      1043.0,
      528.7
    ],
    [
      967.0,
      537.0
    ],
    [
      986.0,
      537.0
    ],
    [
      1005.0,
      537.0
    ],
    [
      1024.0,
      537.0
    ],
    [
      1043.0,
      537.0
    ]
  ],
  "triangles": [
    [
      0,
      5,
      1
    ],
    [
      1,
      5,
      6
    ],
    [
      1,
      6,
      2
    ],
    [
      2,
      6,
      7
    ],
    [
      2,
      7,
      3
    ],
    [
      3,
      7,
      8
    ],
    [
      3,
      8,
      4
    ],
    [
      4,
      8,
      9
    ],
    [
      5,
      10,
      6
    ],
    [
      6,
      10,
      11
    ],
    [
      6,
      11,
      7
    ],
    [
      7,
      11,
      12
    ],
    [
      7,
      12,
      8
    ],
    [
      8,
      12,
      13
    ],
    [
      8,
      13,
      9
    ],
    [
      9,
      13,
      14
    ],
    [
      10,
      15,
      11
    ],
    [
      11,
      15,
      16
    ],
    [
      11,
      16,
      12
    ],
    [
      12,
      16,
      17
    ],
    [
      12,
      17,
      13
    ],
    [
      13,
      17,
      18
    ],
    [
      13,
      18,
      14
    ],
    [
      14,
      18,
      19
    ]
  ],
  "uvs": [
    [
      0.472168,
      0.25
    ],
    [
      0.481445,
      0.25
    ],
    [
      0.490723,
      0.25
    ],
    [
      0.5,
      0.25
    ],
    [
      0.509277,
      0.25
    ],
    [
      0.472168,
      0.254053
    ],
    [
      0.481445,
      0.254053
    ],
    [
      0.490723,
      0.254053
    ],
    [
      0.5,
      0.254053
    ],
    [
      0.509277,
      0.254053
    ],
    [
      0.472168,
      0.258154
    ],
    [
      0.481445,
      0.258154
    ],
    [
      0.490723,
      0.258154
    ],
    [
      0.5,
      0.258154
    ],
    [
      0.509277,
      0.258154
    ],
    [
      0.472168,
      0.262207
    ],
    [
      0.481445,
      0.262207
    ],
    [
      0.490723,
      0.262207
    ],
    [
      0.5,
      0.262207
    ],
    [
      0.509277,
      0.262207
    ]
  ],
  "mesh_path": "meshes/neck_under.json"
}
