{
  "part_id": "nose_reference",
  "vertices": [
    [
      993.0,
      375.0
    ],
    [
      997.0,
      375.0
    ],
    [
      1001.0,
      375.0
    ],
    [
      1005.0,
      375.0
    ],
    [
      1009.0,
      375.0
    ],
    [
      993.0,
      381.0
    ],
    [
      997.0,
      381.0
    ],
    [
      1001.0,
      381.0
    ],
    [
      1005.0,
      381.0
    ],
    [
      1009.0,
      381.0
    ],
    [
      993.0,
      387.0
    ],
    [
      997.0,
      387.0
    ],
    [
      1001.0,
      387.0
    ],
    [
      1005.0,
      387.0
    ],
    [
      1009.0,
      387.0
    ],
    [
      993.0,
      393.0
    ],
    [
      997.0,
      393.0
    ],
    [
      1001.0,
      393.0
    ],
    [
      1005.0,
      393.0
    ],
    [
      1009.0,
      393.0
    ]
  ],
  "triangles": [
    [
      0,
      5,
      1
    ],
    [
      1,
      5,
      6
    ],
    [
      1,
      6,
      2
    ],
    [
      2,
      6,
      7
    ],
    [
      2,
      7,
      3
    ],
    [
      3,
      7,
      8
    ],
    [
      3,
      8,
      4
    ],
    [
      4,
      8,
      9
    ],
    [
      5,
      10,
      6
    ],
    [
      6,
      10,
      11
    ],
    [
      6,
      11,
      7
    ],
    [
      7,
      11,
      12
    ],
    [
      7,
      12,
      8
    ],
    [
      8,
      12,
      13
    ],
    [
      8,
      13,
      9
    ],
    [
      9,
      13,
      14
    ],
    [
      10,
      15,
      11
    ],
    [
      11,
      15,
      16
    ],
    [
      11,
      16,
      12
    ],
    [
      12,
      16,
      17
    ],
    [
      12,
      17,
      13
    ],
    [
      13,
      17,
      18
    ],
    [
      13,
      18,
      14
    ],
    [
      14,
      18,
      19
    ]
  ],
  "uvs": [
    [
      0.484863,
      0.183105
    ],
    [
      0.486816,
      0.183105
    ],
    [
      0.48877,
      0.183105
    ],
    [
      0.490723,
      0.183105
    ],
    [
      0.492676,
      0.183105
    ],
    [
      0.484863,
      0.186035
    ],
    [
      0.486816,
      0.186035
    ],
    [
      0.48877,
      0.186035
    ],
    [
      0.490723,
      0.186035
    ],
    [
      0.492676,
      0.186035
    ],
    [
      0.484863,
      0.188965
    ],
    [
      0.486816,
      0.188965
    ],
    [
      0.48877,
      0.188965
    ],
    [
      0.490723,
      0.188965
    ],
    [
      0.492676,
      0.188965
    ],
    [
      0.484863,
      0.191895
    ],
    [
      0.486816,
      0.191895
    ],
    [
      0.48877,
      0.191895
    ],
    [
      0.490723,
      0.191895
    ],
    [
      0.492676,
      0.191895
    ]
  ],
  "mesh_path": "meshes/nose_reference.json"
}
