{
  "part_id": "R_arm",
  "vertices": [
    [
      486.0,
      639.0
    ],
    [
      573.0,
      639.0
    ],
    [
      660.0,
      639.0
    ],
    [
      747.0,
      639.0
    ],
    [
      834.0,
      639.0
    ],
    [
      486.0,
      1073.7
    ],
    [
      573.0,
      1073.7
    ],
    [
      660.0,
      1073.7
    ],
    [
      747.0,
      1073.7
    ],
    [
      834.0,
      1073.7
    ],
    [
      486.0,
      1508.3
    ],
    [
      573.0,
      1508.3
    ],
    [
      660.0,
      1508.3
    ],
    [
      747.0,
      1508.3
    ],
    [
      834.0,
      1508.3
    ],
    [
      486.0,
      1943.0
    ],
    [
      573.0,
      1943.0
    ],
    [
      660.0,
      1943.0
    ],
    [
      747.0,
      1943.0
    ],
    [
      834.0,
      1943.0
    ]
  ],
  "triangles": [
    [
      1,
      5,
      6
    ],
    [
      1,
      6,
      2
    ],
    [
      2,
      6,
      7
    ],
    [
      2,
      7,
      3
    ],
    [
      3,
      7,
      8
    ],
    [
      3,
      8,
      4
    ],
    [
      4,
      8,
      9
    ],
    [
      5,
      10,
      6
    ],
    [
      6,
      10,
      11
    ],
    [
      6,
      11,
      7
    ],
    [
      7,
      11,
      12
    ],
    [
      7,
      12,
      8
    ],
    [
      8,
      12,
      13
    ],
    [
      8,
      13,
      9
    ],
    [
      9,
      13,
      14
    ],
    [
      10,
      15,
      11
    ],
    [
      11,
      15,
      16
    ],
    [
      11,
      16,
      12
    ],
    [
      12,
      16,
      17
    ],
    [
      12,
      17,
      13
    ],
    [
      13,
      17,
      18
    ],
    [
      13,
      18,
      14
    ]
  ],
  "uvs": [
    [
      0.237305,
      0.312012
    ],
    [
      0.279785,
      0.312012
    ],
    [
      0.322266,
      0.312012
    ],
    [
      0.364746,
      0.312012
    ],
    [
      0.407227,
      0.312012
    ],
    [
      0.237305,
      0.524268
    ],
    [
      0.279785,
      0.524268
    ],
    [
      0.322266,
      0.524268
    ],
    [
      0.364746,
      0.524268
    ],
    [
      0.407227,
      0.524268
    ],
    [
      0.237305,
      0.736475
    ],
    [
      0.279785,
      0.736475
    ],
    [
      0.322266,
      0.736475
    ],
    [
      0.364746,
      0.736475
    ],
    [
      0.407227,
      0.736475
    ],
    [
      0.237305,
      0.94873
    ],
    [
      0.279785,
      0.94873
    ],
    [
      0.322266,
      0.94873
    ],
    [
      0.364746,
      0.94873
    ],
    [
      0.407227,
      0.94873
    ]
  ],
  "mesh_path": "meshes/R_arm.json"
}
