{
  "part_id": "R_brow",
  "vertices": [
    [
      925.0,
      274.0
    ],
    [
      932.8,
      274.0
    ],
    [
      940.5,
      274.0
    ],
    [
      948.2,
      274.0
    ],
    [
      956.0,
      274.0
    ],
    [
      925.0,
      276.3
    ],
    [
      932.8,
      276.3
    ],
    [
      940.5,
      276.3
    ],
    [
      948.2,
      276.3
    ],
    [
      956.0,
      276.3
    ],
    [
      925.0,
      278.7
    ],
    [
      932.8,
      278.7
    ],
    [
      940.5,
      278.7
    ],
    [
      948.2,
      278.7
    ],
    [
      956.0,
      278.7
    ],
    [
      925.0,
      281.0
    ],
    [
      932.8,
      281.0
    ],
    [
      940.5,
      281.0
    ],
    [
      948.2,
      281.0
    ],
    [
      956.0,
      281.0
    ]
  ],
  "triangles": [
    [
      0,
      5,
      1
    ],
    [
      1,
      5,
      6
    ],
    [
      1,
      6,
      2
    ],
    [
      2,
      6,
      7
    ],
    [
      2,
      7,
      3
    ],
    [
      3,
      7,
      8
    ],
    [
      3,
      8,
      4
    ],
    [
      4,
      8,
      9
    ],
    [
      5,
      10,
      6
    ],
    [
      6,
      10,
      11
    ],
    [
      6,
      11,
      7
    ],
    [
      7,
      11,
      12
    ],
    [
      7,
      12,
      8
    ],
    [
      8,
      12,
      13
    ],
    [
      8,
      13,
      9
    ],
    [
      9,
      13,
      14
    ],
    [
      10,
      15,
      11
    ],
    [
      11,
      15,
      16
    ],
    [
      11,
      16,
      12
    ],
    [
      12,
      16,
      17
    ],
    [
      12,
      17,
      13
    ],
    [
      13,
      17,
      18
    ],
    [
      13,
      18,
      14
    ],
    [
      14,
      18,
      19
    ]
  ],
  "uvs": [
    [
      0.45166,
      0.133789
    ],
    [
      0.455469,
      0.133789
    ],
    [
      0.459229,
      0.133789
    ],
    [
      0.462988,
      0.133789
    ],
    [
      0.466797,
      0.133789
    ],
    [
      0.45166,
      0.134912
    ],
    [
      0.455469,
      0.134912
    ],
    [
      0.459229,
      0.134912
    ],
    [
      0.462988,
      0.134912
    ],
    [
      0.466797,
      0.134912
    ],
    [
      0.45166,
      0.136084
    ],
    [
      0.455469,
      0.136084
    ],
    [
      0.459229,
      0.136084
    ],
    [
      0.462988,
      0.136084
    ],
    [
      0.466797,
      0.136084
    ],
    [
      0.45166,
      0.137207
    ],
    [
      0.455469,
      0.137207
    ],
    [
      0.459229,
      0.137207
    ],
    [
      0.462988,
      0.137207
    ],
    [
      0.466797,
      0.137207
    ]
  ],
  "mesh_path": "meshes/R_brow.json"
}
