{
  "part_id": "R_ear_outer",
  "vertices": [
    [
      810.0,
      295.0
    ],
    [
      830.5,
      295.0
    ],
    [
      851.0,
      295.0
    ],
    [
      871.5,
      295.0
    ],
    [
      892.0,
      295.0
    ],
    [
      810.0,
      330.0
    ],
    [
      830.5,
      330.0
    ],
    [
      851.0,
      330.0
    ],
    [
      871.5,
      330.0
    ],
    [
      892.0,
      330.0
    ],
    [
      810.0,
      365.0
    ],
    [
      830.5,
      365.0
    ],
    [
      851.0,
      365.0
    ],
    [
      871.5,
      365.0
    ],
    [
      892.0,
      365.0
    ],
    [
      810.0,
      400.0
    ],
    [
      830.5,
      400.0
    ],
    [
      851.0,
      400.0
    ],
    [
      871.5,
      400.0
    ],
    [
      892.0,
      400.0
    ]
  ],
  "triangles": [
    [
      0,
      5,
      1
    ],
    [
      1,
      5,
      6
    ],
    [
      1,
      6,
      2
    ],
    [
      2,
      6,
      7
    ],
    [
      2,
      7,
      3
    ],
    [
      3,
      7,
      8
    ],
    [
      3,
      8,
      4
    ],
    [
      4,
      8,
      9
    ],
    [
      5,
      10,
      6
    ],
    [
      6,
      10,
      11
    ],
    [
      6,
      11,
      7
    ],
    [
      7,
      11,
      12
    ],
    [
      7,
      12,
      8
    ],
    [
      8,
      12,
      13
    ],
    [
      8,
      13,
      9
    ],
    [
      9,
      13,
      14
    ],
    [
      10,
      15,
      11
    ],
    [
      11,
      15,
      16
    ],
    [
      11,
      16,
      12
    ],
    [
      12,
      16,
      17
    ],
    [
      12,
      17,
      13
    ],
    [
      13,
      17,
      18
    ],
    [
      13,
      18,
      14
    ],
    [
      14,
      18,
      19
    ]
  ],
  "uvs": [
    [
      0.395508,
      0.144043
    ],
    [
      0.405518,
      0.144043
    ],
    [
      0.415527,
      0.144043
    ],
    [
      0.425537,
      0.144043
    ],
    [
      0.435547,
      0.144043
    ],
    [
      0.395508,
      0.161133
    ],
    [
      0.405518,
      0.161133
    ],
    [
      0.415527,
      0.161133
    ],
    [
      0.425537,
      0.161133
    ],
    [
      0.435547,
      0.161133
    ],
    [
      0.395508,
      0.178223
    ],
    [
      0.405518,
      0.178223
    ],
    [
      0.415527,
      0.178223
    ],
    [
      0.425537,
      0.178223
    ],
    [
      0.435547,
      0.178223
    ],
    [
      0.395508,
      0.195312
    ],
    [
      0.405518,
      0.195312
    ],
    [
      0.415527,
      0.195312
    ],
    [
      0.425537,
      0.195312
    ],
    [
      0.435547,
      0.195312
    ]
  ],
  "mesh_path": "meshes/R_ear_outer.json"
}
