{
  "part_id": "R_eye_white",
  "vertices": [
    [
      880.0,
      317.0
    ],
    [
      899.5,
      317.0
    ],
    [
      919.0,
      317.0
    ],
    [
      938.5,
      317.0
    ],
    [
      958.0,
      317.0
    ],
    [
      880.0,
      331.7
    ],
    [
      899.5,
      331.7
    ],
    [
      919.0,
      331.7
    ],
    [
      938.5,
      331.7
    ],
    [
      958.0,
      331.7
    ],
    [
      880.0,
      346.3
    ],
    [
      899.5,
      346.3
    ],
    [
      919.0,
      346.3
    ],
    [
      938.5,
      346.3
    ],
    [
      958.0,
      346.3
    ],
    [
      880.0,
      361.0
    ],
    [
      899.5,
      361.0
    ],
    [
      919.0,
      361.0
    ],
    [
      938.5,
      361.0
    ],
    [
      958.0,
      361.0
    ]
  ],
  "triangles": [
    [
      0,
      5,
      1
    ],
    [
      1,
      5,
      6
    ],
    [
      1,
      6,
      2
    ],
    [
      2,
      6,
      7
    ],
    [
      2,
      7,
      3
    ],
    [
      3,
      7,
      8
    ],
    [
      3,
      8,
      4
    ],
    [
      4,
      8,
      9
    ],
    [
      5,
      10,
      6
    ],
    [
      6,
      10,
      11
    ],
    [
      6,
      11,
      7
    ],
    [
      7,
      11,
      12
    ],
    [
      7,
      12,
      8
    ],
    [
      8,
      12,
      13
    ],
    [
      8,
      13,
      9
    ],
    [
      9,
      13,
      14
    ],
    [
      10,
      15,
      11
    ],
    [
      11,
      15,
      16
    ],
    [
      11,
      16,
      12
    ],
    [
      12,
      16,
      17
    ],
    [
      12,
      17,
      13
    ],
    [
      13,
      17,
      18
    ],
    [
      13,
      18,
      14
    ],
    [
      14,
      18,
      19
    ]
  ],
  "uvs": [
    [
      0.429688,
      0.154785
    ],
    [
      0.439209,
      0.154785
    ],
    [
      0.44873,
      0.154785
    ],
    [
      0.458252,
      0.154785
    ],
    [
      0.467773,
      0.154785
    ],
    [
      0.429688,
      0.161963
    ],
    [
      0.439209,
      0.161963
    ],
    [
      0.44873,
      0.161963
    ],
    [
      0.458252,
      0.161963
    ],
    [
      0.467773,
      0.161963
    ],
    [
      0.429688,
      0.169092
    ],
    [
      0.439209,
      0.169092
    ],
    [
      0.44873,
      0.169092
    ],
    [
      0.458252,
      0.169092
    ],
    [
      0.467773,
      0.169092
    ],
    [
      0.429688,
      0.17627
    ],
    [
      0.439209,
      0.17627
    ],
    [
      0.44873,
      0.17627
    ],
    [
      0.458252,
      0.17627
    ],
    [
      0.467773,
      0.17627
    ]
  ],
  "mesh_path": "meshes/R_eye_white.json"
}
