{
  "part_id": "R_iris",
  "vertices": [
    [
      904.0,
      318.0
    ],
    [
      916.2,
      318.0
    ],
    [
      928.5,
      318.0
    ],
    [
      940.8,
      318.0
    ],
    [
      953.0,
      318.0
    ],
    [
      904.0,
      333.7
    ],
    [
      916.2,
      333.7
    ],
    [
      928.5,
      333.7
    ],
    [
      940.8,
      333.7
    ],
    [
      953.0,
      333.7
    ],
    [
      904.0,
      349.3
    ],
    [
      916.2,
      349.3
    ],
    [
      928.5,
      349.3
    ],
    [
      940.8,
      349.3
    ],
    [
      953.0,
      349.3
    ],
    [
      904.0,
      365.0
    ],
    [
      916.2,
      365.0
    ],
    [
      928.5,
      365.0
    ],
    [
      940.8,
      365.0
    ],
    [
      953.0,
      365.0
    ]
  ],
  "triangles": [
    [
      0,
      5,
      1
    ],
    [
      1,
      5,
      6
    ],
    [
      1,
      6,
      2
    ],
    [
      2,
      6,
      7
    ],
    [
      2,
      7,
      3
    ],
    [
      3,
      7,
      8
    ],
    [
      3,
      8,
      4
    ],
    [
      4,
      8,
      9
    ],
    [
      5,
      10,
      6
    ],
    [
      6,
      10,
      11
    ],
    [
      6,
      11,
      7
    ],
    [
      7,
      11,
      12
    ],
    [
      7,
      12,
      8
    ],
    [
      8,
      12,
      13
    ],
    [
      8,
      13,
      9
    ],
    [
      9,
      13,
      14
    ],
    [
      10,
      15,
      11
    ],
    [
      11,
      15,
      16
    ],
    [
      11,
      16,
      12
    ],
    [
      12,
      16,
      17
    ],
    [
      12,
      17,
      13
    ],
    [
      13,
      17,
      18
    ],
    [
      13,
      18,
      14
    ],
    [
      14,
      18,
      19
    ]
  ],
  "uvs": [
    [
      0.441406,
      0.155273
    ],
    [
      0.447363,
      0.155273
    ],
    [
      0.453369,
      0.155273
    ],
    [
      0.459375,
      0.155273
    ],
    [
      0.465332,
      0.155273
    ],
    [
      0.441406,
      0.162939
    ],
    [
      0.447363,
      0.162939
    ],
    [
      0.453369,
      0.162939
    ],
    [
      0.459375,
      0.162939
    ],
    [
      0.465332,
      0.162939
    ],
    [
      0.441406,
      0.170557
    ],
    [
      0.447363,
      0.170557
    ],
    [
      0.453369,
      0.170557
    ],
    [
      0.459375,
      0.170557
    ],
    [
      0.465332,
      0.170557
    ],
    [
      0.441406,
      0.178223
    ],
    [
      0.447363,
      0.178223
    ],
    [
      0.453369,
      0.178223
    ],
    [
      0.459375,
      0.178223
    ],
    [
      0.465332,
      0.178223
    ]
  ],
  "mesh_path": "meshes/R_iris.json"
}
