{
  "part_id": "R_upper_lash",
  "vertices": [
    [
      859.0,
      307.0
    ],
    [
      885.5,
      307.0
    ],
    [
      912.0,
      307.0
    ],
    [
      938.5,
      307.0
    ],
    [
      965.0,
      307.0
    ],
    [
      859.0,
      324.0
    ],
    [
      885.5,
      324.0
    ],
    [
      912.0,
      324.0
    ],
    [
      938.5,
      324.0
    ],
    [
      965.0,
      324.0
    ],
    [
      859.0,
      341.0
    ],
    [
      885.5,
      341.0
    ],
    [
      912.0,
      341.0
    ],
    [
      938.5,
      341.0
    ],
    [
      965.0,
      341.0
    ],
    [
      859.0,
      358.0
    ],
    [
      885.5,
      358.0
    ],
    [
      912.0,
      358.0
    ],
    [
      938.5,
      358.0
    ],
    [
      965.0,
      358.0
    ]
  ],
  "triangles": [
    [
      0,
      5,
      1
    ],
    [
      1,
      5,
      6
    ],
    [
      1,
      6,
      2
    ],
    [
      2,
      6,
      7
    ],
    [
      2,
      7,
      3
    ],
    [
      3,
      7,
      8
    ],
    [
      3,
      8,
      4
    ],
    [
      4,
      8,
      9
    ],
    [
      5,
      10,
      6
    ],
    [
      6,
      10,
      11
    ],
    [
      6,
      11,
      7
    ],
    [
      7,
      11,
      12
    ],
    [
      7,
      12,
      8
    ],
    [
      8,
      12,
      13
    ],
    [
      8,
      13,
      9
    ],
    [
      9,
      13,
      14
    ],
    [
      10,
      15,
      11
    ],
    [
      11,
      15,
      16
    ],
    [
      11,
      16,
      12
    ],
    [
      12,
      16,
      17
    ],
    [
      12,
      17,
      13
    ],
    [
      13,
      17,
      18
    ],
    [
      13,
      18,
      14
    ],
    [
      14,
      18,
      19
    ]
  ],
  "uvs": [
    [
      0.419434,
      0.149902
    ],
    [
      0.432373,
      0.149902
    ],
    [
      0.445312,
      0.149902
    ],
    [
      0.458252,
      0.149902
    ],
    [
      0.471191,
      0.149902
    ],
    [
      0.419434,
      0.158203
    ],
    [
      0.432373,
      0.158203
    ],
    [
      0.445312,
      0.158203
    ],
    [
      0.458252,
      0.158203
    ],
    [
      0.471191,
      0.158203
    ],
    [
      0.419434,
      0.166504
    ],
    [
      0.432373,
      0.166504
    ],
    [
      0.445312,
      0.166504
    ],
    [
      0.458252,
      0.166504
    ],
    [
      0.471191,
      0.166504
    ],
    [
      0.419434,
      0.174805
    ],
    [
      0.432373,
      0.174805
    ],
    [
      0.445312,
      0.174805
    ],
    [
      0.458252,
      0.174805
    ],
    [
      0.471191,
      0.174805
    ]
  ],
  "mesh_path": "meshes/R_upper_lash.json"
}
