{
  "part_id": "raw_bottomwear",
  "vertices": [
    [
      636.0,
      1310.0
    ],
    [
      819.5,
      1310.0
    ],
    [
      1003.0,
      1310.0
    ],
    [
      1186.5,
      1310.0
    ],
    [
      1370.0,
      1310.0
    ],
    [
      636.0,
      1450.7
    ],
    [
      819.5,
      1450.7
    ],
    [
      1003.0,
      1450.7
    ],
    [
      1186.5,
      1450.7
    ],
    [
      1370.0,
      1450.7
    ],
    [
      636.0,
      1591.3
    ],
    [
      819.5,
      1591.3
    ],
    [
      1003.0,
      1591.3
    ],
    [
      1186.5,
      1591.3
    ],
    [
      1370.0,
      1591.3
    ],
    [
      636.0,
      1732.0
    ],
    [
      819.5,
      1732.0
    ],
    [
      1003.0,
      1732.0
    ],
    [
      1186.5,
      1732.0
    ],
    [
      1370.0,
      1732.0
    ]
  ],
  "triangles": [
    [
      0,
      5,
      1
    ],
    [
      1,
      5,
      6
    ],
    [
      1,
      6,
      2
    ],
    [
      2,
      6,
      7
    ],
    [
      2,
      7,
      3
    ],
    [
      3,
      7,
      8
    ],
    [
      3,
      8,
      4
    ],
    [
      4,
      8,
      9
    ],
    [
      5,
      10,
      6
    ],
    [
      6,
      10,
      11
    ],
    [
      6,
      11,
      7
    ],
    [
      7,
      11,
      12
    ],
    [
      7,
      12,
      8
    ],
    [
      8,
      12,
      13
    ],
    [
      8,
      13,
      9
    ],
    [
      9,
      13,
      14
    ],
    [
      10,
      15,
      11
    ],
    [
      11,
      15,
      16
    ],
    [
      11,
      16,
      12
    ],
    [
      12,
      16,
      17
    ],
    [
      12,
      17,
      13
    ],
    [
      13,
      17,
      18
    ],
    [
      13,
      18,
      14
    ],
    [
      14,
      18,
      19
    ]
  ],
  "uvs": [
    [
      0.310547,
      0.639648
    ],
    [
      0.400146,
      0.639648
    ],
    [
      0.489746,
      0.639648
    ],
    [
      0.579346,
      0.639648
    ],
    [
      0.668945,
      0.639648
    ],
    [
      0.310547,
      0.70835
    ],
    [
      0.400146,
      0.70835
    ],
    [
      0.489746,
      0.70835
    ],
    [
      0.579346,
      0.70835
    ],
    [
      0.668945,
      0.70835
    ],
    [
      0.310547,
      0.777002
    ],
    [
      0.400146,
      0.777002
    ],
    [
      0.489746,
      0.777002
    ],
    [
      0.579346,
      0.777002
    ],
    [
      0.668945,
      0.777002
    ],
    [
      0.310547,
      0.845703
    ],
    [
      0.400146,
      0.845703
    ],
    [
      0.489746,
      0.845703
    ],
    [
      0.579346,
      0.845703
    ],
    [
      0.668945,
      0.845703
    ]
  ],
  "mesh_path": "meshes/raw_bottomwear.json"
}
