{
  "part_id": "raw_legwear",
  "vertices": [
    [
      665.0,
      1682.0
    ],
    [
      847.0,
      1682.0
    ],
    [
      1029.0,
      1682.0
    ],
    [
      1211.0,
      1682.0
    ],
    [
      1393.0,
      1682.0
    ],
    [
      665.0,
      1804.0
    ],
    [
      847.0,
      1804.0
    ],
    [
      1029.0,
      1804.0
    ],
    [
      1211.0,
      1804.0
    ],
    [
      1393.0,
      1804.0
    ],
    [
      665.0,
      1926.0
    ],
    [
      847.0,
      1926.0
    ],
    [
      1029.0,
      1926.0
    ],
    [
      1211.0,
      1926.0
    ],
    [
      1393.0,
      1926.0
    ],
    [
      665.0,
      2048.0
    ],
    [
      847.0,
      2048.0
    ],
    [
      1029.0,
      2048.0
    ],
    [
      1211.0,
      2048.0
    ],
    [
      1393.0,
      2048.0
    ]
  ],
  "triangles": [
    [
      0,
      5,
      1
    ],
    [
      1,
      5,
      6
    ],
    [
      1,
      6,
      2
    ],
    [
      2,
      6,
      7
    ],
    [
      2,
      7,
      3
    ],
    [
      3,
      7,
      8
    ],
    [
      3,
      8,
      4
    ],
    [
      4,
      8,
      9
    ],
    [
      5,
      10,
      6
    ],
    [
      6,
      10,
      11
    ],
    [
      6,
      11,
      7
    ],
    [
      7,
      11,
      12
    ],
    [
      7,
      12,
      8
    ],
    [
      8,
      12,
      13
    ],
    [
      8,
      13,
      9
    ],
    [
      9,
      13,
      14
    ],
    [
      10,
      15,
      11
    ],
    [
      11,
      15,
      16
    ],
    [
      11,
      16,
      12
    ],
    [
      12,
      16,
      17
    ],
    [
      12,
      17,
      13
    ],
    [
      13,
      17,
      18
    ],
    [
      13,
      18,
      14
    ],
    [
      14,
      18,
      19
    ]
  ],
  "uvs": [
    [
      0.324707,
      0.821289
    ],
    [
      0.413574,
      0.821289
    ],
    [
      0.502441,
      0.821289
    ],
    [
      0.591309,
      0.821289
    ],
    [
      0.680176,
      0.821289
    ],
    [
      0.324707,
      0.880859
    ],
    [
      0.413574,
      0.880859
    ],
    [
      0.502441,
      0.880859
    ],
    [
      0.591309,
      0.880859
    ],
    [
      0.680176,
      0.880859
    ],
    [
      0.324707,
      0.94043
    ],
    [
      0.413574,
      0.94043
    ],
    [
      0.502441,
      0.94043
    ],
    [
      0.591309,
      0.94043
    ],
    [
      0.680176,
      0.94043
    ],
    [
      0.324707,
      1.0
    ],
    [
      0.413574,
      1.0
    ],
    [
      0.502441,
      1.0
    ],
    [
      0.591309,
      1.0
    ],
    [
      0.680176,
      1.0
    ]
  ],
  "mesh_path": "meshes/raw_legwear.json"
}
