{
  "part_id": "eye_R_clean_socket",
  "vertices": [
    [
      1063.0,
      625.0
    ],
    [
      1116.5,
      625.0
    ],
    [
      1170.0,
      625.0
    ],
    [
      1223.5,
      625.0
    ],
    [
      1277.0,
      625.0
    ],
    [
      1063.0,
      666.0
    ],
    [
      1116.5,
      666.0
    ],
    [
      1170.0,
      666.0
    ],
    [
      1223.5,
      666.0
    ],
    [
      1277.0,
      666.0
    ],
    [
      1063.0,
      707.0
    ],
    [
      1116.5,
      707.0
    ],
    [
      1170.0,
      707.0
    ],
    [
      1223.5,
      707.0
    ],
    [
      1277.0,
      707.0
    ],
    [
      1063.0,
      748.0
    ],
    [
      1116.5,
      748.0
    ],
    [
      1170.0,
      748.0
    ],
    [
      1223.5,
      748.0
    ],
    [
      1277.0,
      748.0
    ]
  ],
  "triangles": [
    [
      0,
      5,
      1
    ],
    [
      1,
      5,
      6
    ],
    [
      1,
      6,
      2
    ],
    [
      2,
      6,
      7
    ],
    [
      2,
      7,
      3
    ],
    [
      3,
      7,
      8
    ],
    [
      3,
      8,
      4
    ],
    [
      4,
      8,
      9
    ],
    [
      5,
      10,
      6
    ],
    [
      6,
      10,
      11
    ],
    [
      6,
      11,
      7
    ],
    [
      7,
      11,
      12
    ],
    [
      7,
      12,
      8
    ],
    [
      8,
      12,
      13
    ],
    [
      8,
      13,
      9
    ],
    [
      9,
      13,
      14
    ],
    [
      10,
      15,
      11
    ],
    [
      11,
      15,
      16
    ],
    [
      11,
      16,
      12
    ],
    [
      12,
      16,
      17
    ],
    [
      12,
      17,
      13
    ],
    [
      13,
      17,
      18
    ],
    [
      13,
      18,
      14
    ],
    [
      14,
      18,
      19
    ]
  ],
  "uvs": [
    [
      0.519043,
      0.305176
    ],
    [
      0.545166,
      0.305176
    ],
    [
      0.571289,
      0.305176
    ],
    [
      0.597412,
      0.305176
    ],
    [
      0.623535,
      0.305176
    ],
    [
      0.519043,
      0.325195
    ],
    [
      0.545166,
      0.325195
    ],
    [
      0.571289,
      0.325195
    ],
    [
      0.597412,
      0.325195
    ],
    [
      0.623535,
      0.325195
    ],
    [
      0.519043,
      0.345215
    ],
    [
      0.545166,
      0.345215
    ],
    [
      0.571289,
      0.345215
    ],
    [
      0.597412,
      0.345215
    ],
    [
      0.623535,
      0.345215
    ],
    [
      0.519043,
      0.365234
    ],
    [
      0.545166,
      0.365234
    ],
    [
      0.571289,
      0.365234
    ],
    [
      0.597412,
      0.365234
    ],
    [
      0.623535,
      0.365234
    ]
  ],
  "mesh_path": "meshes/eye_R_clean_socket.json"
}
