{
  "part_id": "eye_L_closed_lid",
  "vertices": [
    [
      793.0,
      658.0
    ],
    [
      834.25,
      658.0
    ],
    [
      875.5,
      658.0
    ],
    [
      916.75,
      658.0
    ],
    [
      958.0,
      658.0
    ],
    [
      793.0,
      679.0
    ],
    [
      834.25,
      679.0
    ],
    [
      875.5,
      679.0
    ],
    [
      916.75,
      679.0
    ],
    [
      958.0,
      679.0
    ],
    [
      793.0,
      700.0
    ],
    [
      834.25,
      700.0
    ],
    [
      875.5,
      700.0
    ],
    [
      916.75,
      700.0
    ],
    [
      958.0,
      700.0
    ],
    [
      793.0,
      721.0
    ],
    [
      834.25,
      721.0
    ],
    [
      875.5,
      721.0
    ],
    [
      916.75,
      721.0
    ],
    [
      958.0,
      721.0
    ]
  ],
  "triangles": [
    [
      0,
      5,
      1
    ],
    [
      1,
      5,
      6
    ],
    [
      1,
      6,
      2
    ],
    [
      2,
      6,
      7
    ],
    [
      2,
      7,
      3
    ],
    [
      3,
      7,
      8
    ],
    [
      3,
      8,
      4
    ],
    [
      4,
      8,
      9
    ],
    [
      5,
      10,
      6
    ],
    [
      6,
      10,
      11
    ],
    [
      6,
      11,
      7
    ],
    [
      7,
      11,
      12
    ],
    [
      7,
      12,
      8
    ],
    [
      8,
      12,
      13
    ],
    [
      8,
      13,
      9
    ],
    [
      9,
      13,
      14
    ],
    [
      10,
      15,
      11
    ],
    [
      11,
      15,
      16
    ],
    [
      11,
      16,
      12
    ],
    [
      12,
      16,
      17
    ],
    [
      12,
      17,
      13
    ],
    [
      13,
      17,
      18
    ],
    [
      13,
      18,
      14
    ],
    [
      14,
      18,
      19
    ]
  ],
  "uvs": [
    [
      0.387207,
      0.321289
    ],
    [
      0.407349,
      0.321289
    ],
    [
      0.42749,
      0.321289
    ],
    [
      0.447632,
      0.321289
    ],
    [
      0.467773,
      0.321289
    ],
    [
      0.387207,
      0.331543
    ],
    [
      0.407349,
      0.331543
    ],
    [
      0.42749,
      0.331543
    ],
    [
      0.447632,
      0.331543
    ],
    [
      0.467773,
      0.331543
    ],
    [
      0.387207,
      0.341797
    ],
    [
      0.407349,
      0.341797
    ],
    [
      0.42749,
      0.341797
    ],
    [
      0.447632,
      0.341797
    ],
    [
      0.467773,
      0.341797
    ],
    [
      0.387207,
      0.352051
    ],
    [
      0.407349,
      0.352051
    ],
    [
      0.42749,
      0.352051
    ],
    [
      0.447632,
      0.352051
    ],
    [
      0.467773,
      0.352051
    ]
  ],
  "mesh_path": "meshes/eye_L_closed_lid.json"
}
