{
  "part_id": "eye_L_closed_underpaint",
  "vertices": [
    [
      773.0,
      625.0
    ],
    [
      826.5,
      625.0
    ],
    [
      880.0,
      625.0
    ],
    [
      933.5,
      625.0
    ],
    [
      987.0,
      625.0
    ],
    [
      773.0,
      666.333
    ],
    [
      826.5,
      666.333
    ],
    [
      880.0,
      666.333
    ],
    [
      933.5,
      666.333
    ],
    [
      987.0,
      666.333
    ],
    [
      773.0,
      707.667
    ],
    [
      826.5,
      707.667
    ],
    [
      880.0,
      707.667
    ],
    [
      933.5,
      707.667
    ],
    [
      987.0,
      707.667
    ],
    [
      773.0,
      749.0
    ],
    [
      826.5,
      749.0
    ],
    [
      880.0,
      749.0
    ],
    [
      933.5,
      749.0
    ],
    [
      987.0,
      749.0
    ]
  ],
  "triangles": [
    [
      0,
      5,
      1
    ],
    [
      1,
      5,
      6
    ],
    [
      1,
      6,
      2
    ],
    [
      2,
      6,
      7
    ],
    [
      2,
      7,
      3
    ],
    [
      3,
      7,
      8
    ],
    [
      3,
      8,
      4
    ],
    [
      4,
      8,
      9
    ],
    [
      5,
      10,
      6
    ],
    [
      6,
      10,
      11
    ],
    [
      6,
      11,
      7
    ],
    [
      7,
      11,
      12
    ],
    [
      7,
      12,
      8
    ],
    [
      8,
      12,
      13
    ],
    [
      8,
      13,
      9
    ],
    [
      9,
      13,
      14
    ],
    [
      10,
      15,
      11
    ],
    [
      11,
      15,
      16
    ],
    [
      11,
      16,
      12
    ],
    [
      12,
      16,
      17
    ],
    [
      12,
      17,
      13
    ],
    [
      13,
      17,
      18
    ],
    [
      13,
      18,
      14
    ],
    [
      14,
      18,
      19
    ]
  ],
  "uvs": [
    [
      0.377441,
      0.305176
    ],
    [
      0.403564,
      0.305176
    ],
    [
      0.429688,
      0.305176
    ],
    [
      0.455811,
      0.305176
    ],
    [
      0.481934,
      0.305176
    ],
    [
      0.377441,
      0.325358
    ],
    [
      0.403564,
      0.325358
    ],
    [
      0.429688,
      0.325358
    ],
    [
      0.455811,
      0.325358
    ],
    [
      0.481934,
      0.325358
    ],
    [
      0.377441,
      0.34554
    ],
    [
      0.403564,
      0.34554
    ],
    [
      0.429688,
      0.34554
    ],
    [
      0.455811,
      0.34554
    ],
    [
      0.481934,
      0.34554
    ],
    [
      0.377441,
      0.365723
    ],
    [
      0.403564,
      0.365723
    ],
    [
      0.429688,
      0.365723
    ],
    [
      0.455811,
      0.365723
    ],
    [
      0.481934,
      0.365723
    ]
  ],
  "mesh_path": "meshes/eye_L_closed_underpaint.json"
}
