{
  "part_id": "L_brow",
  "vertices": [
    [
      1118.0,
      620.0
    ],
    [
      1165.25,
      620.0
    ],
    [
      1212.5,
      620.0
    ],
    [
      1259.75,
      620.0
    ],
    [
      1307.0,
      620.0
    ],
    [
      1118.0,
      631.667
    ],
    [
      1165.25,
      631.667
    ],
    [
      1212.5,
      631.667
    ],
    [
      1259.75,
      631.667
    ],
    [
      1307.0,
      631.667
    ],
    [
      1118.0,
      643.333
    ],
    [
      1165.25,
      643.333
    ],
    [
      1212.5,
      643.333
    ],
    [
      1259.75,
      643.333
    ],
    [
      1307.0,
      643.333
    ],
    [
      1118.0,
      655.0
    ],
    [
      1165.25,
      655.0
    ],
    [
      1212.5,
      655.0
    ],
    [
      1259.75,
      655.0
    ],
    [
      1307.0,
      655.0
    ]
  ],
  "triangles": [
    [
      0,
      5,
      1
    ],
    [
      1,
      5,
      6
    ],
    [
      1,
      6,
      2
    ],
    [
      2,
      6,
      7
    ],
    [
      2,
      7,
      3
    ],
    [
      3,
      7,
      8
    ],
    [
      3,
      8,
      4
    ],
    [
      4,
      8,
      9
    ],
    [
      5,
      10,
      6
    ],
    [
      6,
      10,
      11
    ],
    [
      6,
      11,
      7
    ],
    [
      7,
      11,
      12
    ],
    [
      7,
      12,
      8
    ],
    [
      8,
      12,
      13
    ],
    [
      8,
      13,
      9
    ],
    [
      9,
      13,
      14
    ],
    [
      10,
      15,
      11
    ],
    [
      11,
      15,
      16
    ],
    [
      11,
      16,
      12
    ],
    [
      12,
      16,
      17
    ],
    [
      12,
      17,
      13
    ],
    [
      13,
      17,
      18
    ],
    [
      13,
      18,
      14
    ],
    [
      14,
      18,
      19
    ]
  ],
  "uvs": [
    [
      0.545898,
      0.302734
    ],
    [
      0.56897,
      0.302734
    ],
    [
      0.592041,
      0.302734
    ],
    [
      0.615112,
      0.302734
    ],
    [
      0.638184,
      0.302734
    ],
    [
      0.545898,
      0.308431
    ],
    [
      0.56897,
      0.308431
    ],
    [
      0.592041,
      0.308431
    ],
    [
      0.615112,
      0.308431
    ],
    [
      0.638184,
      0.308431
    ],
    [
      0.545898,
      0.314128
    ],
    [
      0.56897,
      0.314128
    ],
    [
      0.592041,
      0.314128
    ],
    [
      0.615112,
      0.314128
    ],
    [
      0.638184,
      0.314128
    ],
    [
      0.545898,
      0.319824
    ],
    [
      0.56897,
      0.319824
    ],
    [
      0.592041,
      0.319824
    ],
    [
      0.615112,
      0.319824
    ],
    [
      0.638184,
      0.319824
    ]
  ],
  "boundary_vertex_ids": [
    0,
    1,
    2,
    3,
    4,
    5,
    9,
    10,
    14,
    15,
    16,
    17,
    18,
    19
  ],
  "mesh_strategy": {
    "kind": "alpha_bbox_grid",
    "cols": 4,
    "rows": 3,
    "note": "v0 conservative mesh based on alpha bbox; not final Cubism ArtMesh quality"
  },
  "mesh_path": "meshes/L_brow.json"
}
