{
  "part_id": "R_iris",
  "vertices": [
    [
      799.0,
      717.0
    ],
    [
      827.25,
      717.0
    ],
    [
      855.5,
      717.0
    ],
    [
      883.75,
      717.0
    ],
    [
      912.0,
      717.0
    ],
    [
      799.0,
      753.667
    ],
    [
      827.25,
      753.667
    ],
    [
      855.5,
      753.667
    ],
    [
      883.75,
      753.667
    ],
    [
      912.0,
      753.667
    ],
    [
      799.0,
      790.333
    ],
    [
      827.25,
      790.333
    ],
    [
      855.5,
      790.333
    ],
    [
      883.75,
      790.333
    ],
    [
      912.0,
      790.333
    ],
    [
      799.0,
      827.0
    ],
    [
      827.25,
      827.0
    ],
    [
      855.5,
      827.0
    ],
    [
      883.75,
      827.0
    ],
    [
      912.0,
      827.0
    ]
  ],
  "triangles": [
    [
      0,
      5,
      1
    ],
    [
      1,
      5,
      6
    ],
    [
      1,
      6,
      2
    ],
    [
      2,
      6,
      7
    ],
    [
      2,
      7,
      3
    ],
    [
      3,
      7,
      8
    ],
    [
      3,
      8,
      4
    ],
    [
      4,
      8,
      9
    ],
    [
      5,
      10,
      6
    ],
    [
      6,
      10,
      11
    ],
    [
      6,
      11,
      7
    ],
    [
      7,
      11,
      12
    ],
    [
      7,
      12,
      8
    ],
    [
      8,
      12,
      13
    ],
    [
      8,
      13,
      9
    ],
    [
      9,
      13,
      14
    ],
    [
      10,
      15,
      11
    ],
    [
      11,
      15,
      16
    ],
    [
      11,
      16,
      12
    ],
    [
      12,
      16,
      17
    ],
    [
      12,
      17,
      13
    ],
    [
      13,
      17,
      18
    ],
    [
      13,
      18,
      14
    ],
    [
      14,
      18,
      19
    ]
  ],
  "uvs": [
    [
      0.390137,
      0.350098
    ],
    [
      0.403931,
      0.350098
    ],
    [
      0.417725,
      0.350098
    ],
    [
      0.431519,
      0.350098
    ],
    [
      0.445312,
      0.350098
    ],
    [
      0.390137,
      0.368001
    ],
    [
      0.403931,
      0.368001
    ],
    [
      0.417725,
      0.368001
    ],
    [
      0.431519,
      0.368001
    ],
    [
      0.445312,
      0.368001
    ],
    [
      0.390137,
      0.385905
    ],
    [
      0.403931,
      0.385905
    ],
    [
      0.417725,
      0.385905
    ],
    [
      0.431519,
      0.385905
    ],
    [
      0.445312,
      0.385905
    ],
    [
      0.390137,
      0.403809
    ],
    [
      0.403931,
      0.403809
    ],
    [
      0.417725,
      0.403809
    ],
    [
      0.431519,
      0.403809
    ],
    [
      0.445312,
      0.403809
    ]
  ],
  "boundary_vertex_ids": [
    0,
    1,
    2,
    3,
    4,
    5,
    9,
    10,
    14,
    15,
    16,
    17,
    18,
    19
  ],
  "mesh_strategy": {
    "kind": "alpha_bbox_grid",
    "cols": 4,
    "rows": 3,
    "note": "v0 conservative mesh based on alpha bbox; not final Cubism ArtMesh quality"
  },
  "mesh_path": "meshes/R_iris.json"
}
