{
  "part_id": "brow_L",
  "vertices": [
    [
      841.0,
      750.0
    ],
    [
      891.0,
      750.0
    ],
    [
      941.0,
      750.0
    ],
    [
      991.0,
      750.0
    ],
    [
      1041.0,
      750.0
    ],
    [
      841.0,
      769.333
    ],
    [
      891.0,
      769.333
    ],
    [
      941.0,
      769.333
    ],
    [
      991.0,
      769.333
    ],
    [
      1041.0,
      769.333
    ],
    [
      841.0,
      788.667
    ],
    [
      891.0,
      788.667
    ],
    [
      941.0,
      788.667
    ],
    [
      991.0,
      788.667
    ],
    [
      1041.0,
      788.667
    ],
    [
      841.0,
      808.0
    ],
    [
      891.0,
      808.0
    ],
    [
      941.0,
      808.0
    ],
    [
      991.0,
      808.0
    ],
    [
      1041.0,
      808.0
    ]
  ],
  "triangles": [
    [
      0,
      5,
      1
    ],
    [
      1,
      5,
      6
    ],
    [
      1,
      6,
      2
    ],
    [
      2,
      6,
      7
    ],
    [
      2,
      7,
      3
    ],
    [
      3,
      7,
      8
    ],
    [
      3,
      8,
      4
    ],
    [
      4,
      8,
      9
    ],
    [
      5,
      10,
      6
    ],
    [
      6,
      10,
      11
    ],
    [
      6,
      11,
      7
    ],
    [
      7,
      11,
      12
    ],
    [
      7,
      12,
      8
    ],
    [
      8,
      12,
      13
    ],
    [
      8,
      13,
      9
    ],
    [
      9,
      13,
      14
    ],
    [
      10,
      15,
      11
    ],
    [
      11,
      15,
      16
    ],
    [
      11,
      16,
      12
    ],
    [
      12,
      16,
      17
    ],
    [
      12,
      17,
      13
    ],
    [
      13,
      17,
      18
    ],
    [
      13,
      18,
      14
    ],
    [
      14,
      18,
      19
    ]
  ],
  "uvs": [
    [
      0.410645,
      0.366211
    ],
    [
      0.435059,
      0.366211
    ],
    [
      0.459473,
      0.366211
    ],
    [
      0.483887,
      0.366211
    ],
    [
      0.508301,
      0.366211
    ],
    [
      0.410645,
      0.375651
    ],
    [
      0.435059,
      0.375651
    ],
    [
      0.459473,
      0.375651
    ],
    [
      0.483887,
      0.375651
    ],
    [
      0.508301,
      0.375651
    ],
    [
      0.410645,
      0.385091
    ],
    [
      0.435059,
      0.385091
    ],
    [
      0.459473,
      0.385091
    ],
    [
      0.483887,
      0.385091
    ],
    [
      0.508301,
      0.385091
    ],
    [
      0.410645,
      0.394531
    ],
    [
      0.435059,
      0.394531
    ],
    [
      0.459473,
      0.394531
    ],
    [
      0.483887,
      0.394531
    ],
    [
      0.508301,
      0.394531
    ]
  ],
  "boundary_vertex_ids": [
    0,
    1,
    2,
    3,
    4,
    5,
    9,
    10,
    14,
    15,
    16,
    17,
    18,
    19
  ],
  "mesh_strategy": {
    "kind": "material_pack_alpha_bbox_grid",
    "cols": 4,
    "rows": 3,
    "note": "Mini Cubism preview mesh only; not final Cubism ArtMesh quality."
  },
  "mesh_path": "meshes/brow_L.json"
}
