{
  "part_id": "eye_L_highlight",
  "vertices": [
    [
      965.0,
      847.0
    ],
    [
      967.0,
      847.0
    ],
    [
      969.0,
      847.0
    ],
    [
      971.0,
      847.0
    ],
    [
      973.0,
      847.0
    ],
    [
      965.0,
      852.0
    ],
    [
      967.0,
      852.0
    ],
    [
      969.0,
      852.0
    ],
    [
      971.0,
      852.0
    ],
    [
      973.0,
      852.0
    ],
    [
      965.0,
      857.0
    ],
    [
      967.0,
      857.0
    ],
    [
      969.0,
      857.0
    ],
    [
      971.0,
      857.0
    ],
    [
      973.0,
      857.0
    ],
    [
      965.0,
      862.0
    ],
    [
      967.0,
      862.0
    ],
    [
      969.0,
      862.0
    ],
    [
      971.0,
      862.0
    ],
    [
      973.0,
      862.0
    ]
  ],
  "triangles": [
    [
      0,
      5,
      1
    ],
    [
      1,
      5,
      6
    ],
    [
      1,
      6,
      2
    ],
    [
      2,
      6,
      7
    ],
    [
      2,
      7,
      3
    ],
    [
      3,
      7,
      8
    ],
    [
      3,
      8,
      4
    ],
    [
      4,
      8,
      9
    ],
    [
      5,
      10,
      6
    ],
    [
      6,
      10,
      11
    ],
    [
      6,
      11,
      7
    ],
    [
      7,
      11,
      12
    ],
    [
      7,
      12,
      8
    ],
    [
      8,
      12,
      13
    ],
    [
      8,
      13,
      9
    ],
    [
      9,
      13,
      14
    ],
    [
      10,
      15,
      11
    ],
    [
      11,
      15,
      16
    ],
    [
      11,
      16,
      12
    ],
    [
      12,
      16,
      17
    ],
    [
      12,
      17,
      13
    ],
    [
      13,
      17,
      18
    ],
    [
      13,
      18,
      14
    ],
    [
      14,
      18,
      19
    ]
  ],
  "uvs": [
    [
      0.471191,
      0.413574
    ],
    [
      0.472168,
      0.413574
    ],
    [
      0.473145,
      0.413574
    ],
    [
      0.474121,
      0.413574
    ],
    [
      0.475098,
      0.413574
    ],
    [
      0.471191,
      0.416016
    ],
    [
      0.472168,
      0.416016
    ],
    [
      0.473145,
      0.416016
    ],
    [
      0.474121,
      0.416016
    ],
    [
      0.475098,
      0.416016
    ],
    [
      0.471191,
      0.418457
    ],
    [
      0.472168,
      0.418457
    ],
    [
      0.473145,
      0.418457
    ],
    [
      0.474121,
      0.418457
    ],
    [
      0.475098,
      0.418457
    ],
    [
      0.471191,
      0.420898
    ],
    [
      0.472168,
      0.420898
    ],
    [
      0.473145,
      0.420898
    ],
    [
      0.474121,
      0.420898
    ],
    [
      0.475098,
      0.420898
    ]
  ],
  "boundary_vertex_ids": [
    0,
    1,
    2,
    3,
    4,
    5,
    9,
    10,
    14,
    15,
    16,
    17,
    18,
    19
  ],
  "mesh_strategy": {
    "kind": "material_pack_alpha_bbox_grid",
    "cols": 4,
    "rows": 3,
    "note": "Mini Cubism preview mesh only; not final Cubism ArtMesh quality."
  },
  "mesh_path": "meshes/eye_L_highlight.json"
}
