{
  "part_id": "eye_L_iris",
  "vertices": [
    [
      916.0,
      847.0
    ],
    [
      934.0,
      847.0
    ],
    [
      952.0,
      847.0
    ],
    [
      970.0,
      847.0
    ],
    [
      988.0,
      847.0
    ],
    [
      916.0,
      863.0
    ],
    [
      934.0,
      863.0
    ],
    [
      952.0,
      863.0
    ],
    [
      970.0,
      863.0
    ],
    [
      988.0,
      863.0
    ],
    [
      916.0,
      879.0
    ],
    [
      934.0,
      879.0
    ],
    [
      952.0,
      879.0
    ],
    [
      970.0,
      879.0
    ],
    [
      988.0,
      879.0
    ],
    [
      916.0,
      895.0
    ],
    [
      934.0,
      895.0
    ],
    [
      952.0,
      895.0
    ],
    [
      970.0,
      895.0
    ],
    [
      988.0,
      895.0
    ]
  ],
  "triangles": [
    [
      0,
      5,
      1
    ],
    [
      1,
      5,
      6
    ],
    [
      1,
      6,
      2
    ],
    [
      2,
      6,
      7
    ],
    [
      2,
      7,
      3
    ],
    [
      3,
      7,
      8
    ],
    [
      3,
      8,
      4
    ],
    [
      4,
      8,
      9
    ],
    [
      5,
      10,
      6
    ],
    [
      6,
      10,
      11
    ],
    [
      6,
      11,
      7
    ],
    [
      7,
      11,
      12
    ],
    [
      7,
      12,
      8
    ],
    [
      8,
      12,
      13
    ],
    [
      8,
      13,
      9
    ],
    [
      9,
      13,
      14
    ],
    [
      10,
      15,
      11
    ],
    [
      11,
      15,
      16
    ],
    [
      11,
      16,
      12
    ],
    [
      12,
      16,
      17
    ],
    [
      12,
      17,
      13
    ],
    [
      13,
      17,
      18
    ],
    [
      13,
      18,
      14
    ],
    [
      14,
      18,
      19
    ]
  ],
  "uvs": [
    [
      0.447266,
      0.413574
    ],
    [
      0.456055,
      0.413574
    ],
    [
      0.464844,
      0.413574
    ],
    [
      0.473633,
      0.413574
    ],
    [
      0.482422,
      0.413574
    ],
    [
      0.447266,
      0.421387
    ],
    [
      0.456055,
      0.421387
    ],
    [
      0.464844,
      0.421387
    ],
    [
      0.473633,
      0.421387
    ],
    [
      0.482422,
      0.421387
    ],
    [
      0.447266,
      0.429199
    ],
    [
      0.456055,
      0.429199
    ],
    [
      0.464844,
      0.429199
    ],
    [
      0.473633,
      0.429199
    ],
    [
      0.482422,
      0.429199
    ],
    [
      0.447266,
      0.437012
    ],
    [
      0.456055,
      0.437012
    ],
    [
      0.464844,
      0.437012
    ],
    [
      0.473633,
      0.437012
    ],
    [
      0.482422,
      0.437012
    ]
  ],
  "boundary_vertex_ids": [
    0,
    1,
    2,
    3,
    4,
    5,
    9,
    10,
    14,
    15,
    16,
    17,
    18,
    19
  ],
  "mesh_strategy": {
    "kind": "material_pack_alpha_bbox_grid",
    "cols": 4,
    "rows": 3,
    "note": "Mini Cubism preview mesh only; not final Cubism ArtMesh quality."
  },
  "mesh_path": "meshes/eye_L_iris.json"
}
