{
  "part_id": "mouth_line",
  "vertices": [
    [
      970.0,
      1019.0
    ],
    [
      1001.0,
      1019.0
    ],
    [
      1032.0,
      1019.0
    ],
    [
      1063.0,
      1019.0
    ],
    [
      1094.0,
      1019.0
    ],
    [
      970.0,
      1027.667
    ],
    [
      1001.0,
      1027.667
    ],
    [
      1032.0,
      1027.667
    ],
    [
      1063.0,
      1027.667
    ],
    [
      1094.0,
      1027.667
    ],
    [
      970.0,
      1036.333
    ],
    [
      1001.0,
      1036.333
    ],
    [
      1032.0,
      1036.333
    ],
    [
      1063.0,
      1036.333
    ],
    [
      1094.0,
      1036.333
    ],
    [
      970.0,
      1045.0
    ],
    [
      1001.0,
      1045.0
    ],
    [
      1032.0,
      1045.0
    ],
    [
      1063.0,
      1045.0
    ],
    [
      1094.0,
      1045.0
    ]
  ],
  "triangles": [
    [
      0,
      5,
      1
    ],
    [
      1,
      5,
      6
    ],
    [
      1,
      6,
      2
    ],
    [
      2,
      6,
      7
    ],
    [
      2,
      7,
      3
    ],
    [
      3,
      7,
      8
    ],
    [
      3,
      8,
      4
    ],
    [
      4,
      8,
      9
    ],
    [
      5,
      10,
      6
    ],
    [
      6,
      10,
      11
    ],
    [
      6,
      11,
      7
    ],
    [
      7,
      11,
      12
    ],
    [
      7,
      12,
      8
    ],
    [
      8,
      12,
      13
    ],
    [
      8,
      13,
      9
    ],
    [
      9,
      13,
      14
    ],
    [
      10,
      15,
      11
    ],
    [
      11,
      15,
      16
    ],
    [
      11,
      16,
      12
    ],
    [
      12,
      16,
      17
    ],
    [
      12,
      17,
      13
    ],
    [
      13,
      17,
      18
    ],
    [
      13,
      18,
      14
    ],
    [
      14,
      18,
      19
    ]
  ],
  "uvs": [
    [
      0.473633,
      0.497559
    ],
    [
      0.48877,
      0.497559
    ],
    [
      0.503906,
      0.497559
    ],
    [
      0.519043,
      0.497559
    ],
    [
      0.53418,
      0.497559
    ],
    [
      0.473633,
      0.50179
    ],
    [
      0.48877,
      0.50179
    ],
    [
      0.503906,
      0.50179
    ],
    [
      0.519043,
      0.50179
    ],
    [
      0.53418,
      0.50179
    ],
    [
      0.473633,
      0.506022
    ],
    [
      0.48877,
      0.506022
    ],
    [
      0.503906,
      0.506022
    ],
    [
      0.519043,
      0.506022
    ],
    [
      0.53418,
      0.506022
    ],
    [
      0.473633,
      0.510254
    ],
    [
      0.48877,
      0.510254
    ],
    [
      0.503906,
      0.510254
    ],
    [
      0.519043,
      0.510254
    ],
    [
      0.53418,
      0.510254
    ]
  ],
  "boundary_vertex_ids": [
    0,
    1,
    2,
    3,
    4,
    5,
    9,
    10,
    14,
    15,
    16,
    17,
    18,
    19
  ],
  "mesh_strategy": {
    "kind": "material_pack_alpha_bbox_grid",
    "cols": 4,
    "rows": 3,
    "note": "Mini Cubism preview mesh only; not final Cubism ArtMesh quality."
  },
  "mesh_path": "meshes/mouth_line.json"
}
