{
  "part_id": "eye_white_R",
  "vertices": [
    [
      881.0,
      620.0
    ],
    [
      900.8,
      620.0
    ],
    [
      920.6,
      620.0
    ],
    [
      940.4,
      620.0
    ],
    [
      960.2,
      620.0
    ],
    [
      980.0,
      620.0
    ],
    [
      881.0,
      640.0
    ],
    [
      900.8,
      640.0
    ],
    [
      920.6,
      640.0
    ],
    [
      940.4,
      640.0
    ],
    [
      960.2,
      640.0
    ],
    [
      980.0,
      640.0
    ],
    [
      881.0,
      660.0
    ],
    [
      900.8,
      660.0
    ],
    [
      920.6,
      660.0
    ],
    [
      940.4,
      660.0
    ],
    [
      960.2,
      660.0
    ],
    [
      980.0,
      660.0
    ],
    [
      881.0,
      680.0
    ],
    [
      900.8,
      680.0
    ],
    [
      920.6,
      680.0
    ],
    [
      940.4,
      680.0
    ],
    [
      960.2,
      680.0
    ],
    [
      980.0,
      680.0
    ]
  ],
  "triangles": [
    [
      0,
      6,
      1
    ],
    [
      1,
      6,
      7
    ],
    [
      1,
      7,
      2
    ],
    [
      2,
      7,
      8
    ],
    [
      2,
      8,
      3
    ],
    [
      3,
      8,
      9
    ],
    [
      3,
      9,
      4
    ],
    [
      4,
      9,
      10
    ],
    [
      4,
      10,
      5
    ],
    [
      5,
      10,
      11
    ],
    [
      6,
      12,
      7
    ],
    [
      7,
      12,
      13
    ],
    [
      7,
      13,
      8
    ],
    [
      8,
      13,
      14
    ],
    [
      8,
      14,
      9
    ],
    [
      9,
      14,
      15
    ],
    [
      9,
      15,
      10
    ],
    [
      10,
      15,
      16
    ],
    [
      10,
      16,
      11
    ],
    [
      11,
      16,
      17
    ],
    [
      12,
      18,
      13
    ],
    [
      13,
      18,
      19
    ],
    [
      13,
      19,
      14
    ],
    [
      14,
      19,
      20
    ],
    [
      14,
      20,
      15
    ],
    [
      15,
      20,
      21
    ],
    [
      15,
      21,
      16
    ],
    [
      16,
      21,
      22
    ],
    [
      16,
      22,
      17
    ],
    [
      17,
      22,
      23
    ]
  ],
  "uvs": [
    [
      0.430176,
      0.302734
    ],
    [
      0.439844,
      0.302734
    ],
    [
      0.449512,
      0.302734
    ],
    [
      0.45918,
      0.302734
    ],
    [
      0.468848,
      0.302734
    ],
    [
      0.478516,
      0.302734
    ],
    [
      0.430176,
      0.3125
    ],
    [
      0.439844,
      0.3125
    ],
    [
      0.449512,
      0.3125
    ],
    [
      0.45918,
      0.3125
    ],
    [
      0.468848,
      0.3125
    ],
    [
      0.478516,
      0.3125
    ],
    [
      0.430176,
      0.322266
    ],
    [
      0.439844,
      0.322266
    ],
    [
      0.449512,
      0.322266
    ],
    [
      0.45918,
      0.322266
    ],
    [
      0.468848,
      0.322266
    ],
    [
      0.478516,
      0.322266
    ],
    [
      0.430176,
      0.332031
    ],
    [
      0.439844,
      0.332031
    ],
    [
      0.449512,
      0.332031
    ],
    [
      0.45918,
      0.332031
    ],
    [
      0.468848,
      0.332031
    ],
    [
      0.478516,
      0.332031
    ]
  ],
  "boundary_vertex_ids": [
    0,
    1,
    2,
    3,
    4,
    5,
    6,
    11,
    12,
    17,
    18,
    19,
    20,
    21,
    22,
    23
  ],
  "mesh_strategy": {
    "kind": "dedicated_v1_bbox_grid",
    "cols": 5,
    "rows": 3
  },
  "mesh_path": "meshes/eye_white_R.json"
}
