{
  "part_id": "iris_L",
  "vertices": [
    [
      1120.0,
      620.0
    ],
    [
      1123.2,
      620.0
    ],
    [
      1126.4,
      620.0
    ],
    [
      1129.6,
      620.0
    ],
    [
      1132.8,
      620.0
    ],
    [
      1136.0,
      620.0
    ],
    [
      1120.0,
      639.667
    ],
    [
      1123.2,
      639.667
    ],
    [
      1126.4,
      639.667
    ],
    [
      1129.6,
      639.667
    ],
    [
      1132.8,
      639.667
    ],
    [
      1136.0,
      639.667
    ],
    [
      1120.0,
      659.333
    ],
    [
      1123.2,
      659.333
    ],
    [
      1126.4,
      659.333
    ],
    [
      1129.6,
      659.333
    ],
    [
      1132.8,
      659.333
    ],
    [
      1136.0,
      659.333
    ],
    [
      1120.0,
      679.0
    ],
    [
      1123.2,
      679.0
    ],
    [
      1126.4,
      679.0
    ],
    [
      1129.6,
      679.0
    ],
    [
      1132.8,
      679.0
    ],
    [
      1136.0,
      679.0
    ]
  ],
  "triangles": [
    [
      0,
      6,
      1
    ],
    [
      1,
      6,
      7
    ],
    [
      1,
      7,
      2
    ],
    [
      2,
      7,
      8
    ],
    [
      2,
      8,
      3
    ],
    [
      3,
      8,
      9
    ],
    [
      3,
      9,
      4
    ],
    [
      4,
      9,
      10
    ],
    [
      4,
      10,
      5
    ],
    [
      5,
      10,
      11
    ],
    [
      6,
      12,
      7
    ],
    [
      7,
      12,
      13
    ],
    [
      7,
      13,
      8
    ],
    [
      8,
      13,
      14
    ],
    [
      8,
      14,
      9
    ],
    [
      9,
      14,
      15
    ],
    [
      9,
      15,
      10
    ],
    [
      10,
      15,
      16
    ],
    [
      10,
      16,
      11
    ],
    [
      11,
      16,
      17
    ],
    [
      12,
      18,
      13
    ],
    [
      13,
      18,
      19
    ],
    [
      13,
      19,
      14
    ],
    [
      14,
      19,
      20
    ],
    [
      14,
      20,
      15
    ],
    [
      15,
      20,
      21
    ],
    [
      15,
      21,
      16
    ],
    [
      16,
      21,
      22
    ],
    [
      16,
      22,
      17
    ],
    [
      17,
      22,
      23
    ]
  ],
  "uvs": [
    [
      0.546875,
      0.302734
    ],
    [
      0.548438,
      0.302734
    ],
    [
      0.55,
      0.302734
    ],
    [
      0.551562,
      0.302734
    ],
    [
      0.553125,
      0.302734
    ],
    [
      0.554688,
      0.302734
    ],
    [
      0.546875,
      0.312337
    ],
    [
      0.548438,
      0.312337
    ],
    [
      0.55,
      0.312337
    ],
    [
      0.551562,
      0.312337
    ],
    [
      0.553125,
      0.312337
    ],
    [
      0.554688,
      0.312337
    ],
    [
      0.546875,
      0.32194
    ],
    [
      0.548438,
      0.32194
    ],
    [
      0.55,
      0.32194
    ],
    [
      0.551562,
      0.32194
    ],
    [
      0.553125,
      0.32194
    ],
    [
      0.554688,
      0.32194
    ],
    [
      0.546875,
      0.331543
    ],
    [
      0.548438,
      0.331543
    ],
    [
      0.55,
      0.331543
    ],
    [
      0.551562,
      0.331543
    ],
    [
      0.553125,
      0.331543
    ],
    [
      0.554688,
      0.331543
    ]
  ],
  "boundary_vertex_ids": [
    0,
    1,
    2,
    3,
    4,
    5,
    6,
    11,
    12,
    17,
    18,
    19,
    20,
    21,
    22,
    23
  ],
  "mesh_strategy": {
    "kind": "dedicated_v1_bbox_grid",
    "cols": 5,
    "rows": 3
  },
  "mesh_path": "meshes/iris_L.json"
}
