{
  "part_id": "lower_lid_L",
  "vertices": [
    [
      1057.0,
      709.0
    ],
    [
      1098.4,
      709.0
    ],
    [
      1139.8,
      709.0
    ],
    [
      1181.2,
      709.0
    ],
    [
      1222.6,
      709.0
    ],
    [
      1264.0,
      709.0
    ],
    [
      1057.0,
      718.667
    ],
    [
      1098.4,
      718.667
    ],
    [
      1139.8,
      718.667
    ],
    [
      1181.2,
      718.667
    ],
    [
      1222.6,
      718.667
    ],
    [
      1264.0,
      718.667
    ],
    [
      1057.0,
      728.333
    ],
    [
      1098.4,
      728.333
    ],
    [
      1139.8,
      728.333
    ],
    [
      1181.2,
      728.333
    ],
    [
      1222.6,
      728.333
    ],
    [
      1264.0,
      728.333
    ],
    [
      1057.0,
      738.0
    ],
    [
      1098.4,
      738.0
    ],
    [
      1139.8,
      738.0
    ],
    [
      1181.2,
      738.0
    ],
    [
      1222.6,
      738.0
    ],
    [
      1264.0,
      738.0
    ]
  ],
  "triangles": [
    [
      0,
      6,
      1
    ],
    [
      1,
      6,
      7
    ],
    [
      1,
      7,
      2
    ],
    [
      2,
      7,
      8
    ],
    [
      2,
      8,
      3
    ],
    [
      3,
      8,
      9
    ],
    [
      3,
      9,
      4
    ],
    [
      4,
      9,
      10
    ],
    [
      4,
      10,
      5
    ],
    [
      5,
      10,
      11
    ],
    [
      6,
      12,
      7
    ],
    [
      7,
      12,
      13
    ],
    [
      7,
      13,
      8
    ],
    [
      8,
      13,
      14
    ],
    [
      8,
      14,
      9
    ],
    [
      9,
      14,
      15
    ],
    [
      9,
      15,
      10
    ],
    [
      10,
      15,
      16
    ],
    [
      10,
      16,
      11
    ],
    [
      11,
      16,
      17
    ],
    [
      12,
      18,
      13
    ],
    [
      13,
      18,
      19
    ],
    [
      13,
      19,
      14
    ],
    [
      14,
      19,
      20
    ],
    [
      14,
      20,
      15
    ],
    [
      15,
      20,
      21
    ],
    [
      15,
      21,
      16
    ],
    [
      16,
      21,
      22
    ],
    [
      16,
      22,
      17
    ],
    [
      17,
      22,
      23
    ]
  ],
  "uvs": [
    [
      0.516113,
      0.346191
    ],
    [
      0.536328,
      0.346191
    ],
    [
      0.556543,
      0.346191
    ],
    [
      0.576758,
      0.346191
    ],
    [
      0.596973,
      0.346191
    ],
    [
      0.617188,
      0.346191
    ],
    [
      0.516113,
      0.350911
    ],
    [
      0.536328,
      0.350911
    ],
    [
      0.556543,
      0.350911
    ],
    [
      0.576758,
      0.350911
    ],
    [
      0.596973,
      0.350911
    ],
    [
      0.617188,
      0.350911
    ],
    [
      0.516113,
      0.355632
    ],
    [
      0.536328,
      0.355632
    ],
    [
      0.556543,
      0.355632
    ],
    [
      0.576758,
      0.355632
    ],
    [
      0.596973,
      0.355632
    ],
    [
      0.617188,
      0.355632
    ],
    [
      0.516113,
      0.360352
    ],
    [
      0.536328,
      0.360352
    ],
    [
      0.556543,
      0.360352
    ],
    [
      0.576758,
      0.360352
    ],
    [
      0.596973,
      0.360352
    ],
    [
      0.617188,
      0.360352
    ]
  ],
  "boundary_vertex_ids": [
    0,
    1,
    2,
    3,
    4,
    5,
    6,
    11,
    12,
    17,
    18,
    19,
    20,
    21,
    22,
    23
  ],
  "mesh_strategy": {
    "kind": "dedicated_v1_bbox_grid",
    "cols": 5,
    "rows": 3
  },
  "mesh_path": "meshes/lower_lid_L.json"
}
