{
  "part_id": "mouth_half_inner",
  "vertices": [
    [
      976.0,
      837.0
    ],
    [
      995.6,
      837.0
    ],
    [
      1015.2,
      837.0
    ],
    [
      1034.8,
      837.0
    ],
    [
      1054.4,
      837.0
    ],
    [
      1074.0,
      837.0
    ],
    [
      976.0,
      847.667
    ],
    [
      995.6,
      847.667
    ],
    [
      1015.2,
      847.667
    ],
    [
      1034.8,
      847.667
    ],
    [
      1054.4,
      847.667
    ],
    [
      1074.0,
      847.667
    ],
    [
      976.0,
      858.333
    ],
    [
      995.6,
      858.333
    ],
    [
      1015.2,
      858.333
    ],
    [
      1034.8,
      858.333
    ],
    [
      1054.4,
      858.333
    ],
    [
      1074.0,
      858.333
    ],
    [
      976.0,
      869.0
    ],
    [
      995.6,
      869.0
    ],
    [
      1015.2,
      869.0
    ],
    [
      1034.8,
      869.0
    ],
    [
      1054.4,
      869.0
    ],
    [
      1074.0,
      869.0
    ]
  ],
  "triangles": [
    [
      0,
      6,
      1
    ],
    [
      1,
      6,
      7
    ],
    [
      1,
      7,
      2
    ],
    [
      2,
      7,
      8
    ],
    [
      2,
      8,
      3
    ],
    [
      3,
      8,
      9
    ],
    [
      3,
      9,
      4
    ],
    [
      4,
      9,
      10
    ],
    [
      4,
      10,
      5
    ],
    [
      5,
      10,
      11
    ],
    [
      6,
      12,
      7
    ],
    [
      7,
      12,
      13
    ],
    [
      7,
      13,
      8
    ],
    [
      8,
      13,
      14
    ],
    [
      8,
      14,
      9
    ],
    [
      9,
      14,
      15
    ],
    [
      9,
      15,
      10
    ],
    [
      10,
      15,
      16
    ],
    [
      10,
      16,
      11
    ],
    [
      11,
      16,
      17
    ],
    [
      12,
      18,
      13
    ],
    [
      13,
      18,
      19
    ],
    [
      13,
      19,
      14
    ],
    [
      14,
      19,
      20
    ],
    [
      14,
      20,
      15
    ],
    [
      15,
      20,
      21
    ],
    [
      15,
      21,
      16
    ],
    [
      16,
      21,
      22
    ],
    [
      16,
      22,
      17
    ],
    [
      17,
      22,
      23
    ]
  ],
  "uvs": [
    [
      0.476562,
      0.408691
    ],
    [
      0.486133,
      0.408691
    ],
    [
      0.495703,
      0.408691
    ],
    [
      0.505273,
      0.408691
    ],
    [
      0.514844,
      0.408691
    ],
    [
      0.524414,
      0.408691
    ],
    [
      0.476562,
      0.4139
    ],
    [
      0.486133,
      0.4139
    ],
    [
      0.495703,
      0.4139
    ],
    [
      0.505273,
      0.4139
    ],
    [
      0.514844,
      0.4139
    ],
    [
      0.524414,
      0.4139
    ],
    [
      0.476562,
      0.419108
    ],
    [
      0.486133,
      0.419108
    ],
    [
      0.495703,
      0.419108
    ],
    [
      0.505273,
      0.419108
    ],
    [
      0.514844,
      0.419108
    ],
    [
      0.524414,
      0.419108
    ],
    [
      0.476562,
      0.424316
    ],
    [
      0.486133,
      0.424316
    ],
    [
      0.495703,
      0.424316
    ],
    [
      0.505273,
      0.424316
    ],
    [
      0.514844,
      0.424316
    ],
    [
      0.524414,
      0.424316
    ]
  ],
  "boundary_vertex_ids": [
    0,
    1,
    2,
    3,
    4,
    5,
    6,
    11,
    12,
    17,
    18,
    19,
    20,
    21,
    22,
    23
  ],
  "mesh_strategy": {
    "kind": "dedicated_v1_bbox_grid",
    "cols": 5,
    "rows": 3
  },
  "mesh_path": "meshes/mouth_half_inner.json"
}
