{
  "part_id": "mouth_open_inner",
  "vertices": [
    [
      966.0,
      832.0
    ],
    [
      989.6,
      832.0
    ],
    [
      1013.2,
      832.0
    ],
    [
      1036.8,
      832.0
    ],
    [
      1060.4,
      832.0
    ],
    [
      1084.0,
      832.0
    ],
    [
      966.0,
      855.667
    ],
    [
      989.6,
      855.667
    ],
    [
      1013.2,
      855.667
    ],
    [
      1036.8,
      855.667
    ],
    [
      1060.4,
      855.667
    ],
    [
      1084.0,
      855.667
    ],
    [
      966.0,
      879.333
    ],
    [
      989.6,
      879.333
    ],
    [
      1013.2,
      879.333
    ],
    [
      1036.8,
      879.333
    ],
    [
      1060.4,
      879.333
    ],
    [
      1084.0,
      879.333
    ],
    [
      966.0,
      903.0
    ],
    [
      989.6,
      903.0
    ],
    [
      1013.2,
      903.0
    ],
    [
      1036.8,
      903.0
    ],
    [
      1060.4,
      903.0
    ],
    [
      1084.0,
      903.0
    ]
  ],
  "triangles": [
    [
      0,
      6,
      1
    ],
    [
      1,
      6,
      7
    ],
    [
      1,
      7,
      2
    ],
    [
      2,
      7,
      8
    ],
    [
      2,
      8,
      3
    ],
    [
      3,
      8,
      9
    ],
    [
      3,
      9,
      4
    ],
    [
      4,
      9,
      10
    ],
    [
      4,
      10,
      5
    ],
    [
      5,
      10,
      11
    ],
    [
      6,
      12,
      7
    ],
    [
      7,
      12,
      13
    ],
    [
      7,
      13,
      8
    ],
    [
      8,
      13,
      14
    ],
    [
      8,
      14,
      9
    ],
    [
      9,
      14,
      15
    ],
    [
      9,
      15,
      10
    ],
    [
      10,
      15,
      16
    ],
    [
      10,
      16,
      11
    ],
    [
      11,
      16,
      17
    ],
    [
      12,
      18,
      13
    ],
    [
      13,
      18,
      19
    ],
    [
      13,
      19,
      14
    ],
    [
      14,
      19,
      20
    ],
    [
      14,
      20,
      15
    ],
    [
      15,
      20,
      21
    ],
    [
      15,
      21,
      16
    ],
    [
      16,
      21,
      22
    ],
    [
      16,
      22,
      17
    ],
    [
      17,
      22,
      23
    ]
  ],
  "uvs": [
    [
      0.47168,
      0.40625
    ],
    [
      0.483203,
      0.40625
    ],
    [
      0.494727,
      0.40625
    ],
    [
      0.50625,
      0.40625
    ],
    [
      0.517773,
      0.40625
    ],
    [
      0.529297,
      0.40625
    ],
    [
      0.47168,
      0.417806
    ],
    [
      0.483203,
      0.417806
    ],
    [
      0.494727,
      0.417806
    ],
    [
      0.50625,
      0.417806
    ],
    [
      0.517773,
      0.417806
    ],
    [
      0.529297,
      0.417806
    ],
    [
      0.47168,
      0.429362
    ],
    [
      0.483203,
      0.429362
    ],
    [
      0.494727,
      0.429362
    ],
    [
      0.50625,
      0.429362
    ],
    [
      0.517773,
      0.429362
    ],
    [
      0.529297,
      0.429362
    ],
    [
      0.47168,
      0.440918
    ],
    [
      0.483203,
      0.440918
    ],
    [
      0.494727,
      0.440918
    ],
    [
      0.50625,
      0.440918
    ],
    [
      0.517773,
      0.440918
    ],
    [
      0.529297,
      0.440918
    ]
  ],
  "boundary_vertex_ids": [
    0,
    1,
    2,
    3,
    4,
    5,
    6,
    11,
    12,
    17,
    18,
    19,
    20,
    21,
    22,
    23
  ],
  "mesh_strategy": {
    "kind": "dedicated_v1_bbox_grid",
    "cols": 5,
    "rows": 3
  },
  "mesh_path": "meshes/mouth_open_inner.json"
}
