{
  "part_id": "mouth_open_outer",
  "vertices": [
    [
      925.0,
      802.0
    ],
    [
      965.2,
      802.0
    ],
    [
      1005.4,
      802.0
    ],
    [
      1045.6,
      802.0
    ],
    [
      1085.8,
      802.0
    ],
    [
      1126.0,
      802.0
    ],
    [
      925.0,
      843.667
    ],
    [
      965.2,
      843.667
    ],
    [
      1005.4,
      843.667
    ],
    [
      1045.6,
      843.667
    ],
    [
      1085.8,
      843.667
    ],
    [
      1126.0,
      843.667
    ],
    [
      925.0,
      885.333
    ],
    [
      965.2,
      885.333
    ],
    [
      1005.4,
      885.333
    ],
    [
      1045.6,
      885.333
    ],
    [
      1085.8,
      885.333
    ],
    [
      1126.0,
      885.333
    ],
    [
      925.0,
      927.0
    ],
    [
      965.2,
      927.0
    ],
    [
      1005.4,
      927.0
    ],
    [
      1045.6,
      927.0
    ],
    [
      1085.8,
      927.0
    ],
    [
      1126.0,
      927.0
    ]
  ],
  "triangles": [
    [
      0,
      6,
      1
    ],
    [
      1,
      6,
      7
    ],
    [
      1,
      7,
      2
    ],
    [
      2,
      7,
      8
    ],
    [
      2,
      8,
      3
    ],
    [
      3,
      8,
      9
    ],
    [
      3,
      9,
      4
    ],
    [
      4,
      9,
      10
    ],
    [
      4,
      10,
      5
    ],
    [
      5,
      10,
      11
    ],
    [
      6,
      12,
      7
    ],
    [
      7,
      12,
      13
    ],
    [
      7,
      13,
      8
    ],
    [
      8,
      13,
      14
    ],
    [
      8,
      14,
      9
    ],
    [
      9,
      14,
      15
    ],
    [
      9,
      15,
      10
    ],
    [
      10,
      15,
      16
    ],
    [
      10,
      16,
      11
    ],
    [
      11,
      16,
      17
    ],
    [
      12,
      18,
      13
    ],
    [
      13,
      18,
      19
    ],
    [
      13,
      19,
      14
    ],
    [
      14,
      19,
      20
    ],
    [
      14,
      20,
      15
    ],
    [
      15,
      20,
      21
    ],
    [
      15,
      21,
      16
    ],
    [
      16,
      21,
      22
    ],
    [
      16,
      22,
      17
    ],
    [
      17,
      22,
      23
    ]
  ],
  "uvs": [
    [
      0.45166,
      0.391602
    ],
    [
      0.471289,
      0.391602
    ],
    [
      0.490918,
      0.391602
    ],
    [
      0.510547,
      0.391602
    ],
    [
      0.530176,
      0.391602
    ],
    [
      0.549805,
      0.391602
    ],
    [
      0.45166,
      0.411947
    ],
    [
      0.471289,
      0.411947
    ],
    [
      0.490918,
      0.411947
    ],
    [
      0.510547,
      0.411947
    ],
    [
      0.530176,
      0.411947
    ],
    [
      0.549805,
      0.411947
    ],
    [
      0.45166,
      0.432292
    ],
    [
      0.471289,
      0.432292
    ],
    [
      0.490918,
      0.432292
    ],
    [
      0.510547,
      0.432292
    ],
    [
      0.530176,
      0.432292
    ],
    [
      0.549805,
      0.432292
    ],
    [
      0.45166,
      0.452637
    ],
    [
      0.471289,
      0.452637
    ],
    [
      0.490918,
      0.452637
    ],
    [
      0.510547,
      0.452637
    ],
    [
      0.530176,
      0.452637
    ],
    [
      0.549805,
      0.452637
    ]
  ],
  "boundary_vertex_ids": [
    0,
    1,
    2,
    3,
    4,
    5,
    6,
    11,
    12,
    17,
    18,
    19,
    20,
    21,
    22,
    23
  ],
  "mesh_strategy": {
    "kind": "dedicated_v1_bbox_grid",
    "cols": 5,
    "rows": 3
  },
  "mesh_path": "meshes/mouth_open_outer.json"
}
