{
  "part_id": "mouth_half_outer",
  "vertices": [
    [
      935.0,
      812.0
    ],
    [
      971.2,
      812.0
    ],
    [
      1007.4,
      812.0
    ],
    [
      1043.6,
      812.0
    ],
    [
      1079.8,
      812.0
    ],
    [
      1116.0,
      812.0
    ],
    [
      935.0,
      836.333
    ],
    [
      971.2,
      836.333
    ],
    [
      1007.4,
      836.333
    ],
    [
      1043.6,
      836.333
    ],
    [
      1079.8,
      836.333
    ],
    [
      1116.0,
      836.333
    ],
    [
      935.0,
      860.667
    ],
    [
      971.2,
      860.667
    ],
    [
      1007.4,
      860.667
    ],
    [
      1043.6,
      860.667
    ],
    [
      1079.8,
      860.667
    ],
    [
      1116.0,
      860.667
    ],
    [
      935.0,
      885.0
    ],
    [
      971.2,
      885.0
    ],
    [
      1007.4,
      885.0
    ],
    [
      1043.6,
      885.0
    ],
    [
      1079.8,
      885.0
    ],
    [
      1116.0,
      885.0
    ]
  ],
  "triangles": [
    [
      0,
      6,
      1
    ],
    [
      1,
      6,
      7
    ],
    [
      1,
      7,
      2
    ],
    [
      2,
      7,
      8
    ],
    [
      2,
      8,
      3
    ],
    [
      3,
      8,
      9
    ],
    [
      3,
      9,
      4
    ],
    [
      4,
      9,
      10
    ],
    [
      4,
      10,
      5
    ],
    [
      5,
      10,
      11
    ],
    [
      6,
      12,
      7
    ],
    [
      7,
      12,
      13
    ],
    [
      7,
      13,
      8
    ],
    [
      8,
      13,
      14
    ],
    [
      8,
      14,
      9
    ],
    [
      9,
      14,
      15
    ],
    [
      9,
      15,
      10
    ],
    [
      10,
      15,
      16
    ],
    [
      10,
      16,
      11
    ],
    [
      11,
      16,
      17
    ],
    [
      12,
      18,
      13
    ],
    [
      13,
      18,
      19
    ],
    [
      13,
      19,
      14
    ],
    [
      14,
      19,
      20
    ],
    [
      14,
      20,
      15
    ],
    [
      15,
      20,
      21
    ],
    [
      15,
      21,
      16
    ],
    [
      16,
      21,
      22
    ],
    [
      16,
      22,
      17
    ],
    [
      17,
      22,
      23
    ]
  ],
  "uvs": [
    [
      0.456543,
      0.396484
    ],
    [
      0.474219,
      0.396484
    ],
    [
      0.491895,
      0.396484
    ],
    [
      0.50957,
      0.396484
    ],
    [
      0.527246,
      0.396484
    ],
    [
      0.544922,
      0.396484
    ],
    [
      0.456543,
      0.408366
    ],
    [
      0.474219,
      0.408366
    ],
    [
      0.491895,
      0.408366
    ],
    [
      0.50957,
      0.408366
    ],
    [
      0.527246,
      0.408366
    ],
    [
      0.544922,
      0.408366
    ],
    [
      0.456543,
      0.420247
    ],
    [
      0.474219,
      0.420247
    ],
    [
      0.491895,
      0.420247
    ],
    [
      0.50957,
      0.420247
    ],
    [
      0.527246,
      0.420247
    ],
    [
      0.544922,
      0.420247
    ],
    [
      0.456543,
      0.432129
    ],
    [
      0.474219,
      0.432129
    ],
    [
      0.491895,
      0.432129
    ],
    [
      0.50957,
      0.432129
    ],
    [
      0.527246,
      0.432129
    ],
    [
      0.544922,
      0.432129
    ]
  ],
  "boundary_vertex_ids": [
    0,
    1,
    2,
    3,
    4,
    5,
    6,
    11,
    12,
    17,
    18,
    19,
    20,
    21,
    22,
    23
  ],
  "mesh_strategy": {
    "kind": "dedicated_v1_bbox_grid",
    "cols": 5,
    "rows": 3
  },
  "mesh_path": "meshes/mouth_half_outer.json"
}
