{
  "part_id": "mouth_shadow",
  "vertices": [
    [
      956.0,
      846.0
    ],
    [
      983.8,
      846.0
    ],
    [
      1011.6,
      846.0
    ],
    [
      1039.4,
      846.0
    ],
    [
      1067.2,
      846.0
    ],
    [
      1095.0,
      846.0
    ],
    [
      956.0,
      867.0
    ],
    [
      983.8,
      867.0
    ],
    [
      1011.6,
      867.0
    ],
    [
      1039.4,
      867.0
    ],
    [
      1067.2,
      867.0
    ],
    [
      1095.0,
      867.0
    ],
    [
      956.0,
      888.0
    ],
    [
      983.8,
      888.0
    ],
    [
      1011.6,
      888.0
    ],
    [
      1039.4,
      888.0
    ],
    [
      1067.2,
      888.0
    ],
    [
      1095.0,
      888.0
    ],
    [
      956.0,
      909.0
    ],
    [
      983.8,
      909.0
    ],
    [
      1011.6,
      909.0
    ],
    [
      1039.4,
      909.0
    ],
    [
      1067.2,
      909.0
    ],
    [
      1095.0,
      909.0
    ]
  ],
  "triangles": [
    [
      0,
      6,
      1
    ],
    [
      1,
      6,
      7
    ],
    [
      1,
      7,
      2
    ],
    [
      2,
      7,
      8
    ],
    [
      2,
      8,
      3
    ],
    [
      3,
      8,
      9
    ],
    [
      3,
      9,
      4
    ],
    [
      4,
      9,
      10
    ],
    [
      4,
      10,
      5
    ],
    [
      5,
      10,
      11
    ],
    [
      6,
      12,
      7
    ],
    [
      7,
      12,
      13
    ],
    [
      7,
      13,
      8
    ],
    [
      8,
      13,
      14
    ],
    [
      8,
      14,
      9
    ],
    [
      9,
      14,
      15
    ],
    [
      9,
      15,
      10
    ],
    [
      10,
      15,
      16
    ],
    [
      10,
      16,
      11
    ],
    [
      11,
      16,
      17
    ],
    [
      12,
      18,
      13
    ],
    [
      13,
      18,
      19
    ],
    [
      13,
      19,
      14
    ],
    [
      14,
      19,
      20
    ],
    [
      14,
      20,
      15
    ],
    [
      15,
      20,
      21
    ],
    [
      15,
      21,
      16
    ],
    [
      16,
      21,
      22
    ],
    [
      16,
      22,
      17
    ],
    [
      17,
      22,
      23
    ]
  ],
  "uvs": [
    [
      0.466797,
      0.413086
    ],
    [
      0.480371,
      0.413086
    ],
    [
      0.493945,
      0.413086
    ],
    [
      0.50752,
      0.413086
    ],
    [
      0.521094,
      0.413086
    ],
    [
      0.534668,
      0.413086
    ],
    [
      0.466797,
      0.42334
    ],
    [
      0.480371,
      0.42334
    ],
    [
      0.493945,
      0.42334
    ],
    [
      0.50752,
      0.42334
    ],
    [
      0.521094,
      0.42334
    ],
    [
      0.534668,
      0.42334
    ],
    [
      0.466797,
      0.433594
    ],
    [
      0.480371,
      0.433594
    ],
    [
      0.493945,
      0.433594
    ],
    [
      0.50752,
      0.433594
    ],
    [
      0.521094,
      0.433594
    ],
    [
      0.534668,
      0.433594
    ],
    [
      0.466797,
      0.443848
    ],
    [
      0.480371,
      0.443848
    ],
    [
      0.493945,
      0.443848
    ],
    [
      0.50752,
      0.443848
    ],
    [
      0.521094,
      0.443848
    ],
    [
      0.534668,
      0.443848
    ]
  ],
  "boundary_vertex_ids": [
    0,
    1,
    2,
    3,
    4,
    5,
    6,
    11,
    12,
    17,
    18,
    19,
    20,
    21,
    22,
    23
  ],
  "mesh_strategy": {
    "kind": "dedicated_v1_bbox_grid",
    "cols": 5,
    "rows": 3
  },
  "mesh_path": "meshes/mouth_shadow.json"
}
