{
  "part_id": "pupil_R",
  "vertices": [
    [
      871.0,
      646.0
    ],
    [
      878.0,
      646.0
    ],
    [
      885.0,
      646.0
    ],
    [
      892.0,
      646.0
    ],
    [
      899.0,
      646.0
    ],
    [
      906.0,
      646.0
    ],
    [
      871.0,
      657.667
    ],
    [
      878.0,
      657.667
    ],
    [
      885.0,
      657.667
    ],
    [
      892.0,
      657.667
    ],
    [
      899.0,
      657.667
    ],
    [
      906.0,
      657.667
    ],
    [
      871.0,
      669.333
    ],
    [
      878.0,
      669.333
    ],
    [
      885.0,
      669.333
    ],
    [
      892.0,
      669.333
    ],
    [
      899.0,
      669.333
    ],
    [
      906.0,
      669.333
    ],
    [
      871.0,
      681.0
    ],
    [
      878.0,
      681.0
    ],
    [
      885.0,
      681.0
    ],
    [
      892.0,
      681.0
    ],
    [
      899.0,
      681.0
    ],
    [
      906.0,
      681.0
    ]
  ],
  "triangles": [
    [
      0,
      6,
      1
    ],
    [
      1,
      6,
      7
    ],
    [
      1,
      7,
      2
    ],
    [
      2,
      7,
      8
    ],
    [
      2,
      8,
      3
    ],
    [
      3,
      8,
      9
    ],
    [
      3,
      9,
      4
    ],
    [
      4,
      9,
      10
    ],
    [
      4,
      10,
      5
    ],
    [
      5,
      10,
      11
    ],
    [
      6,
      12,
      7
    ],
    [
      7,
      12,
      13
    ],
    [
      7,
      13,
      8
    ],
    [
      8,
      13,
      14
    ],
    [
      8,
      14,
      9
    ],
    [
      9,
      14,
      15
    ],
    [
      9,
      15,
      10
    ],
    [
      10,
      15,
      16
    ],
    [
      10,
      16,
      11
    ],
    [
      11,
      16,
      17
    ],
    [
      12,
      18,
      13
    ],
    [
      13,
      18,
      19
    ],
    [
      13,
      19,
      14
    ],
    [
      14,
      19,
      20
    ],
    [
      14,
      20,
      15
    ],
    [
      15,
      20,
      21
    ],
    [
      15,
      21,
      16
    ],
    [
      16,
      21,
      22
    ],
    [
      16,
      22,
      17
    ],
    [
      17,
      22,
      23
    ]
  ],
  "uvs": [
    [
      0.425293,
      0.31543
    ],
    [
      0.428711,
      0.31543
    ],
    [
      0.432129,
      0.31543
    ],
    [
      0.435547,
      0.31543
    ],
    [
      0.438965,
      0.31543
    ],
    [
      0.442383,
      0.31543
    ],
    [
      0.425293,
      0.321126
    ],
    [
      0.428711,
      0.321126
    ],
    [
      0.432129,
      0.321126
    ],
    [
      0.435547,
      0.321126
    ],
    [
      0.438965,
      0.321126
    ],
    [
      0.442383,
      0.321126
    ],
    [
      0.425293,
      0.326823
    ],
    [
      0.428711,
      0.326823
    ],
    [
      0.432129,
      0.326823
    ],
    [
      0.435547,
      0.326823
    ],
    [
      0.438965,
      0.326823
    ],
    [
      0.442383,
      0.326823
    ],
    [
      0.425293,
      0.33252
    ],
    [
      0.428711,
      0.33252
    ],
    [
      0.432129,
      0.33252
    ],
    [
      0.435547,
      0.33252
    ],
    [
      0.438965,
      0.33252
    ],
    [
      0.442383,
      0.33252
    ]
  ],
  "boundary_vertex_ids": [
    0,
    1,
    2,
    3,
    4,
    5,
    6,
    11,
    12,
    17,
    18,
    19,
    20,
    21,
    22,
    23
  ],
  "mesh_strategy": {
    "kind": "dedicated_v1_bbox_grid",
    "cols": 5,
    "rows": 3
  },
  "mesh_path": "meshes/pupil_R.json"
}
