{
  "part_id": "upper_lid_R",
  "vertices": [
    [
      765.0,
      585.0
    ],
    [
      812.8,
      585.0
    ],
    [
      860.6,
      585.0
    ],
    [
      908.4,
      585.0
    ],
    [
      956.2,
      585.0
    ],
    [
      1004.0,
      585.0
    ],
    [
      765.0,
      606.0
    ],
    [
      812.8,
      606.0
    ],
    [
      860.6,
      606.0
    ],
    [
      908.4,
      606.0
    ],
    [
      956.2,
      606.0
    ],
    [
      1004.0,
      606.0
    ],
    [
      765.0,
      627.0
    ],
    [
      812.8,
      627.0
    ],
    [
      860.6,
      627.0
    ],
    [
      908.4,
      627.0
    ],
    [
      956.2,
      627.0
    ],
    [
      1004.0,
      627.0
    ],
    [
      765.0,
      648.0
    ],
    [
      812.8,
      648.0
    ],
    [
      860.6,
      648.0
    ],
    [
      908.4,
      648.0
    ],
    [
      956.2,
      648.0
    ],
    [
      1004.0,
      648.0
    ]
  ],
  "triangles": [
    [
      0,
      6,
      1
    ],
    [
      1,
      6,
      7
    ],
    [
      1,
      7,
      2
    ],
    [
      2,
      7,
      8
    ],
    [
      2,
      8,
      3
    ],
    [
      3,
      8,
      9
    ],
    [
      3,
      9,
      4
    ],
    [
      4,
      9,
      10
    ],
    [
      4,
      10,
      5
    ],
    [
      5,
      10,
      11
    ],
    [
      6,
      12,
      7
    ],
    [
      7,
      12,
      13
    ],
    [
      7,
      13,
      8
    ],
    [
      8,
      13,
      14
    ],
    [
      8,
      14,
      9
    ],
    [
      9,
      14,
      15
    ],
    [
      9,
      15,
      10
    ],
    [
      10,
      15,
      16
    ],
    [
      10,
      16,
      11
    ],
    [
      11,
      16,
      17
    ],
    [
      12,
      18,
      13
    ],
    [
      13,
      18,
      19
    ],
    [
      13,
      19,
      14
    ],
    [
      14,
      19,
      20
    ],
    [
      14,
      20,
      15
    ],
    [
      15,
      20,
      21
    ],
    [
      15,
      21,
      16
    ],
    [
      16,
      21,
      22
    ],
    [
      16,
      22,
      17
    ],
    [
      17,
      22,
      23
    ]
  ],
  "uvs": [
    [
      0.373535,
      0.285645
    ],
    [
      0.396875,
      0.285645
    ],
    [
      0.420215,
      0.285645
    ],
    [
      0.443555,
      0.285645
    ],
    [
      0.466895,
      0.285645
    ],
    [
      0.490234,
      0.285645
    ],
    [
      0.373535,
      0.295898
    ],
    [
      0.396875,
      0.295898
    ],
    [
      0.420215,
      0.295898
    ],
    [
      0.443555,
      0.295898
    ],
    [
      0.466895,
      0.295898
    ],
    [
      0.490234,
      0.295898
    ],
    [
      0.373535,
      0.306152
    ],
    [
      0.396875,
      0.306152
    ],
    [
      0.420215,
      0.306152
    ],
    [
      0.443555,
      0.306152
    ],
    [
      0.466895,
      0.306152
    ],
    [
      0.490234,
      0.306152
    ],
    [
      0.373535,
      0.316406
    ],
    [
      0.396875,
      0.316406
    ],
    [
      0.420215,
      0.316406
    ],
    [
      0.443555,
      0.316406
    ],
    [
      0.466895,
      0.316406
    ],
    [
      0.490234,
      0.316406
    ]
  ],
  "boundary_vertex_ids": [
    0,
    1,
    2,
    3,
    4,
    5,
    6,
    11,
    12,
    17,
    18,
    19,
    20,
    21,
    22,
    23
  ],
  "mesh_strategy": {
    "kind": "dedicated_v1_bbox_grid",
    "cols": 5,
    "rows": 3
  },
  "mesh_path": "meshes/upper_lid_R.json"
}
