{
  "part_id": "upper_lash_R",
  "vertices": [
    [
      865.0,
      604.0
    ],
    [
      888.0,
      604.0
    ],
    [
      911.0,
      604.0
    ],
    [
      934.0,
      604.0
    ],
    [
      957.0,
      604.0
    ],
    [
      980.0,
      604.0
    ],
    [
      865.0,
      616.333
    ],
    [
      888.0,
      616.333
    ],
    [
      911.0,
      616.333
    ],
    [
      934.0,
      616.333
    ],
    [
      957.0,
      616.333
    ],
    [
      980.0,
      616.333
    ],
    [
      865.0,
      628.667
    ],
    [
      888.0,
      628.667
    ],
    [
      911.0,
      628.667
    ],
    [
      934.0,
      628.667
    ],
    [
      957.0,
      628.667
    ],
    [
      980.0,
      628.667
    ],
    [
      865.0,
      641.0
    ],
    [
      888.0,
      641.0
    ],
    [
      911.0,
      641.0
    ],
    [
      934.0,
      641.0
    ],
    [
      957.0,
      641.0
    ],
    [
      980.0,
      641.0
    ]
  ],
  "triangles": [
    [
      0,
      6,
      1
    ],
    [
      1,
      6,
      7
    ],
    [
      1,
      7,
      2
    ],
    [
      2,
      7,
      8
    ],
    [
      2,
      8,
      3
    ],
    [
      3,
      8,
      9
    ],
    [
      3,
      9,
      4
    ],
    [
      4,
      9,
      10
    ],
    [
      4,
      10,
      5
    ],
    [
      5,
      10,
      11
    ],
    [
      6,
      12,
      7
    ],
    [
      7,
      12,
      13
    ],
    [
      7,
      13,
      8
    ],
    [
      8,
      13,
      14
    ],
    [
      8,
      14,
      9
    ],
    [
      9,
      14,
      15
    ],
    [
      9,
      15,
      10
    ],
    [
      10,
      15,
      16
    ],
    [
      10,
      16,
      11
    ],
    [
      11,
      16,
      17
    ],
    [
      12,
      18,
      13
    ],
    [
      13,
      18,
      19
    ],
    [
      13,
      19,
      14
    ],
    [
      14,
      19,
      20
    ],
    [
      14,
      20,
      15
    ],
    [
      15,
      20,
      21
    ],
    [
      15,
      21,
      16
    ],
    [
      16,
      21,
      22
    ],
    [
      16,
      22,
      17
    ],
    [
      17,
      22,
      23
    ]
  ],
  "uvs": [
    [
      0.422363,
      0.294922
    ],
    [
      0.433594,
      0.294922
    ],
    [
      0.444824,
      0.294922
    ],
    [
      0.456055,
      0.294922
    ],
    [
      0.467285,
      0.294922
    ],
    [
      0.478516,
      0.294922
    ],
    [
      0.422363,
      0.300944
    ],
    [
      0.433594,
      0.300944
    ],
    [
      0.444824,
      0.300944
    ],
    [
      0.456055,
      0.300944
    ],
    [
      0.467285,
      0.300944
    ],
    [
      0.478516,
      0.300944
    ],
    [
      0.422363,
      0.306966
    ],
    [
      0.433594,
      0.306966
    ],
    [
      0.444824,
      0.306966
    ],
    [
      0.456055,
      0.306966
    ],
    [
      0.467285,
      0.306966
    ],
    [
      0.478516,
      0.306966
    ],
    [
      0.422363,
      0.312988
    ],
    [
      0.433594,
      0.312988
    ],
    [
      0.444824,
      0.312988
    ],
    [
      0.456055,
      0.312988
    ],
    [
      0.467285,
      0.312988
    ],
    [
      0.478516,
      0.312988
    ]
  ],
  "boundary_vertex_ids": [
    0,
    1,
    2,
    3,
    4,
    5,
    6,
    11,
    12,
    17,
    18,
    19,
    20,
    21,
    22,
    23
  ],
  "mesh_strategy": {
    "kind": "dedicated_v1_bbox_grid",
    "cols": 5,
    "rows": 3
  },
  "mesh_path": "meshes/upper_lash_R.json"
}
