{
  "part_id": "upper_lash_L",
  "vertices": [
    [
      1062.0,
      605.0
    ],
    [
      1084.0,
      605.0
    ],
    [
      1106.0,
      605.0
    ],
    [
      1128.0,
      605.0
    ],
    [
      1150.0,
      605.0
    ],
    [
      1172.0,
      605.0
    ],
    [
      1062.0,
      617.0
    ],
    [
      1084.0,
      617.0
    ],
    [
      1106.0,
      617.0
    ],
    [
      1128.0,
      617.0
    ],
    [
      1150.0,
      617.0
    ],
    [
      1172.0,
      617.0
    ],
    [
      1062.0,
      629.0
    ],
    [
      1084.0,
      629.0
    ],
    [
      1106.0,
      629.0
    ],
    [
      1128.0,
      629.0
    ],
    [
      1150.0,
      629.0
    ],
    [
      1172.0,
      629.0
    ],
    [
      1062.0,
      641.0
    ],
    [
      1084.0,
      641.0
    ],
    [
      1106.0,
      641.0
    ],
    [
      1128.0,
      641.0
    ],
    [
      1150.0,
      641.0
    ],
    [
      1172.0,
      641.0
    ]
  ],
  "triangles": [
    [
      0,
      6,
      1
    ],
    [
      1,
      6,
      7
    ],
    [
      1,
      7,
      2
    ],
    [
      2,
      7,
      8
    ],
    [
      2,
      8,
      3
    ],
    [
      3,
      8,
      9
    ],
    [
      3,
      9,
      4
    ],
    [
      4,
      9,
      10
    ],
    [
      4,
      10,
      5
    ],
    [
      5,
      10,
      11
    ],
    [
      6,
      12,
      7
    ],
    [
      7,
      12,
      13
    ],
    [
      7,
      13,
      8
    ],
    [
      8,
      13,
      14
    ],
    [
      8,
      14,
      9
    ],
    [
      9,
      14,
      15
    ],
    [
      9,
      15,
      10
    ],
    [
      10,
      15,
      16
    ],
    [
      10,
      16,
      11
    ],
    [
      11,
      16,
      17
    ],
    [
      12,
      18,
      13
    ],
    [
      13,
      18,
      19
    ],
    [
      13,
      19,
      14
    ],
    [
      14,
      19,
      20
    ],
    [
      14,
      20,
      15
    ],
    [
      15,
      20,
      21
    ],
    [
      15,
      21,
      16
    ],
    [
      16,
      21,
      22
    ],
    [
      16,
      22,
      17
    ],
    [
      17,
      22,
      23
    ]
  ],
  "uvs": [
    [
      0.518555,
      0.29541
    ],
    [
      0.529297,
      0.29541
    ],
    [
      0.540039,
      0.29541
    ],
    [
      0.550781,
      0.29541
    ],
    [
      0.561523,
      0.29541
    ],
    [
      0.572266,
      0.29541
    ],
    [
      0.518555,
      0.30127
    ],
    [
      0.529297,
      0.30127
    ],
    [
      0.540039,
      0.30127
    ],
    [
      0.550781,
      0.30127
    ],
    [
      0.561523,
      0.30127
    ],
    [
      0.572266,
      0.30127
    ],
    [
      0.518555,
      0.307129
    ],
    [
      0.529297,
      0.307129
    ],
    [
      0.540039,
      0.307129
    ],
    [
      0.550781,
      0.307129
    ],
    [
      0.561523,
      0.307129
    ],
    [
      0.572266,
      0.307129
    ],
    [
      0.518555,
      0.312988
    ],
    [
      0.529297,
      0.312988
    ],
    [
      0.540039,
      0.312988
    ],
    [
      0.550781,
      0.312988
    ],
    [
      0.561523,
      0.312988
    ],
    [
      0.572266,
      0.312988
    ]
  ],
  "boundary_vertex_ids": [
    0,
    1,
    2,
    3,
    4,
    5,
    6,
    11,
    12,
    17,
    18,
    19,
    20,
    21,
    22,
    23
  ],
  "mesh_strategy": {
    "kind": "dedicated_v1_bbox_grid",
    "cols": 5,
    "rows": 3
  },
  "mesh_path": "meshes/upper_lash_L.json"
}
