{
  "part_id": "eye_L_iris",
  "vertices": [
    [
      818.0,
      622.0
    ],
    [
      851.5,
      622.0
    ],
    [
      885.0,
      622.0
    ],
    [
      918.5,
      622.0
    ],
    [
      952.0,
      622.0
    ],
    [
      818.0,
      653.667
    ],
    [
      851.5,
      653.667
    ],
    [
      885.0,
      653.667
    ],
    [
      918.5,
      653.667
    ],
    [
      952.0,
      653.667
    ],
    [
      818.0,
      685.333
    ],
    [
      851.5,
      685.333
    ],
    [
      885.0,
      685.333
    ],
    [
      918.5,
      685.333
    ],
    [
      952.0,
      685.333
    ],
    [
      818.0,
      717.0
    ],
    [
      851.5,
      717.0
    ],
    [
      885.0,
      717.0
    ],
    [
      918.5,
      717.0
    ],
    [
      952.0,
      717.0
    ]
  ],
  "triangles": [
    [
      0,
      5,
      1
    ],
    [
      1,
      5,
      6
    ],
    [
      1,
      6,
      2
    ],
    [
      2,
      6,
      7
    ],
    [
      2,
      7,
      3
    ],
    [
      3,
      7,
      8
    ],
    [
      3,
      8,
      4
    ],
    [
      4,
      8,
      9
    ],
    [
      5,
      10,
      6
    ],
    [
      6,
      10,
      11
    ],
    [
      6,
      11,
      7
    ],
    [
      7,
      11,
      12
    ],
    [
      7,
      12,
      8
    ],
    [
      8,
      12,
      13
    ],
    [
      8,
      13,
      9
    ],
    [
      9,
      13,
      14
    ],
    [
      10,
      15,
      11
    ],
    [
      11,
      15,
      16
    ],
    [
      11,
      16,
      12
    ],
    [
      12,
      16,
      17
    ],
    [
      12,
      17,
      13
    ],
    [
      13,
      17,
      18
    ],
    [
      13,
      18,
      14
    ],
    [
      14,
      18,
      19
    ]
  ],
  "uvs": [
    [
      0.399414,
      0.303711
    ],
    [
      0.415771,
      0.303711
    ],
    [
      0.432129,
      0.303711
    ],
    [
      0.448486,
      0.303711
    ],
    [
      0.464844,
      0.303711
    ],
    [
      0.399414,
      0.319173
    ],
    [
      0.415771,
      0.319173
    ],
    [
      0.432129,
      0.319173
    ],
    [
      0.448486,
      0.319173
    ],
    [
      0.464844,
      0.319173
    ],
    [
      0.399414,
      0.334635
    ],
    [
      0.415771,
      0.334635
    ],
    [
      0.432129,
      0.334635
    ],
    [
      0.448486,
      0.334635
    ],
    [
      0.464844,
      0.334635
    ],
    [
      0.399414,
      0.350098
    ],
    [
      0.415771,
      0.350098
    ],
    [
      0.432129,
      0.350098
    ],
    [
      0.448486,
      0.350098
    ],
    [
      0.464844,
      0.350098
    ]
  ],
  "mesh_path": "meshes/eye_L_iris.json"
}
