{
  "part_id": "eye_L_highlight",
  "vertices": [
    [
      820.0,
      621.0
    ],
    [
      853.25,
      621.0
    ],
    [
      886.5,
      621.0
    ],
    [
      919.75,
      621.0
    ],
    [
      953.0,
      621.0
    ],
    [
      820.0,
      653.333
    ],
    [
      853.25,
      653.333
    ],
    [
      886.5,
      653.333
    ],
    [
      919.75,
      653.333
    ],
    [
      953.0,
      653.333
    ],
    [
      820.0,
      685.667
    ],
    [
      853.25,
      685.667
    ],
    [
      886.5,
      685.667
    ],
    [
      919.75,
      685.667
    ],
    [
      953.0,
      685.667
    ],
    [
      820.0,
      718.0
    ],
    [
      853.25,
      718.0
    ],
    [
      886.5,
      718.0
    ],
    [
      919.75,
      718.0
    ],
    [
      953.0,
      718.0
    ]
  ],
  "triangles": [
    [
      0,
      5,
      1
    ],
    [
      1,
      5,
      6
    ],
    [
      1,
      6,
      2
    ],
    [
      2,
      6,
      7
    ],
    [
      2,
      7,
      3
    ],
    [
      3,
      7,
      8
    ],
    [
      3,
      8,
      4
    ],
    [
      4,
      8,
      9
    ],
    [
      5,
      10,
      6
    ],
    [
      6,
      10,
      11
    ],
    [
      6,
      11,
      7
    ],
    [
      7,
      11,
      12
    ],
    [
      7,
      12,
      8
    ],
    [
      8,
      12,
      13
    ],
    [
      8,
      13,
      9
    ],
    [
      9,
      13,
      14
    ],
    [
      10,
      15,
      11
    ],
    [
      11,
      15,
      16
    ],
    [
      11,
      16,
      12
    ],
    [
      12,
      16,
      17
    ],
    [
      12,
      17,
      13
    ],
    [
      13,
      17,
      18
    ],
    [
      13,
      18,
      14
    ],
    [
      14,
      18,
      19
    ]
  ],
  "uvs": [
    [
      0.400391,
      0.303223
    ],
    [
      0.416626,
      0.303223
    ],
    [
      0.432861,
      0.303223
    ],
    [
      0.449097,
      0.303223
    ],
    [
      0.465332,
      0.303223
    ],
    [
      0.400391,
      0.31901
    ],
    [
      0.416626,
      0.31901
    ],
    [
      0.432861,
      0.31901
    ],
    [
      0.449097,
      0.31901
    ],
    [
      0.465332,
      0.31901
    ],
    [
      0.400391,
      0.334798
    ],
    [
      0.416626,
      0.334798
    ],
    [
      0.432861,
      0.334798
    ],
    [
      0.449097,
      0.334798
    ],
    [
      0.465332,
      0.334798
    ],
    [
      0.400391,
      0.350586
    ],
    [
      0.416626,
      0.350586
    ],
    [
      0.432861,
      0.350586
    ],
    [
      0.449097,
      0.350586
    ],
    [
      0.465332,
      0.350586
    ]
  ],
  "mesh_path": "meshes/eye_L_highlight.json"
}
