{
  "part_id": "eye_R_pupil",
  "vertices": [
    [
      1098.0,
      626.0
    ],
    [
      1132.75,
      626.0
    ],
    [
      1167.5,
      626.0
    ],
    [
      1202.25,
      626.0
    ],
    [
      1237.0,
      626.0
    ],
    [
      1098.0,
      657.0
    ],
    [
      1132.75,
      657.0
    ],
    [
      1167.5,
      657.0
    ],
    [
      1202.25,
      657.0
    ],
    [
      1237.0,
      657.0
    ],
    [
      1098.0,
      688.0
    ],
    [
      1132.75,
      688.0
    ],
    [
      1167.5,
      688.0
    ],
    [
      1202.25,
      688.0
    ],
    [
      1237.0,
      688.0
    ],
    [
      1098.0,
      719.0
    ],
    [
      1132.75,
      719.0
    ],
    [
      1167.5,
      719.0
    ],
    [
      1202.25,
      719.0
    ],
    [
      1237.0,
      719.0
    ]
  ],
  "triangles": [
    [
      0,
      5,
      1
    ],
    [
      1,
      5,
      6
    ],
    [
      1,
      6,
      2
    ],
    [
      2,
      6,
      7
    ],
    [
      2,
      7,
      3
    ],
    [
      3,
      7,
      8
    ],
    [
      3,
      8,
      4
    ],
    [
      4,
      8,
      9
    ],
    [
      5,
      10,
      6
    ],
    [
      6,
      10,
      11
    ],
    [
      6,
      11,
      7
    ],
    [
      7,
      11,
      12
    ],
    [
      7,
      12,
      8
    ],
    [
      8,
      12,
      13
    ],
    [
      8,
      13,
      9
    ],
    [
      9,
      13,
      14
    ],
    [
      10,
      15,
      11
    ],
    [
      11,
      15,
      16
    ],
    [
      11,
      16,
      12
    ],
    [
      12,
      16,
      17
    ],
    [
      12,
      17,
      13
    ],
    [
      13,
      17,
      18
    ],
    [
      13,
      18,
      14
    ],
    [
      14,
      18,
      19
    ]
  ],
  "uvs": [
    [
      0.536133,
      0.305664
    ],
    [
      0.553101,
      0.305664
    ],
    [
      0.570068,
      0.305664
    ],
    [
      0.587036,
      0.305664
    ],
    [
      0.604004,
      0.305664
    ],
    [
      0.536133,
      0.320801
    ],
    [
      0.553101,
      0.320801
    ],
    [
      0.570068,
      0.320801
    ],
    [
      0.587036,
      0.320801
    ],
    [
      0.604004,
      0.320801
    ],
    [
      0.536133,
      0.335938
    ],
    [
      0.553101,
      0.335938
    ],
    [
      0.570068,
      0.335938
    ],
    [
      0.587036,
      0.335938
    ],
    [
      0.604004,
      0.335938
    ],
    [
      0.536133,
      0.351074
    ],
    [
      0.553101,
      0.351074
    ],
    [
      0.570068,
      0.351074
    ],
    [
      0.587036,
      0.351074
    ],
    [
      0.604004,
      0.351074
    ]
  ],
  "mesh_path": "meshes/eye_R_pupil.json"
}
