{
  "part_id": "eye_L_lid_inbetween_080",
  "vertices": [
    [
      795.0,
      645.0
    ],
    [
      832.25,
      645.0
    ],
    [
      869.5,
      645.0
    ],
    [
      906.75,
      645.0
    ],
    [
      944.0,
      645.0
    ],
    [
      795.0,
      666.333
    ],
    [
      832.25,
      666.333
    ],
    [
      869.5,
      666.333
    ],
    [
      906.75,
      666.333
    ],
    [
      944.0,
      666.333
    ],
    [
      795.0,
      687.667
    ],
    [
      832.25,
      687.667
    ],
    [
      869.5,
      687.667
    ],
    [
      906.75,
      687.667
    ],
    [
      944.0,
      687.667
    ],
    [
      795.0,
      709.0
    ],
    [
      832.25,
      709.0
    ],
    [
      869.5,
      709.0
    ],
    [
      906.75,
      709.0
    ],
    [
      944.0,
      709.0
    ]
  ],
  "triangles": [
    [
      0,
      5,
      1
    ],
    [
      1,
      5,
      6
    ],
    [
      1,
      6,
      2
    ],
    [
      2,
      6,
      7
    ],
    [
      2,
      7,
      3
    ],
    [
      3,
      7,
      8
    ],
    [
      3,
      8,
      4
    ],
    [
      4,
      8,
      9
    ],
    [
      5,
      10,
      6
    ],
    [
      6,
      10,
      11
    ],
    [
      6,
      11,
      7
    ],
    [
      7,
      11,
      12
    ],
    [
      7,
      12,
      8
    ],
    [
      8,
      12,
      13
    ],
    [
      8,
      13,
      9
    ],
    [
      9,
      13,
      14
    ],
    [
      10,
      15,
      11
    ],
    [
      11,
      15,
      16
    ],
    [
      11,
      16,
      12
    ],
    [
      12,
      16,
      17
    ],
    [
      12,
      17,
      13
    ],
    [
      13,
      17,
      18
    ],
    [
      13,
      18,
      14
    ],
    [
      14,
      18,
      19
    ]
  ],
  "uvs": [
    [
      0.388184,
      0.314941
    ],
    [
      0.406372,
      0.314941
    ],
    [
      0.424561,
      0.314941
    ],
    [
      0.442749,
      0.314941
    ],
    [
      0.460938,
      0.314941
    ],
    [
      0.388184,
      0.325358
    ],
    [
      0.406372,
      0.325358
    ],
    [
      0.424561,
      0.325358
    ],
    [
      0.442749,
      0.325358
    ],
    [
      0.460938,
      0.325358
    ],
    [
      0.388184,
      0.335775
    ],
    [
      0.406372,
      0.335775
    ],
    [
      0.424561,
      0.335775
    ],
    [
      0.442749,
      0.335775
    ],
    [
      0.460938,
      0.335775
    ],
    [
      0.388184,
      0.346191
    ],
    [
      0.406372,
      0.346191
    ],
    [
      0.424561,
      0.346191
    ],
    [
      0.442749,
      0.346191
    ],
    [
      0.460938,
      0.346191
    ]
  ],
  "mesh_path": "meshes/eye_L_lid_inbetween_080.json"
}
