{
  "part_id": "eye_L_pupil",
  "vertices": [
    [
      815.0,
      627.0
    ],
    [
      850.0,
      627.0
    ],
    [
      885.0,
      627.0
    ],
    [
      920.0,
      627.0
    ],
    [
      955.0,
      627.0
    ],
    [
      815.0,
      658.0
    ],
    [
      850.0,
      658.0
    ],
    [
      885.0,
      658.0
    ],
    [
      920.0,
      658.0
    ],
    [
      955.0,
      658.0
    ],
    [
      815.0,
      689.0
    ],
    [
      850.0,
      689.0
    ],
    [
      885.0,
      689.0
    ],
    [
      920.0,
      689.0
    ],
    [
      955.0,
      689.0
    ],
    [
      815.0,
      720.0
    ],
    [
      850.0,
      720.0
    ],
    [
      885.0,
      720.0
    ],
    [
      920.0,
      720.0
    ],
    [
      955.0,
      720.0
    ]
  ],
  "triangles": [
    [
      0,
      5,
      1
    ],
    [
      1,
      5,
      6
    ],
    [
      1,
      6,
      2
    ],
    [
      2,
      6,
      7
    ],
    [
      2,
      7,
      3
    ],
    [
      3,
      7,
      8
    ],
    [
      3,
      8,
      4
    ],
    [
      4,
      8,
      9
    ],
    [
      5,
      10,
      6
    ],
    [
      6,
      10,
      11
    ],
    [
      6,
      11,
      7
    ],
    [
      7,
      11,
      12
    ],
    [
      7,
      12,
      8
    ],
    [
      8,
      12,
      13
    ],
    [
      8,
      13,
      9
    ],
    [
      9,
      13,
      14
    ],
    [
      10,
      15,
      11
    ],
    [
      11,
      15,
      16
    ],
    [
      11,
      16,
      12
    ],
    [
      12,
      16,
      17
    ],
    [
      12,
      17,
      13
    ],
    [
      13,
      17,
      18
    ],
    [
      13,
      18,
      14
    ],
    [
      14,
      18,
      19
    ]
  ],
  "uvs": [
    [
      0.397949,
      0.306152
    ],
    [
      0.415039,
      0.306152
    ],
    [
      0.432129,
      0.306152
    ],
    [
      0.449219,
      0.306152
    ],
    [
      0.466309,
      0.306152
    ],
    [
      0.397949,
      0.321289
    ],
    [
      0.415039,
      0.321289
    ],
    [
      0.432129,
      0.321289
    ],
    [
      0.449219,
      0.321289
    ],
    [
      0.466309,
      0.321289
    ],
    [
      0.397949,
      0.336426
    ],
    [
      0.415039,
      0.336426
    ],
    [
      0.432129,
      0.336426
    ],
    [
      0.449219,
      0.336426
    ],
    [
      0.466309,
      0.336426
    ],
    [
      0.397949,
      0.351562
    ],
    [
      0.415039,
      0.351562
    ],
    [
      0.432129,
      0.351562
    ],
    [
      0.449219,
      0.351562
    ],
    [
      0.466309,
      0.351562
    ]
  ],
  "mesh_path": "meshes/eye_L_pupil.json"
}
