{
  "part_id": "eye_R_iris",
  "vertices": [
    [
      1100.0,
      622.0
    ],
    [
      1133.5,
      622.0
    ],
    [
      1167.0,
      622.0
    ],
    [
      1200.5,
      622.0
    ],
    [
      1234.0,
      622.0
    ],
    [
      1100.0,
      653.333
    ],
    [
      1133.5,
      653.333
    ],
    [
      1167.0,
      653.333
    ],
    [
      1200.5,
      653.333
    ],
    [
      1234.0,
      653.333
    ],
    [
      1100.0,
      684.667
    ],
    [
      1133.5,
      684.667
    ],
    [
      1167.0,
      684.667
    ],
    [
      1200.5,
      684.667
    ],
    [
      1234.0,
      684.667
    ],
    [
      1100.0,
      716.0
    ],
    [
      1133.5,
      716.0
    ],
    [
      1167.0,
      716.0
    ],
    [
      1200.5,
      716.0
    ],
    [
      1234.0,
      716.0
    ]
  ],
  "triangles": [
    [
      0,
      5,
      1
    ],
    [
      1,
      5,
      6
    ],
    [
      1,
      6,
      2
    ],
    [
      2,
      6,
      7
    ],
    [
      2,
      7,
      3
    ],
    [
      3,
      7,
      8
    ],
    [
      3,
      8,
      4
    ],
    [
      4,
      8,
      9
    ],
    [
      5,
      10,
      6
    ],
    [
      6,
      10,
      11
    ],
    [
      6,
      11,
      7
    ],
    [
      7,
      11,
      12
    ],
    [
      7,
      12,
      8
    ],
    [
      8,
      12,
      13
    ],
    [
      8,
      13,
      9
    ],
    [
      9,
      13,
      14
    ],
    [
      10,
      15,
      11
    ],
    [
      11,
      15,
      16
    ],
    [
      11,
      16,
      12
    ],
    [
      12,
      16,
      17
    ],
    [
      12,
      17,
      13
    ],
    [
      13,
      17,
      18
    ],
    [
      13,
      18,
      14
    ],
    [
      14,
      18,
      19
    ]
  ],
  "uvs": [
    [
      0.537109,
      0.303711
    ],
    [
      0.553467,
      0.303711
    ],
    [
      0.569824,
      0.303711
    ],
    [
      0.586182,
      0.303711
    ],
    [
      0.602539,
      0.303711
    ],
    [
      0.537109,
      0.31901
    ],
    [
      0.553467,
      0.31901
    ],
    [
      0.569824,
      0.31901
    ],
    [
      0.586182,
      0.31901
    ],
    [
      0.602539,
      0.31901
    ],
    [
      0.537109,
      0.33431
    ],
    [
      0.553467,
      0.33431
    ],
    [
      0.569824,
      0.33431
    ],
    [
      0.586182,
      0.33431
    ],
    [
      0.602539,
      0.33431
    ],
    [
      0.537109,
      0.349609
    ],
    [
      0.553467,
      0.349609
    ],
    [
      0.569824,
      0.349609
    ],
    [
      0.586182,
      0.349609
    ],
    [
      0.602539,
      0.349609
    ]
  ],
  "mesh_path": "meshes/eye_R_iris.json"
}
