{
  "part_id": "eye_R_highlight",
  "vertices": [
    [
      1099.0,
      621.0
    ],
    [
      1131.75,
      621.0
    ],
    [
      1164.5,
      621.0
    ],
    [
      1197.25,
      621.0
    ],
    [
      1230.0,
      621.0
    ],
    [
      1099.0,
      653.0
    ],
    [
      1131.75,
      653.0
    ],
    [
      1164.5,
      653.0
    ],
    [
      1197.25,
      653.0
    ],
    [
      1230.0,
      653.0
    ],
    [
      1099.0,
      685.0
    ],
    [
      1131.75,
      685.0
    ],
    [
      1164.5,
      685.0
    ],
    [
      1197.25,
      685.0
    ],
    [
      1230.0,
      685.0
    ],
    [
      1099.0,
      717.0
    ],
    [
      1131.75,
      717.0
    ],
    [
      1164.5,
      717.0
    ],
    [
      1197.25,
      717.0
    ],
    [
      1230.0,
      717.0
    ]
  ],
  "triangles": [
    [
      0,
      5,
      1
    ],
    [
      1,
      5,
      6
    ],
    [
      1,
      6,
      2
    ],
    [
      2,
      6,
      7
    ],
    [
      2,
      7,
      3
    ],
    [
      3,
      7,
      8
    ],
    [
      3,
      8,
      4
    ],
    [
      4,
      8,
      9
    ],
    [
      5,
      10,
      6
    ],
    [
      6,
      10,
      11
    ],
    [
      6,
      11,
      7
    ],
    [
      7,
      11,
      12
    ],
    [
      7,
      12,
      8
    ],
    [
      8,
      12,
      13
    ],
    [
      8,
      13,
      9
    ],
    [
      9,
      13,
      14
    ],
    [
      10,
      15,
      11
    ],
    [
      11,
      15,
      16
    ],
    [
      11,
      16,
      12
    ],
    [
      12,
      16,
      17
    ],
    [
      12,
      17,
      13
    ],
    [
      13,
      17,
      18
    ],
    [
      13,
      18,
      14
    ],
    [
      14,
      18,
      19
    ]
  ],
  "uvs": [
    [
      0.536621,
      0.303223
    ],
    [
      0.552612,
      0.303223
    ],
    [
      0.568604,
      0.303223
    ],
    [
      0.584595,
      0.303223
    ],
    [
      0.600586,
      0.303223
    ],
    [
      0.536621,
      0.318848
    ],
    [
      0.552612,
      0.318848
    ],
    [
      0.568604,
      0.318848
    ],
    [
      0.584595,
      0.318848
    ],
    [
      0.600586,
      0.318848
    ],
    [
      0.536621,
      0.334473
    ],
    [
      0.552612,
      0.334473
    ],
    [
      0.568604,
      0.334473
    ],
    [
      0.584595,
      0.334473
    ],
    [
      0.600586,
      0.334473
    ],
    [
      0.536621,
      0.350098
    ],
    [
      0.552612,
      0.350098
    ],
    [
      0.568604,
      0.350098
    ],
    [
      0.584595,
      0.350098
    ],
    [
      0.600586,
      0.350098
    ]
  ],
  "mesh_path": "meshes/eye_R_highlight.json"
}
