{
  "part_id": "eye_R_half_closed_lid",
  "vertices": [
    [
      1106.0,
      664.0
    ],
    [
      1143.25,
      664.0
    ],
    [
      1180.5,
      664.0
    ],
    [
      1217.75,
      664.0
    ],
    [
      1255.0,
      664.0
    ],
    [
      1106.0,
      679.333
    ],
    [
      1143.25,
      679.333
    ],
    [
      1180.5,
      679.333
    ],
    [
      1217.75,
      679.333
    ],
    [
      1255.0,
      679.333
    ],
    [
      1106.0,
      694.667
    ],
    [
      1143.25,
      694.667
    ],
    [
      1180.5,
      694.667
    ],
    [
      1217.75,
      694.667
    ],
    [
      1255.0,
      694.667
    ],
    [
      1106.0,
      710.0
    ],
    [
      1143.25,
      710.0
    ],
    [
      1180.5,
      710.0
    ],
    [
      1217.75,
      710.0
    ],
    [
      1255.0,
      710.0
    ]
  ],
  "triangles": [
    [
      0,
      5,
      1
    ],
    [
      1,
      5,
      6
    ],
    [
      1,
      6,
      2
    ],
    [
      2,
      6,
      7
    ],
    [
      2,
      7,
      3
    ],
    [
      3,
      7,
      8
    ],
    [
      3,
      8,
      4
    ],
    [
      4,
      8,
      9
    ],
    [
      5,
      10,
      6
    ],
    [
      6,
      10,
      11
    ],
    [
      6,
      11,
      7
    ],
    [
      7,
      11,
      12
    ],
    [
      7,
      12,
      8
    ],
    [
      8,
      12,
      13
    ],
    [
      8,
      13,
      9
    ],
    [
      9,
      13,
      14
    ],
    [
      10,
      15,
      11
    ],
    [
      11,
      15,
      16
    ],
    [
      11,
      16,
      12
    ],
    [
      12,
      16,
      17
    ],
    [
      12,
      17,
      13
    ],
    [
      13,
      17,
      18
    ],
    [
      13,
      18,
      14
    ],
    [
      14,
      18,
      19
    ]
  ],
  "uvs": [
    [
      0.540039,
      0.324219
    ],
    [
      0.558228,
      0.324219
    ],
    [
      0.576416,
      0.324219
    ],
    [
      0.594604,
      0.324219
    ],
    [
      0.612793,
      0.324219
    ],
    [
      0.540039,
      0.331706
    ],
    [
      0.558228,
      0.331706
    ],
    [
      0.576416,
      0.331706
    ],
    [
      0.594604,
      0.331706
    ],
    [
      0.612793,
      0.331706
    ],
    [
      0.540039,
      0.339193
    ],
    [
      0.558228,
      0.339193
    ],
    [
      0.576416,
      0.339193
    ],
    [
      0.594604,
      0.339193
    ],
    [
      0.612793,
      0.339193
    ],
    [
      0.540039,
      0.34668
    ],
    [
      0.558228,
      0.34668
    ],
    [
      0.576416,
      0.34668
    ],
    [
      0.594604,
      0.34668
    ],
    [
      0.612793,
      0.34668
    ]
  ],
  "mesh_path": "meshes/eye_R_half_closed_lid.json"
}
