{
  "part_id": "eye_L_closed_lid",
  "vertices": [
    [
      746.0,
      713.0
    ],
    [
      777.5,
      713.0
    ],
    [
      809.0,
      713.0
    ],
    [
      840.5,
      713.0
    ],
    [
      872.0,
      713.0
    ],
    [
      746.0,
      723.7
    ],
    [
      777.5,
      723.7
    ],
    [
      809.0,
      723.7
    ],
    [
      840.5,
      723.7
    ],
    [
      872.0,
      723.7
    ],
    [
      746.0,
      734.3
    ],
    [
      777.5,
      734.3
    ],
    [
      809.0,
      734.3
    ],
    [
      840.5,
      734.3
    ],
    [
      872.0,
      734.3
    ],
    [
      746.0,
      745.0
    ],
    [
      777.5,
      745.0
    ],
    [
      809.0,
      745.0
    ],
    [
      840.5,
      745.0
    ],
    [
      872.0,
      745.0
    ]
  ],
  "triangles": [
    [
      0,
      5,
      1
    ],
    [
      1,
      5,
      6
    ],
    [
      1,
      6,
      2
    ],
    [
      2,
      6,
      7
    ],
    [
      2,
      7,
      3
    ],
    [
      3,
      7,
      8
    ],
    [
      3,
      8,
      4
    ],
    [
      4,
      8,
      9
    ],
    [
      5,
      10,
      6
    ],
    [
      6,
      10,
      11
    ],
    [
      6,
      11,
      7
    ],
    [
      7,
      11,
      12
    ],
    [
      7,
      12,
      8
    ],
    [
      8,
      12,
      13
    ],
    [
      8,
      13,
      9
    ],
    [
      9,
      13,
      14
    ],
    [
      10,
      15,
      11
    ],
    [
      11,
      15,
      16
    ],
    [
      11,
      16,
      12
    ],
    [
      12,
      16,
      17
    ],
    [
      12,
      17,
      13
    ],
    [
      13,
      17,
      18
    ],
    [
      13,
      18,
      14
    ],
    [
      14,
      18,
      19
    ]
  ],
  "uvs": [
    [
      0.364258,
      0.348145
    ],
    [
      0.379639,
      0.348145
    ],
    [
      0.39502,
      0.348145
    ],
    [
      0.4104,
      0.348145
    ],
    [
      0.425781,
      0.348145
    ],
    [
      0.364258,
      0.353369
    ],
    [
      0.379639,
      0.353369
    ],
    [
      0.39502,
      0.353369
    ],
    [
      0.4104,
      0.353369
    ],
    [
      0.425781,
      0.353369
    ],
    [
      0.364258,
      0.358545
    ],
    [
      0.379639,
      0.358545
    ],
    [
      0.39502,
      0.358545
    ],
    [
      0.4104,
      0.358545
    ],
    [
      0.425781,
      0.358545
    ],
    [
      0.364258,
      0.36377
    ],
    [
      0.379639,
      0.36377
    ],
    [
      0.39502,
      0.36377
    ],
    [
      0.4104,
      0.36377
    ],
    [
      0.425781,
      0.36377
    ]
  ],
  "mesh_path": "meshes/eye_L_closed_lid.json"
}
