{
  "part_id": "eye_L_arap_100",
  "vertices": [
    [
      1084.0,
      499.0
    ],
    [
      1134.0,
      499.0
    ],
    [
      1184.0,
      499.0
    ],
    [
      1234.0,
      499.0
    ],
    [
      1284.0,
      499.0
    ],
    [
      1084.0,
      581.7
    ],
    [
      1134.0,
      581.7
    ],
    [
      1184.0,
      581.7
    ],
    [
      1234.0,
      581.7
    ],
    [
      1284.0,
      581.7
    ],
    [
      1084.0,
      664.3
    ],
    [
      1134.0,
      664.3
    ],
    [
      1184.0,
      664.3
    ],
    [
      1234.0,
      664.3
    ],
    [
      1284.0,
      664.3
    ],
    [
      1084.0,
      747.0
    ],
    [
      1134.0,
      747.0
    ],
    [
      1184.0,
      747.0
    ],
    [
      1234.0,
      747.0
    ],
    [
      1284.0,
      747.0
    ]
  ],
  "triangles": [
    [
      0,
      5,
      1
    ],
    [
      1,
      5,
      6
    ],
    [
      1,
      6,
      2
    ],
    [
      2,
      6,
      7
    ],
    [
      2,
      7,
      3
    ],
    [
      3,
      7,
      8
    ],
    [
      3,
      8,
      4
    ],
    [
      4,
      8,
      9
    ],
    [
      5,
      10,
      6
    ],
    [
      6,
      10,
      11
    ],
    [
      6,
      11,
      7
    ],
    [
      7,
      11,
      12
    ],
    [
      7,
      12,
      8
    ],
    [
      8,
      12,
      13
    ],
    [
      8,
      13,
      9
    ],
    [
      9,
      13,
      14
    ],
    [
      10,
      15,
      11
    ],
    [
      11,
      15,
      16
    ],
    [
      11,
      16,
      12
    ],
    [
      12,
      16,
      17
    ],
    [
      12,
      17,
      13
    ],
    [
      13,
      17,
      18
    ],
    [
      13,
      18,
      14
    ],
    [
      14,
      18,
      19
    ]
  ],
  "uvs": [
    [
      0.529297,
      0.243652
    ],
    [
      0.553711,
      0.243652
    ],
    [
      0.578125,
      0.243652
    ],
    [
      0.602539,
      0.243652
    ],
    [
      0.626953,
      0.243652
    ],
    [
      0.529297,
      0.284033
    ],
    [
      0.553711,
      0.284033
    ],
    [
      0.578125,
      0.284033
    ],
    [
      0.602539,
      0.284033
    ],
    [
      0.626953,
      0.284033
    ],
    [
      0.529297,
      0.324365
    ],
    [
      0.553711,
      0.324365
    ],
    [
      0.578125,
      0.324365
    ],
    [
      0.602539,
      0.324365
    ],
    [
      0.626953,
      0.324365
    ],
    [
      0.529297,
      0.364746
    ],
    [
      0.553711,
      0.364746
    ],
    [
      0.578125,
      0.364746
    ],
    [
      0.602539,
      0.364746
    ],
    [
      0.626953,
      0.364746
    ]
  ],
  "mesh_path": "meshes/eye_L_arap_100.json"
}
