{
  "part_id": "eye_R_arap_050",
  "vertices": [
    [
      763.0,
      503.0
    ],
    [
      812.8,
      503.0
    ],
    [
      862.5,
      503.0
    ],
    [
      912.2,
      503.0
    ],
    [
      962.0,
      503.0
    ],
    [
      763.0,
      585.0
    ],
    [
      812.8,
      585.0
    ],
    [
      862.5,
      585.0
    ],
    [
      912.2,
      585.0
    ],
    [
      962.0,
      585.0
    ],
    [
      763.0,
      667.0
    ],
    [
      812.8,
      667.0
    ],
    [
      862.5,
      667.0
    ],
    [
      912.2,
      667.0
    ],
    [
      962.0,
      667.0
    ],
    [
      763.0,
      749.0
    ],
    [
      812.8,
      749.0
    ],
    [
      862.5,
      749.0
    ],
    [
      912.2,
      749.0
    ],
    [
      962.0,
      749.0
    ]
  ],
  "triangles": [
    [
      0,
      5,
      1
    ],
    [
      1,
      5,
      6
    ],
    [
      1,
      6,
      2
    ],
    [
      2,
      6,
      7
    ],
    [
      2,
      7,
      3
    ],
    [
      3,
      7,
      8
    ],
    [
      3,
      8,
      4
    ],
    [
      4,
      8,
      9
    ],
    [
      5,
      10,
      6
    ],
    [
      6,
      10,
      11
    ],
    [
      6,
      11,
      7
    ],
    [
      7,
      11,
      12
    ],
    [
      7,
      12,
      8
    ],
    [
      8,
      12,
      13
    ],
    [
      8,
      13,
      9
    ],
    [
      9,
      13,
      14
    ],
    [
      10,
      15,
      11
    ],
    [
      11,
      15,
      16
    ],
    [
      11,
      16,
      12
    ],
    [
      12,
      16,
      17
    ],
    [
      12,
      17,
      13
    ],
    [
      13,
      17,
      18
    ],
    [
      13,
      18,
      14
    ],
    [
      14,
      18,
      19
    ]
  ],
  "uvs": [
    [
      0.372559,
      0.245605
    ],
    [
      0.396875,
      0.245605
    ],
    [
      0.421143,
      0.245605
    ],
    [
      0.44541,
      0.245605
    ],
    [
      0.469727,
      0.245605
    ],
    [
      0.372559,
      0.285645
    ],
    [
      0.396875,
      0.285645
    ],
    [
      0.421143,
      0.285645
    ],
    [
      0.44541,
      0.285645
    ],
    [
      0.469727,
      0.285645
    ],
    [
      0.372559,
      0.325684
    ],
    [
      0.396875,
      0.325684
    ],
    [
      0.421143,
      0.325684
    ],
    [
      0.44541,
      0.325684
    ],
    [
      0.469727,
      0.325684
    ],
    [
      0.372559,
      0.365723
    ],
    [
      0.396875,
      0.365723
    ],
    [
      0.421143,
      0.365723
    ],
    [
      0.44541,
      0.365723
    ],
    [
      0.469727,
      0.365723
    ]
  ],
  "mesh_path": "meshes/eye_R_arap_050.json"
}
