{
  "part_id": "eye_R_closed_lid",
  "vertices": [
    [
      1128.0,
      716.0
    ],
    [
      1158.0,
      716.0
    ],
    [
      1188.0,
      716.0
    ],
    [
      1218.0,
      716.0
    ],
    [
      1248.0,
      716.0
    ],
    [
      1128.0,
      726.3
    ],
    [
      1158.0,
      726.3
    ],
    [
      1188.0,
      726.3
    ],
    [
      1218.0,
      726.3
    ],
    [
      1248.0,
      726.3
    ],
    [
      1128.0,
      736.7
    ],
    [
      1158.0,
      736.7
    ],
    [
      1188.0,
      736.7
    ],
    [
      1218.0,
      736.7
    ],
    [
      1248.0,
      736.7
    ],
    [
      1128.0,
      747.0
    ],
    [
      1158.0,
      747.0
    ],
    [
      1188.0,
      747.0
    ],
    [
      1218.0,
      747.0
    ],
    [
      1248.0,
      747.0
    ]
  ],
  "triangles": [
    [
      0,
      5,
      1
    ],
    [
      1,
      5,
      6
    ],
    [
      1,
      6,
      2
    ],
    [
      2,
      6,
      7
    ],
    [
      2,
      7,
      3
    ],
    [
      3,
      7,
      8
    ],
    [
      3,
      8,
      4
    ],
    [
      4,
      8,
      9
    ],
    [
      5,
      10,
      6
    ],
    [
      6,
      10,
      11
    ],
    [
      6,
      11,
      7
    ],
    [
      7,
      11,
      12
    ],
    [
      7,
      12,
      8
    ],
    [
      8,
      12,
      13
    ],
    [
      8,
      13,
      9
    ],
    [
      9,
      13,
      14
    ],
    [
      10,
      15,
      11
    ],
    [
      11,
      15,
      16
    ],
    [
      11,
      16,
      12
    ],
    [
      12,
      16,
      17
    ],
    [
      12,
      17,
      13
    ],
    [
      13,
      17,
      18
    ],
    [
      13,
      18,
      14
    ],
    [
      14,
      18,
      19
    ]
  ],
  "uvs": [
    [
      0.550781,
      0.349609
    ],
    [
      0.56543,
      0.349609
    ],
    [
      0.580078,
      0.349609
    ],
    [
      0.594727,
      0.349609
    ],
    [
      0.609375,
      0.349609
    ],
    [
      0.550781,
      0.354639
    ],
    [
      0.56543,
      0.354639
    ],
    [
      0.580078,
      0.354639
    ],
    [
      0.594727,
      0.354639
    ],
    [
      0.609375,
      0.354639
    ],
    [
      0.550781,
      0.359717
    ],
    [
      0.56543,
      0.359717
    ],
    [
      0.580078,
      0.359717
    ],
    [
      0.594727,
      0.359717
    ],
    [
      0.609375,
      0.359717
    ],
    [
      0.550781,
      0.364746
    ],
    [
      0.56543,
      0.364746
    ],
    [
      0.580078,
      0.364746
    ],
    [
      0.594727,
      0.364746
    ],
    [
      0.609375,
      0.364746
    ]
  ],
  "mesh_path": "meshes/eye_R_closed_lid.json"
}
