{
  "part_id": "L_arm",
  "vertices": [
    [
      1301.0,
      1145.0
    ],
    [
      1389.2,
      1145.0
    ],
    [
      1477.5,
      1145.0
    ],
    [
      1565.8,
      1145.0
    ],
    [
      1654.0,
      1145.0
    ],
    [
      1301.0,
      1446.0
    ],
    [
      1389.2,
      1446.0
    ],
    [
      1477.5,
      1446.0
    ],
    [
      1565.8,
      1446.0
    ],
    [
      1654.0,
      1446.0
    ],
    [
      1301.0,
      1747.0
    ],
    [
      1389.2,
      1747.0
    ],
    [
      1477.5,
      1747.0
    ],
    [
      1565.8,
      1747.0
    ],
    [
      1654.0,
      1747.0
    ],
    [
      1301.0,
      2048.0
    ],
    [
      1389.2,
      2048.0
    ],
    [
      1477.5,
      2048.0
    ],
    [
      1565.8,
      2048.0
    ],
    [
      1654.0,
      2048.0
    ]
  ],
  "triangles": [
    [
      0,
      5,
      1
    ],
    [
      1,
      5,
      6
    ],
    [
      1,
      6,
      2
    ],
    [
      2,
      6,
      7
    ],
    [
      2,
      7,
      3
    ],
    [
      3,
      7,
      8
    ],
    [
      3,
      8,
      4
    ],
    [
      4,
      8,
      9
    ],
    [
      5,
      10,
      6
    ],
    [
      6,
      10,
      11
    ],
    [
      6,
      11,
      7
    ],
    [
      7,
      11,
      12
    ],
    [
      7,
      12,
      8
    ],
    [
      8,
      12,
      13
    ],
    [
      8,
      13,
      9
    ],
    [
      9,
      13,
      14
    ],
    [
      10,
      15,
      11
    ],
    [
      11,
      15,
      16
    ],
    [
      11,
      16,
      12
    ],
    [
      12,
      16,
      17
    ],
    [
      12,
      17,
      13
    ],
    [
      13,
      17,
      18
    ],
    [
      13,
      18,
      14
    ],
    [
      14,
      18,
      19
    ]
  ],
  "uvs": [
    [
      0.635254,
      0.559082
    ],
    [
      0.67832,
      0.559082
    ],
    [
      0.721436,
      0.559082
    ],
    [
      0.764551,
      0.559082
    ],
    [
      0.807617,
      0.559082
    ],
    [
      0.635254,
      0.706055
    ],
    [
      0.67832,
      0.706055
    ],
    [
      0.721436,
      0.706055
    ],
    [
      0.764551,
      0.706055
    ],
    [
      0.807617,
      0.706055
    ],
    [
      0.635254,
      0.853027
    ],
    [
      0.67832,
      0.853027
    ],
    [
      0.721436,
      0.853027
    ],
    [
      0.764551,
      0.853027
    ],
    [
      0.807617,
      0.853027
    ],
    [
      0.635254,
      1.0
    ],
    [
      0.67832,
      1.0
    ],
    [
      0.721436,
      1.0
    ],
    [
      0.764551,
      1.0
    ],
    [
      0.807617,
      1.0
    ]
  ],
  "mesh_path": "meshes/L_arm.json"
}
