{
  "part_id": "L_brow",
  "vertices": [
    [
      1105.0,
      544.0
    ],
    [
      1138.8,
      544.0
    ],
    [
      1172.5,
      544.0
    ],
    [
      1206.2,
      544.0
    ],
    [
      1240.0,
      544.0
    ],
    [
      1105.0,
      549.0
    ],
    [
      1138.8,
      549.0
    ],
    [
      1172.5,
      549.0
    ],
    [
      1206.2,
      549.0
    ],
    [
      1240.0,
      549.0
    ],
    [
      1105.0,
      554.0
    ],
    [
      1138.8,
      554.0
    ],
    [
      1172.5,
      554.0
    ],
    [
      1206.2,
      554.0
    ],
    [
      1240.0,
      554.0
    ],
    [
      1105.0,
      559.0
    ],
    [
      1138.8,
      559.0
    ],
    [
      1172.5,
      559.0
    ],
    [
      1206.2,
      559.0
    ],
    [
      1240.0,
      559.0
    ]
  ],
  "triangles": [
    [
      0,
      5,
      1
    ],
    [
      1,
      5,
      6
    ],
    [
      1,
      6,
      2
    ],
    [
      2,
      6,
      7
    ],
    [
      2,
      7,
      3
    ],
    [
      3,
      7,
      8
    ],
    [
      3,
      8,
      4
    ],
    [
      4,
      8,
      9
    ],
    [
      5,
      10,
      6
    ],
    [
      6,
      10,
      11
    ],
    [
      6,
      11,
      7
    ],
    [
      7,
      11,
      12
    ],
    [
      7,
      12,
      8
    ],
    [
      8,
      12,
      13
    ],
    [
      8,
      13,
      9
    ],
    [
      9,
      13,
      14
    ],
    [
      10,
      15,
      11
    ],
    [
      11,
      15,
      16
    ],
    [
      11,
      16,
      12
    ],
    [
      12,
      16,
      17
    ],
    [
      12,
      17,
      13
    ],
    [
      13,
      17,
      18
    ],
    [
      13,
      18,
      14
    ],
    [
      14,
      18,
      19
    ]
  ],
  "uvs": [
    [
      0.539551,
      0.265625
    ],
    [
      0.556055,
      0.265625
    ],
    [
      0.57251,
      0.265625
    ],
    [
      0.588965,
      0.265625
    ],
    [
      0.605469,
      0.265625
    ],
    [
      0.539551,
      0.268066
    ],
    [
      0.556055,
      0.268066
    ],
    [
      0.57251,
      0.268066
    ],
    [
      0.588965,
      0.268066
    ],
    [
      0.605469,
      0.268066
    ],
    [
      0.539551,
      0.270508
    ],
    [
      0.556055,
      0.270508
    ],
    [
      0.57251,
      0.270508
    ],
    [
      0.588965,
      0.270508
    ],
    [
      0.605469,
      0.270508
    ],
    [
      0.539551,
      0.272949
    ],
    [
      0.556055,
      0.272949
    ],
    [
      0.57251,
      0.272949
    ],
    [
      0.588965,
      0.272949
    ],
    [
      0.605469,
      0.272949
    ]
  ],
  "mesh_path": "meshes/L_brow.json"
}
