{
  "part_id": "L_ear_outer",
  "vertices": [
    [
      1232.0,
      614.0
    ],
    [
      1263.8,
      614.0
    ],
    [
      1295.5,
      614.0
    ],
    [
      1327.2,
      614.0
    ],
    [
      1359.0,
      614.0
    ],
    [
      1232.0,
      676.7
    ],
    [
      1263.8,
      676.7
    ],
    [
      1295.5,
      676.7
    ],
    [
      1327.2,
      676.7
    ],
    [
      1359.0,
      676.7
    ],
    [
      1232.0,
      739.3
    ],
    [
      1263.8,
      739.3
    ],
    [
      1295.5,
      739.3
    ],
    [
      1327.2,
      739.3
    ],
    [
      1359.0,
      739.3
    ],
    [
      1232.0,
      802.0
    ],
    [
      1263.8,
      802.0
    ],
    [
      1295.5,
      802.0
    ],
    [
      1327.2,
      802.0
    ],
    [
      1359.0,
      802.0
    ]
  ],
  "triangles": [
    [
      0,
      5,
      1
    ],
    [
      1,
      5,
      6
    ],
    [
      1,
      6,
      2
    ],
    [
      2,
      6,
      7
    ],
    [
      2,
      7,
      3
    ],
    [
      3,
      7,
      8
    ],
    [
      3,
      8,
      4
    ],
    [
      4,
      8,
      9
    ],
    [
      5,
      10,
      6
    ],
    [
      6,
      10,
      11
    ],
    [
      6,
      11,
      7
    ],
    [
      7,
      11,
      12
    ],
    [
      7,
      12,
      8
    ],
    [
      8,
      12,
      13
    ],
    [
      8,
      13,
      9
    ],
    [
      9,
      13,
      14
    ],
    [
      10,
      15,
      11
    ],
    [
      11,
      15,
      16
    ],
    [
      11,
      16,
      12
    ],
    [
      12,
      16,
      17
    ],
    [
      12,
      17,
      13
    ],
    [
      13,
      17,
      18
    ],
    [
      13,
      18,
      14
    ],
    [
      14,
      18,
      19
    ]
  ],
  "uvs": [
    [
      0.601562,
      0.299805
    ],
    [
      0.61709,
      0.299805
    ],
    [
      0.632568,
      0.299805
    ],
    [
      0.648047,
      0.299805
    ],
    [
      0.663574,
      0.299805
    ],
    [
      0.601562,
      0.33042
    ],
    [
      0.61709,
      0.33042
    ],
    [
      0.632568,
      0.33042
    ],
    [
      0.648047,
      0.33042
    ],
    [
      0.663574,
      0.33042
    ],
    [
      0.601562,
      0.360986
    ],
    [
      0.61709,
      0.360986
    ],
    [
      0.632568,
      0.360986
    ],
    [
      0.648047,
      0.360986
    ],
    [
      0.663574,
      0.360986
    ],
    [
      0.601562,
      0.391602
    ],
    [
      0.61709,
      0.391602
    ],
    [
      0.632568,
      0.391602
    ],
    [
      0.648047,
      0.391602
    ],
    [
      0.663574,
      0.391602
    ]
  ],
  "mesh_path": "meshes/L_ear_outer.json"
}
