{
  "part_id": "L_eye_white",
  "vertices": [
    [
      1110.0,
      618.0
    ],
    [
      1147.0,
      618.0
    ],
    [
      1184.0,
      618.0
    ],
    [
      1221.0,
      618.0
    ],
    [
      1258.0,
      618.0
    ],
    [
      1110.0,
      652.3
    ],
    [
      1147.0,
      652.3
    ],
    [
      1184.0,
      652.3
    ],
    [
      1221.0,
      652.3
    ],
    [
      1258.0,
      652.3
    ],
    [
      1110.0,
      686.7
    ],
    [
      1147.0,
      686.7
    ],
    [
      1184.0,
      686.7
    ],
    [
      1221.0,
      686.7
    ],
    [
      1258.0,
      686.7
    ],
    [
      1110.0,
      721.0
    ],
    [
      1147.0,
      721.0
    ],
    [
      1184.0,
      721.0
    ],
    [
      1221.0,
      721.0
    ],
    [
      1258.0,
      721.0
    ]
  ],
  "triangles": [
    [
      0,
      5,
      1
    ],
    [
      1,
      5,
      6
    ],
    [
      1,
      6,
      2
    ],
    [
      2,
      6,
      7
    ],
    [
      2,
      7,
      3
    ],
    [
      3,
      7,
      8
    ],
    [
      3,
      8,
      4
    ],
    [
      4,
      8,
      9
    ],
    [
      5,
      10,
      6
    ],
    [
      6,
      10,
      11
    ],
    [
      6,
      11,
      7
    ],
    [
      7,
      11,
      12
    ],
    [
      7,
      12,
      8
    ],
    [
      8,
      12,
      13
    ],
    [
      8,
      13,
      9
    ],
    [
      9,
      13,
      14
    ],
    [
      10,
      15,
      11
    ],
    [
      11,
      15,
      16
    ],
    [
      11,
      16,
      12
    ],
    [
      12,
      16,
      17
    ],
    [
      12,
      17,
      13
    ],
    [
      13,
      17,
      18
    ],
    [
      13,
      18,
      14
    ],
    [
      14,
      18,
      19
    ]
  ],
  "uvs": [
    [
      0.541992,
      0.301758
    ],
    [
      0.560059,
      0.301758
    ],
    [
      0.578125,
      0.301758
    ],
    [
      0.596191,
      0.301758
    ],
    [
      0.614258,
      0.301758
    ],
    [
      0.541992,
      0.318506
    ],
    [
      0.560059,
      0.318506
    ],
    [
      0.578125,
      0.318506
    ],
    [
      0.596191,
      0.318506
    ],
    [
      0.614258,
      0.318506
    ],
    [
      0.541992,
      0.335303
    ],
    [
      0.560059,
      0.335303
    ],
    [
      0.578125,
      0.335303
    ],
    [
      0.596191,
      0.335303
    ],
    [
      0.614258,
      0.335303
    ],
    [
      0.541992,
      0.352051
    ],
    [
      0.560059,
      0.352051
    ],
    [
      0.578125,
      0.352051
    ],
    [
      0.596191,
      0.352051
    ],
    [
      0.614258,
      0.352051
    ]
  ],
  "mesh_path": "meshes/L_eye_white.json"
}
