{
  "part_id": "L_iris",
  "vertices": [
    [
      1129.0,
      630.0
    ],
    [
      1149.5,
      630.0
    ],
    [
      1170.0,
      630.0
    ],
    [
      1190.5,
      630.0
    ],
    [
      1211.0,
      630.0
    ],
    [
      1129.0,
      658.7
    ],
    [
      1149.5,
      658.7
    ],
    [
      1170.0,
      658.7
    ],
    [
      1190.5,
      658.7
    ],
    [
      1211.0,
      658.7
    ],
    [
      1129.0,
      687.3
    ],
    [
      1149.5,
      687.3
    ],
    [
      1170.0,
      687.3
    ],
    [
      1190.5,
      687.3
    ],
    [
      1211.0,
      687.3
    ],
    [
      1129.0,
      716.0
    ],
    [
      1149.5,
      716.0
    ],
    [
      1170.0,
      716.0
    ],
    [
      1190.5,
      716.0
    ],
    [
      1211.0,
      716.0
    ]
  ],
  "triangles": [
    [
      0,
      5,
      1
    ],
    [
      1,
      5,
      6
    ],
    [
      1,
      6,
      2
    ],
    [
      2,
      6,
      7
    ],
    [
      2,
      7,
      3
    ],
    [
      3,
      7,
      8
    ],
    [
      3,
      8,
      4
    ],
    [
      4,
      8,
      9
    ],
    [
      5,
      10,
      6
    ],
    [
      6,
      10,
      11
    ],
    [
      6,
      11,
      7
    ],
    [
      7,
      11,
      12
    ],
    [
      7,
      12,
      8
    ],
    [
      8,
      12,
      13
    ],
    [
      8,
      13,
      9
    ],
    [
      9,
      13,
      14
    ],
    [
      10,
      15,
      11
    ],
    [
      11,
      15,
      16
    ],
    [
      11,
      16,
      12
    ],
    [
      12,
      16,
      17
    ],
    [
      12,
      17,
      13
    ],
    [
      13,
      17,
      18
    ],
    [
      13,
      18,
      14
    ],
    [
      14,
      18,
      19
    ]
  ],
  "uvs": [
    [
      0.55127,
      0.307617
    ],
    [
      0.561279,
      0.307617
    ],
    [
      0.571289,
      0.307617
    ],
    [
      0.581299,
      0.307617
    ],
    [
      0.591309,
      0.307617
    ],
    [
      0.55127,
      0.321631
    ],
    [
      0.561279,
      0.321631
    ],
    [
      0.571289,
      0.321631
    ],
    [
      0.581299,
      0.321631
    ],
    [
      0.591309,
      0.321631
    ],
    [
      0.55127,
      0.335596
    ],
    [
      0.561279,
      0.335596
    ],
    [
      0.571289,
      0.335596
    ],
    [
      0.581299,
      0.335596
    ],
    [
      0.591309,
      0.335596
    ],
    [
      0.55127,
      0.349609
    ],
    [
      0.561279,
      0.349609
    ],
    [
      0.571289,
      0.349609
    ],
    [
      0.581299,
      0.349609
    ],
    [
      0.591309,
      0.349609
    ]
  ],
  "mesh_path": "meshes/L_iris.json"
}
