{
  "part_id": "L_upper_lash",
  "vertices": [
    [
      1101.0,
      592.0
    ],
    [
      1147.0,
      592.0
    ],
    [
      1193.0,
      592.0
    ],
    [
      1239.0,
      592.0
    ],
    [
      1285.0,
      592.0
    ],
    [
      1101.0,
      633.3
    ],
    [
      1147.0,
      633.3
    ],
    [
      1193.0,
      633.3
    ],
    [
      1239.0,
      633.3
    ],
    [
      1285.0,
      633.3
    ],
    [
      1101.0,
      674.7
    ],
    [
      1147.0,
      674.7
    ],
    [
      1193.0,
      674.7
    ],
    [
      1239.0,
      674.7
    ],
    [
      1285.0,
      674.7
    ],
    [
      1101.0,
      716.0
    ],
    [
      1147.0,
      716.0
    ],
    [
      1193.0,
      716.0
    ],
    [
      1239.0,
      716.0
    ],
    [
      1285.0,
      716.0
    ]
  ],
  "triangles": [
    [
      0,
      5,
      1
    ],
    [
      1,
      5,
      6
    ],
    [
      1,
      6,
      2
    ],
    [
      2,
      6,
      7
    ],
    [
      2,
      7,
      3
    ],
    [
      3,
      7,
      8
    ],
    [
      3,
      8,
      4
    ],
    [
      4,
      8,
      9
    ],
    [
      5,
      10,
      6
    ],
    [
      6,
      10,
      11
    ],
    [
      6,
      11,
      7
    ],
    [
      7,
      11,
      12
    ],
    [
      7,
      12,
      8
    ],
    [
      8,
      12,
      13
    ],
    [
      8,
      13,
      9
    ],
    [
      9,
      13,
      14
    ],
    [
      10,
      15,
      11
    ],
    [
      11,
      15,
      16
    ],
    [
      11,
      16,
      12
    ],
    [
      12,
      16,
      17
    ],
    [
      12,
      17,
      13
    ],
    [
      13,
      17,
      18
    ],
    [
      13,
      18,
      14
    ],
    [
      14,
      18,
      19
    ]
  ],
  "uvs": [
    [
      0.537598,
      0.289062
    ],
    [
      0.560059,
      0.289062
    ],
    [
      0.58252,
      0.289062
    ],
    [
      0.60498,
      0.289062
    ],
    [
      0.627441,
      0.289062
    ],
    [
      0.537598,
      0.309229
    ],
    [
      0.560059,
      0.309229
    ],
    [
      0.58252,
      0.309229
    ],
    [
      0.60498,
      0.309229
    ],
    [
      0.627441,
      0.309229
    ],
    [
      0.537598,
      0.329443
    ],
    [
      0.560059,
      0.329443
    ],
    [
      0.58252,
      0.329443
    ],
    [
      0.60498,
      0.329443
    ],
    [
      0.627441,
      0.329443
    ],
    [
      0.537598,
      0.349609
    ],
    [
      0.560059,
      0.349609
    ],
    [
      0.58252,
      0.349609
    ],
    [
      0.60498,
      0.349609
    ],
    [
      0.627441,
      0.349609
    ]
  ],
  "mesh_path": "meshes/L_upper_lash.json"
}
