{
  "part_id": "mouth_teeth",
  "vertices": [
    [
      956.0,
      830.0
    ],
    [
      989.2,
      830.0
    ],
    [
      1022.5,
      830.0
    ],
    [
      1055.8,
      830.0
    ],
    [
      1089.0,
      830.0
    ],
    [
      956.0,
      838.3
    ],
    [
      989.2,
      838.3
    ],
    [
      1022.5,
      838.3
    ],
    [
      1055.8,
      838.3
    ],
    [
      1089.0,
      838.3
    ],
    [
      956.0,
      846.7
    ],
    [
      989.2,
      846.7
    ],
    [
      1022.5,
      846.7
    ],
    [
      1055.8,
      846.7
    ],
    [
      1089.0,
      846.7
    ],
    [
      956.0,
      855.0
    ],
    [
      989.2,
      855.0
    ],
    [
      1022.5,
      855.0
    ],
    [
      1055.8,
      855.0
    ],
    [
      1089.0,
      855.0
    ]
  ],
  "triangles": [
    [
      0,
      5,
      1
    ],
    [
      1,
      5,
      6
    ],
    [
      1,
      6,
      2
    ],
    [
      2,
      6,
      7
    ],
    [
      2,
      7,
      3
    ],
    [
      3,
      7,
      8
    ],
    [
      3,
      8,
      4
    ],
    [
      4,
      8,
      9
    ],
    [
      5,
      10,
      6
    ],
    [
      6,
      10,
      11
    ],
    [
      6,
      11,
      7
    ],
    [
      7,
      11,
      12
    ],
    [
      7,
      12,
      8
    ],
    [
      8,
      12,
      13
    ],
    [
      8,
      13,
      9
    ],
    [
      9,
      13,
      14
    ],
    [
      10,
      15,
      11
    ],
    [
      11,
      15,
      16
    ],
    [
      11,
      16,
      12
    ],
    [
      12,
      16,
      17
    ],
    [
      12,
      17,
      13
    ],
    [
      13,
      17,
      18
    ],
    [
      13,
      18,
      14
    ],
    [
      14,
      18,
      19
    ]
  ],
  "uvs": [
    [
      0.466797,
      0.405273
    ],
    [
      0.483008,
      0.405273
    ],
    [
      0.499268,
      0.405273
    ],
    [
      0.515527,
      0.405273
    ],
    [
      0.531738,
      0.405273
    ],
    [
      0.466797,
      0.409326
    ],
    [
      0.483008,
      0.409326
    ],
    [
      0.499268,
      0.409326
    ],
    [
      0.515527,
      0.409326
    ],
    [
      0.531738,
      0.409326
    ],
    [
      0.466797,
      0.413428
    ],
    [
      0.483008,
      0.413428
    ],
    [
      0.499268,
      0.413428
    ],
    [
      0.515527,
      0.413428
    ],
    [
      0.531738,
      0.413428
    ],
    [
      0.466797,
      0.41748
    ],
    [
      0.483008,
      0.41748
    ],
    [
      0.499268,
      0.41748
    ],
    [
      0.515527,
      0.41748
    ],
    [
      0.531738,
      0.41748
    ]
  ],
  "mesh_path": "meshes/mouth_teeth.json"
}
