{
  "part_id": "mouth_line",
  "vertices": [
    [
      939.0,
      825.0
    ],
    [
      980.5,
      825.0
    ],
    [
      1022.0,
      825.0
    ],
    [
      1063.5,
      825.0
    ],
    [
      1105.0,
      825.0
    ],
    [
      939.0,
      857.3
    ],
    [
      980.5,
      857.3
    ],
    [
      1022.0,
      857.3
    ],
    [
      1063.5,
      857.3
    ],
    [
      1105.0,
      857.3
    ],
    [
      939.0,
      889.7
    ],
    [
      980.5,
      889.7
    ],
    [
      1022.0,
      889.7
    ],
    [
      1063.5,
      889.7
    ],
    [
      1105.0,
      889.7
    ],
    [
      939.0,
      922.0
    ],
    [
      980.5,
      922.0
    ],
    [
      1022.0,
      922.0
    ],
    [
      1063.5,
      922.0
    ],
    [
      1105.0,
      922.0
    ]
  ],
  "triangles": [
    [
      0,
      5,
      1
    ],
    [
      1,
      5,
      6
    ],
    [
      1,
      6,
      2
    ],
    [
      2,
      6,
      7
    ],
    [
      2,
      7,
      3
    ],
    [
      3,
      7,
      8
    ],
    [
      3,
      8,
      4
    ],
    [
      4,
      8,
      9
    ],
    [
      5,
      10,
      6
    ],
    [
      6,
      10,
      11
    ],
    [
      6,
      11,
      7
    ],
    [
      7,
      11,
      12
    ],
    [
      7,
      12,
      8
    ],
    [
      8,
      12,
      13
    ],
    [
      8,
      13,
      9
    ],
    [
      9,
      13,
      14
    ],
    [
      10,
      15,
      11
    ],
    [
      11,
      15,
      16
    ],
    [
      11,
      16,
      12
    ],
    [
      12,
      16,
      17
    ],
    [
      12,
      17,
      13
    ],
    [
      13,
      17,
      18
    ],
    [
      13,
      18,
      14
    ],
    [
      14,
      18,
      19
    ]
  ],
  "uvs": [
    [
      0.458496,
      0.402832
    ],
    [
      0.47876,
      0.402832
    ],
    [
      0.499023,
      0.402832
    ],
    [
      0.519287,
      0.402832
    ],
    [
      0.539551,
      0.402832
    ],
    [
      0.458496,
      0.418604
    ],
    [
      0.47876,
      0.418604
    ],
    [
      0.499023,
      0.418604
    ],
    [
      0.519287,
      0.418604
    ],
    [
      0.539551,
      0.418604
    ],
    [
      0.458496,
      0.434424
    ],
    [
      0.47876,
      0.434424
    ],
    [
      0.499023,
      0.434424
    ],
    [
      0.519287,
      0.434424
    ],
    [
      0.539551,
      0.434424
    ],
    [
      0.458496,
      0.450195
    ],
    [
      0.47876,
      0.450195
    ],
    [
      0.499023,
      0.450195
    ],
    [
      0.519287,
      0.450195
    ],
    [
      0.539551,
      0.450195
    ]
  ],
  "mesh_path": "meshes/mouth_line.json"
}
