{
  "part_id": "mouth_warp_050",
  "vertices": [
    [
      915.0,
      801.0
    ],
    [
      968.5,
      801.0
    ],
    [
      1022.0,
      801.0
    ],
    [
      1075.5,
      801.0
    ],
    [
      1129.0,
      801.0
    ],
    [
      915.0,
      901.7
    ],
    [
      968.5,
      901.7
    ],
    [
      1022.0,
      901.7
    ],
    [
      1075.5,
      901.7
    ],
    [
      1129.0,
      901.7
    ],
    [
      915.0,
      1002.3
    ],
    [
      968.5,
      1002.3
    ],
    [
      1022.0,
      1002.3
    ],
    [
      1075.5,
      1002.3
    ],
    [
      1129.0,
      1002.3
    ],
    [
      915.0,
      1103.0
    ],
    [
      968.5,
      1103.0
    ],
    [
      1022.0,
      1103.0
    ],
    [
      1075.5,
      1103.0
    ],
    [
      1129.0,
      1103.0
    ]
  ],
  "triangles": [
    [
      0,
      5,
      1
    ],
    [
      1,
      5,
      6
    ],
    [
      1,
      6,
      2
    ],
    [
      2,
      6,
      7
    ],
    [
      2,
      7,
      3
    ],
    [
      3,
      7,
      8
    ],
    [
      3,
      8,
      4
    ],
    [
      4,
      8,
      9
    ],
    [
      5,
      10,
      6
    ],
    [
      6,
      10,
      11
    ],
    [
      6,
      11,
      7
    ],
    [
      7,
      11,
      12
    ],
    [
      7,
      12,
      8
    ],
    [
      8,
      12,
      13
    ],
    [
      8,
      13,
      9
    ],
    [
      9,
      13,
      14
    ],
    [
      10,
      15,
      11
    ],
    [
      11,
      15,
      16
    ],
    [
      11,
      16,
      12
    ],
    [
      12,
      16,
      17
    ],
    [
      12,
      17,
      13
    ],
    [
      13,
      17,
      18
    ],
    [
      13,
      18,
      14
    ],
    [
      14,
      18,
      19
    ]
  ],
  "uvs": [
    [
      0.446777,
      0.391113
    ],
    [
      0.4729,
      0.391113
    ],
    [
      0.499023,
      0.391113
    ],
    [
      0.525146,
      0.391113
    ],
    [
      0.55127,
      0.391113
    ],
    [
      0.446777,
      0.440283
    ],
    [
      0.4729,
      0.440283
    ],
    [
      0.499023,
      0.440283
    ],
    [
      0.525146,
      0.440283
    ],
    [
      0.55127,
      0.440283
    ],
    [
      0.446777,
      0.489404
    ],
    [
      0.4729,
      0.489404
    ],
    [
      0.499023,
      0.489404
    ],
    [
      0.525146,
      0.489404
    ],
    [
      0.55127,
      0.489404
    ],
    [
      0.446777,
      0.538574
    ],
    [
      0.4729,
      0.538574
    ],
    [
      0.499023,
      0.538574
    ],
    [
      0.525146,
      0.538574
    ],
    [
      0.55127,
      0.538574
    ]
  ],
  "mesh_path": "meshes/mouth_warp_050.json"
}
