{
  "part_id": "mouth_tongue",
  "vertices": [
    [
      964.0,
      859.0
    ],
    [
      993.0,
      859.0
    ],
    [
      1022.0,
      859.0
    ],
    [
      1051.0,
      859.0
    ],
    [
      1080.0,
      859.0
    ],
    [
      964.0,
      895.0
    ],
    [
      993.0,
      895.0
    ],
    [
      1022.0,
      895.0
    ],
    [
      1051.0,
      895.0
    ],
    [
      1080.0,
      895.0
    ],
    [
      964.0,
      931.0
    ],
    [
      993.0,
      931.0
    ],
    [
      1022.0,
      931.0
    ],
    [
      1051.0,
      931.0
    ],
    [
      1080.0,
      931.0
    ],
    [
      964.0,
      967.0
    ],
    [
      993.0,
      967.0
    ],
    [
      1022.0,
      967.0
    ],
    [
      1051.0,
      967.0
    ],
    [
      1080.0,
      967.0
    ]
  ],
  "triangles": [
    [
      0,
      5,
      1
    ],
    [
      1,
      5,
      6
    ],
    [
      1,
      6,
      2
    ],
    [
      2,
      6,
      7
    ],
    [
      2,
      7,
      3
    ],
    [
      3,
      7,
      8
    ],
    [
      3,
      8,
      4
    ],
    [
      4,
      8,
      9
    ],
    [
      5,
      10,
      6
    ],
    [
      6,
      10,
      11
    ],
    [
      6,
      11,
      7
    ],
    [
      7,
      11,
      12
    ],
    [
      7,
      12,
      8
    ],
    [
      8,
      12,
      13
    ],
    [
      8,
      13,
      9
    ],
    [
      9,
      13,
      14
    ],
    [
      10,
      15,
      11
    ],
    [
      11,
      15,
      16
    ],
    [
      11,
      16,
      12
    ],
    [
      12,
      16,
      17
    ],
    [
      12,
      17,
      13
    ],
    [
      13,
      17,
      18
    ],
    [
      13,
      18,
      14
    ],
    [
      14,
      18,
      19
    ]
  ],
  "uvs": [
    [
      0.470703,
      0.419434
    ],
    [
      0.484863,
      0.419434
    ],
    [
      0.499023,
      0.419434
    ],
    [
      0.513184,
      0.419434
    ],
    [
      0.527344,
      0.419434
    ],
    [
      0.470703,
      0.437012
    ],
    [
      0.484863,
      0.437012
    ],
    [
      0.499023,
      0.437012
    ],
    [
      0.513184,
      0.437012
    ],
    [
      0.527344,
      0.437012
    ],
    [
      0.470703,
      0.45459
    ],
    [
      0.484863,
      0.45459
    ],
    [
      0.499023,
      0.45459
    ],
    [
      0.513184,
      0.45459
    ],
    [
      0.527344,
      0.45459
    ],
    [
      0.470703,
      0.472168
    ],
    [
      0.484863,
      0.472168
    ],
    [
      0.499023,
      0.472168
    ],
    [
      0.513184,
      0.472168
    ],
    [
      0.527344,
      0.472168
    ]
  ],
  "mesh_path": "meshes/mouth_tongue.json"
}
