{
  "part_id": "mouth_state_small",
  "vertices": [
    [
      898.0,
      851.0
    ],
    [
      960.0,
      851.0
    ],
    [
      1022.0,
      851.0
    ],
    [
      1084.0,
      851.0
    ],
    [
      1146.0,
      851.0
    ],
    [
      898.0,
      896.7
    ],
    [
      960.0,
      896.7
    ],
    [
      1022.0,
      896.7
    ],
    [
      1084.0,
      896.7
    ],
    [
      1146.0,
      896.7
    ],
    [
      898.0,
      942.3
    ],
    [
      960.0,
      942.3
    ],
    [
      1022.0,
      942.3
    ],
    [
      1084.0,
      942.3
    ],
    [
      1146.0,
      942.3
    ],
    [
      898.0,
      988.0
    ],
    [
      960.0,
      988.0
    ],
    [
      1022.0,
      988.0
    ],
    [
      1084.0,
      988.0
    ],
    [
      1146.0,
      988.0
    ]
  ],
  "triangles": [
    [
      0,
      5,
      1
    ],
    [
      1,
      5,
      6
    ],
    [
      1,
      6,
      2
    ],
    [
      2,
      6,
      7
    ],
    [
      2,
      7,
      3
    ],
    [
      3,
      7,
      8
    ],
    [
      3,
      8,
      4
    ],
    [
      4,
      8,
      9
    ],
    [
      5,
      10,
      6
    ],
    [
      6,
      10,
      11
    ],
    [
      6,
      11,
      7
    ],
    [
      7,
      11,
      12
    ],
    [
      7,
      12,
      8
    ],
    [
      8,
      12,
      13
    ],
    [
      8,
      13,
      9
    ],
    [
      9,
      13,
      14
    ],
    [
      10,
      15,
      11
    ],
    [
      11,
      15,
      16
    ],
    [
      11,
      16,
      12
    ],
    [
      12,
      16,
      17
    ],
    [
      12,
      17,
      13
    ],
    [
      13,
      17,
      18
    ],
    [
      13,
      18,
      14
    ],
    [
      14,
      18,
      19
    ]
  ],
  "uvs": [
    [
      0.438477,
      0.415527
    ],
    [
      0.46875,
      0.415527
    ],
    [
      0.499023,
      0.415527
    ],
    [
      0.529297,
      0.415527
    ],
    [
      0.55957,
      0.415527
    ],
    [
      0.438477,
      0.437842
    ],
    [
      0.46875,
      0.437842
    ],
    [
      0.499023,
      0.437842
    ],
    [
      0.529297,
      0.437842
    ],
    [
      0.55957,
      0.437842
    ],
    [
      0.438477,
      0.460107
    ],
    [
      0.46875,
      0.460107
    ],
    [
      0.499023,
      0.460107
    ],
    [
      0.529297,
      0.460107
    ],
    [
      0.55957,
      0.460107
    ],
    [
      0.438477,
      0.482422
    ],
    [
      0.46875,
      0.482422
    ],
    [
      0.499023,
      0.482422
    ],
    [
      0.529297,
      0.482422
    ],
    [
      0.55957,
      0.482422
    ]
  ],
  "mesh_path": "meshes/mouth_state_small.json"
}
