{
  "part_id": "neck_under",
  "vertices": [
    [
      882.0,
      871.0
    ],
    [
      952.2,
      871.0
    ],
    [
      1022.5,
      871.0
    ],
    [
      1092.8,
      871.0
    ],
    [
      1163.0,
      871.0
    ],
    [
      882.0,
      944.3
    ],
    [
      952.2,
      944.3
    ],
    [
      1022.5,
      944.3
    ],
    [
      1092.8,
      944.3
    ],
    [
      1163.0,
      944.3
    ],
    [
      882.0,
      1017.7
    ],
    [
      952.2,
      1017.7
    ],
    [
      1022.5,
      1017.7
    ],
    [
      1092.8,
      1017.7
    ],
    [
      1163.0,
      1017.7
    ],
    [
      882.0,
      1091.0
    ],
    [
      952.2,
      1091.0
    ],
    [
      1022.5,
      1091.0
    ],
    [
      1092.8,
      1091.0
    ],
    [
      1163.0,
      1091.0
    ]
  ],
  "triangles": [
    [
      0,
      5,
      1
    ],
    [
      1,
      5,
      6
    ],
    [
      1,
      6,
      2
    ],
    [
      2,
      6,
      7
    ],
    [
      2,
      7,
      3
    ],
    [
      3,
      7,
      8
    ],
    [
      3,
      8,
      4
    ],
    [
      4,
      8,
      9
    ],
    [
      5,
      10,
      6
    ],
    [
      6,
      10,
      11
    ],
    [
      6,
      11,
      7
    ],
    [
      7,
      11,
      12
    ],
    [
      7,
      12,
      8
    ],
    [
      8,
      12,
      13
    ],
    [
      8,
      13,
      9
    ],
    [
      9,
      13,
      14
    ],
    [
      10,
      15,
      11
    ],
    [
      11,
      15,
      16
    ],
    [
      11,
      16,
      12
    ],
    [
      12,
      16,
      17
    ],
    [
      12,
      17,
      13
    ],
    [
      13,
      17,
      18
    ],
    [
      13,
      18,
      14
    ],
    [
      14,
      18,
      19
    ]
  ],
  "uvs": [
    [
      0.430664,
      0.425293
    ],
    [
      0.464941,
      0.425293
    ],
    [
      0.499268,
      0.425293
    ],
    [
      0.533594,
      0.425293
    ],
    [
      0.567871,
      0.425293
    ],
    [
      0.430664,
      0.461084
    ],
    [
      0.464941,
      0.461084
    ],
    [
      0.499268,
      0.461084
    ],
    [
      0.533594,
      0.461084
    ],
    [
      0.567871,
      0.461084
    ],
    [
      0.430664,
      0.496924
    ],
    [
      0.464941,
      0.496924
    ],
    [
      0.499268,
      0.496924
    ],
    [
      0.533594,
      0.496924
    ],
    [
      0.567871,
      0.496924
    ],
    [
      0.430664,
      0.532715
    ],
    [
      0.464941,
      0.532715
    ],
    [
      0.499268,
      0.532715
    ],
    [
      0.533594,
      0.532715
    ],
    [
      0.567871,
      0.532715
    ]
  ],
  "mesh_path": "meshes/neck_under.json"
}
