{
  "part_id": "nose_reference",
  "vertices": [
    [
      1003.0,
      759.0
    ],
    [
      1009.0,
      759.0
    ],
    [
      1015.0,
      759.0
    ],
    [
      1021.0,
      759.0
    ],
    [
      1027.0,
      759.0
    ],
    [
      1003.0,
      771.3
    ],
    [
      1009.0,
      771.3
    ],
    [
      1015.0,
      771.3
    ],
    [
      1021.0,
      771.3
    ],
    [
      1027.0,
      771.3
    ],
    [
      1003.0,
      783.7
    ],
    [
      1009.0,
      783.7
    ],
    [
      1015.0,
      783.7
    ],
    [
      1021.0,
      783.7
    ],
    [
      1027.0,
      783.7
    ],
    [
      1003.0,
      796.0
    ],
    [
      1009.0,
      796.0
    ],
    [
      1015.0,
      796.0
    ],
    [
      1021.0,
      796.0
    ],
    [
      1027.0,
      796.0
    ]
  ],
  "triangles": [
    [
      0,
      5,
      1
    ],
    [
      1,
      5,
      6
    ],
    [
      1,
      6,
      2
    ],
    [
      2,
      6,
      7
    ],
    [
      2,
      7,
      3
    ],
    [
      3,
      7,
      8
    ],
    [
      3,
      8,
      4
    ],
    [
      4,
      8,
      9
    ],
    [
      5,
      10,
      6
    ],
    [
      6,
      10,
      11
    ],
    [
      6,
      11,
      7
    ],
    [
      7,
      11,
      12
    ],
    [
      7,
      12,
      8
    ],
    [
      8,
      12,
      13
    ],
    [
      8,
      13,
      9
    ],
    [
      9,
      13,
      14
    ],
    [
      10,
      15,
      11
    ],
    [
      11,
      15,
      16
    ],
    [
      11,
      16,
      12
    ],
    [
      12,
      16,
      17
    ],
    [
      12,
      17,
      13
    ],
    [
      13,
      17,
      18
    ],
    [
      13,
      18,
      14
    ],
    [
      14,
      18,
      19
    ]
  ],
  "uvs": [
    [
      0.489746,
      0.370605
    ],
    [
      0.492676,
      0.370605
    ],
    [
      0.495605,
      0.370605
    ],
    [
      0.498535,
      0.370605
    ],
    [
      0.501465,
      0.370605
    ],
    [
      0.489746,
      0.376611
    ],
    [
      0.492676,
      0.376611
    ],
    [
      0.495605,
      0.376611
    ],
    [
      0.498535,
      0.376611
    ],
    [
      0.501465,
      0.376611
    ],
    [
      0.489746,
      0.382666
    ],
    [
      0.492676,
      0.382666
    ],
    [
      0.495605,
      0.382666
    ],
    [
      0.498535,
      0.382666
    ],
    [
      0.501465,
      0.382666
    ],
    [
      0.489746,
      0.388672
    ],
    [
      0.492676,
      0.388672
    ],
    [
      0.495605,
      0.388672
    ],
    [
      0.498535,
      0.388672
    ],
    [
      0.501465,
      0.388672
    ]
  ],
  "mesh_path": "meshes/nose_reference.json"
}
