{
  "part_id": "R_arm",
  "vertices": [
    [
      388.0,
      1144.0
    ],
    [
      475.8,
      1144.0
    ],
    [
      563.5,
      1144.0
    ],
    [
      651.2,
      1144.0
    ],
    [
      739.0,
      1144.0
    ],
    [
      388.0,
      1445.3
    ],
    [
      475.8,
      1445.3
    ],
    [
      563.5,
      1445.3
    ],
    [
      651.2,
      1445.3
    ],
    [
      739.0,
      1445.3
    ],
    [
      388.0,
      1746.7
    ],
    [
      475.8,
      1746.7
    ],
    [
      563.5,
      1746.7
    ],
    [
      651.2,
      1746.7
    ],
    [
      739.0,
      1746.7
    ],
    [
      388.0,
      2048.0
    ],
    [
      475.8,
      2048.0
    ],
    [
      563.5,
      2048.0
    ],
    [
      651.2,
      2048.0
    ],
    [
      739.0,
      2048.0
    ]
  ],
  "triangles": [
    [
      1,
      5,
      6
    ],
    [
      1,
      6,
      2
    ],
    [
      2,
      6,
      7
    ],
    [
      2,
      7,
      3
    ],
    [
      3,
      7,
      8
    ],
    [
      3,
      8,
      4
    ],
    [
      4,
      8,
      9
    ],
    [
      5,
      10,
      6
    ],
    [
      6,
      10,
      11
    ],
    [
      6,
      11,
      7
    ],
    [
      7,
      11,
      12
    ],
    [
      7,
      12,
      8
    ],
    [
      8,
      12,
      13
    ],
    [
      8,
      13,
      9
    ],
    [
      9,
      13,
      14
    ],
    [
      10,
      15,
      11
    ],
    [
      11,
      15,
      16
    ],
    [
      11,
      16,
      12
    ],
    [
      12,
      16,
      17
    ],
    [
      12,
      17,
      13
    ],
    [
      13,
      17,
      18
    ],
    [
      13,
      18,
      14
    ],
    [
      14,
      18,
      19
    ]
  ],
  "uvs": [
    [
      0.189453,
      0.558594
    ],
    [
      0.232324,
      0.558594
    ],
    [
      0.275146,
      0.558594
    ],
    [
      0.317969,
      0.558594
    ],
    [
      0.36084,
      0.558594
    ],
    [
      0.189453,
      0.705713
    ],
    [
      0.232324,
      0.705713
    ],
    [
      0.275146,
      0.705713
    ],
    [
      0.317969,
      0.705713
    ],
    [
      0.36084,
      0.705713
    ],
    [
      0.189453,
      0.852881
    ],
    [
      0.232324,
      0.852881
    ],
    [
      0.275146,
      0.852881
    ],
    [
      0.317969,
      0.852881
    ],
    [
      0.36084,
      0.852881
    ],
    [
      0.189453,
      1.0
    ],
    [
      0.232324,
      1.0
    ],
    [
      0.275146,
      1.0
    ],
    [
      0.317969,
      1.0
    ],
    [
      0.36084,
      1.0
    ]
  ],
  "mesh_path": "meshes/R_arm.json"
}
