{
  "part_id": "R_brow",
  "vertices": [
    [
      797.0,
      545.0
    ],
    [
      833.8,
      545.0
    ],
    [
      870.5,
      545.0
    ],
    [
      907.2,
      545.0
    ],
    [
      944.0,
      545.0
    ],
    [
      797.0,
      551.0
    ],
    [
      833.8,
      551.0
    ],
    [
      870.5,
      551.0
    ],
    [
      907.2,
      551.0
    ],
    [
      944.0,
      551.0
    ],
    [
      797.0,
      557.0
    ],
    [
      833.8,
      557.0
    ],
    [
      870.5,
      557.0
    ],
    [
      907.2,
      557.0
    ],
    [
      944.0,
      557.0
    ],
    [
      797.0,
      563.0
    ],
    [
      833.8,
      563.0
    ],
    [
      870.5,
      563.0
    ],
    [
      907.2,
      563.0
    ],
    [
      944.0,
      563.0
    ]
  ],
  "triangles": [
    [
      0,
      5,
      1
    ],
    [
      1,
      5,
      6
    ],
    [
      1,
      6,
      2
    ],
    [
      2,
      6,
      7
    ],
    [
      2,
      7,
      3
    ],
    [
      3,
      7,
      8
    ],
    [
      3,
      8,
      4
    ],
    [
      4,
      8,
      9
    ],
    [
      5,
      10,
      6
    ],
    [
      6,
      10,
      11
    ],
    [
      6,
      11,
      7
    ],
    [
      7,
      11,
      12
    ],
    [
      7,
      12,
      8
    ],
    [
      8,
      12,
      13
    ],
    [
      8,
      13,
      9
    ],
    [
      9,
      13,
      14
    ],
    [
      10,
      15,
      11
    ],
    [
      11,
      15,
      16
    ],
    [
      11,
      16,
      12
    ],
    [
      12,
      16,
      17
    ],
    [
      12,
      17,
      13
    ],
    [
      13,
      17,
      18
    ],
    [
      13,
      18,
      14
    ],
    [
      14,
      18,
      19
    ]
  ],
  "uvs": [
    [
      0.38916,
      0.266113
    ],
    [
      0.407129,
      0.266113
    ],
    [
      0.425049,
      0.266113
    ],
    [
      0.442969,
      0.266113
    ],
    [
      0.460938,
      0.266113
    ],
    [
      0.38916,
      0.269043
    ],
    [
      0.407129,
      0.269043
    ],
    [
      0.425049,
      0.269043
    ],
    [
      0.442969,
      0.269043
    ],
    [
      0.460938,
      0.269043
    ],
    [
      0.38916,
      0.271973
    ],
    [
      0.407129,
      0.271973
    ],
    [
      0.425049,
      0.271973
    ],
    [
      0.442969,
      0.271973
    ],
    [
      0.460938,
      0.271973
    ],
    [
      0.38916,
      0.274902
    ],
    [
      0.407129,
      0.274902
    ],
    [
      0.425049,
      0.274902
    ],
    [
      0.442969,
      0.274902
    ],
    [
      0.460938,
      0.274902
    ]
  ],
  "mesh_path": "meshes/R_brow.json"
}
