{
  "part_id": "R_ear_outer",
  "vertices": [
    [
      685.0,
      614.0
    ],
    [
      715.0,
      614.0
    ],
    [
      745.0,
      614.0
    ],
    [
      775.0,
      614.0
    ],
    [
      805.0,
      614.0
    ],
    [
      685.0,
      675.7
    ],
    [
      715.0,
      675.7
    ],
    [
      745.0,
      675.7
    ],
    [
      775.0,
      675.7
    ],
    [
      805.0,
      675.7
    ],
    [
      685.0,
      737.3
    ],
    [
      715.0,
      737.3
    ],
    [
      745.0,
      737.3
    ],
    [
      775.0,
      737.3
    ],
    [
      805.0,
      737.3
    ],
    [
      685.0,
      799.0
    ],
    [
      715.0,
      799.0
    ],
    [
      745.0,
      799.0
    ],
    [
      775.0,
      799.0
    ],
    [
      805.0,
      799.0
    ]
  ],
  "triangles": [
    [
      0,
      5,
      1
    ],
    [
      1,
      5,
      6
    ],
    [
      1,
      6,
      2
    ],
    [
      2,
      6,
      7
    ],
    [
      2,
      7,
      3
    ],
    [
      3,
      7,
      8
    ],
    [
      3,
      8,
      4
    ],
    [
      4,
      8,
      9
    ],
    [
      5,
      10,
      6
    ],
    [
      6,
      10,
      11
    ],
    [
      6,
      11,
      7
    ],
    [
      7,
      11,
      12
    ],
    [
      7,
      12,
      8
    ],
    [
      8,
      12,
      13
    ],
    [
      8,
      13,
      9
    ],
    [
      9,
      13,
      14
    ],
    [
      10,
      15,
      11
    ],
    [
      11,
      15,
      16
    ],
    [
      11,
      16,
      12
    ],
    [
      12,
      16,
      17
    ],
    [
      12,
      17,
      13
    ],
    [
      13,
      17,
      18
    ],
    [
      13,
      18,
      14
    ],
    [
      14,
      18,
      19
    ]
  ],
  "uvs": [
    [
      0.334473,
      0.299805
    ],
    [
      0.349121,
      0.299805
    ],
    [
      0.36377,
      0.299805
    ],
    [
      0.378418,
      0.299805
    ],
    [
      0.393066,
      0.299805
    ],
    [
      0.334473,
      0.329932
    ],
    [
      0.349121,
      0.329932
    ],
    [
      0.36377,
      0.329932
    ],
    [
      0.378418,
      0.329932
    ],
    [
      0.393066,
      0.329932
    ],
    [
      0.334473,
      0.36001
    ],
    [
      0.349121,
      0.36001
    ],
    [
      0.36377,
      0.36001
    ],
    [
      0.378418,
      0.36001
    ],
    [
      0.393066,
      0.36001
    ],
    [
      0.334473,
      0.390137
    ],
    [
      0.349121,
      0.390137
    ],
    [
      0.36377,
      0.390137
    ],
    [
      0.378418,
      0.390137
    ],
    [
      0.393066,
      0.390137
    ]
  ],
  "mesh_path": "meshes/R_ear_outer.json"
}
