{
  "part_id": "R_eye_white",
  "vertices": [
    [
      789.0,
      621.0
    ],
    [
      825.8,
      621.0
    ],
    [
      862.5,
      621.0
    ],
    [
      899.2,
      621.0
    ],
    [
      936.0,
      621.0
    ],
    [
      789.0,
      655.0
    ],
    [
      825.8,
      655.0
    ],
    [
      862.5,
      655.0
    ],
    [
      899.2,
      655.0
    ],
    [
      936.0,
      655.0
    ],
    [
      789.0,
      689.0
    ],
    [
      825.8,
      689.0
    ],
    [
      862.5,
      689.0
    ],
    [
      899.2,
      689.0
    ],
    [
      936.0,
      689.0
    ],
    [
      789.0,
      723.0
    ],
    [
      825.8,
      723.0
    ],
    [
      862.5,
      723.0
    ],
    [
      899.2,
      723.0
    ],
    [
      936.0,
      723.0
    ]
  ],
  "triangles": [
    [
      0,
      5,
      1
    ],
    [
      1,
      5,
      6
    ],
    [
      1,
      6,
      2
    ],
    [
      2,
      6,
      7
    ],
    [
      2,
      7,
      3
    ],
    [
      3,
      7,
      8
    ],
    [
      3,
      8,
      4
    ],
    [
      4,
      8,
      9
    ],
    [
      5,
      10,
      6
    ],
    [
      6,
      10,
      11
    ],
    [
      6,
      11,
      7
    ],
    [
      7,
      11,
      12
    ],
    [
      7,
      12,
      8
    ],
    [
      8,
      12,
      13
    ],
    [
      8,
      13,
      9
    ],
    [
      9,
      13,
      14
    ],
    [
      10,
      15,
      11
    ],
    [
      11,
      15,
      16
    ],
    [
      11,
      16,
      12
    ],
    [
      12,
      16,
      17
    ],
    [
      12,
      17,
      13
    ],
    [
      13,
      17,
      18
    ],
    [
      13,
      18,
      14
    ],
    [
      14,
      18,
      19
    ]
  ],
  "uvs": [
    [
      0.385254,
      0.303223
    ],
    [
      0.403223,
      0.303223
    ],
    [
      0.421143,
      0.303223
    ],
    [
      0.439063,
      0.303223
    ],
    [
      0.457031,
      0.303223
    ],
    [
      0.385254,
      0.319824
    ],
    [
      0.403223,
      0.319824
    ],
    [
      0.421143,
      0.319824
    ],
    [
      0.439063,
      0.319824
    ],
    [
      0.457031,
      0.319824
    ],
    [
      0.385254,
      0.336426
    ],
    [
      0.403223,
      0.336426
    ],
    [
      0.421143,
      0.336426
    ],
    [
      0.439063,
      0.336426
    ],
    [
      0.457031,
      0.336426
    ],
    [
      0.385254,
      0.353027
    ],
    [
      0.403223,
      0.353027
    ],
    [
      0.421143,
      0.353027
    ],
    [
      0.439063,
      0.353027
    ],
    [
      0.457031,
      0.353027
    ]
  ],
  "mesh_path": "meshes/R_eye_white.json"
}
