{
  "part_id": "R_iris",
  "vertices": [
    [
      836.0,
      630.0
    ],
    [
      856.5,
      630.0
    ],
    [
      877.0,
      630.0
    ],
    [
      897.5,
      630.0
    ],
    [
      918.0,
      630.0
    ],
    [
      836.0,
      658.3
    ],
    [
      856.5,
      658.3
    ],
    [
      877.0,
      658.3
    ],
    [
      897.5,
      658.3
    ],
    [
      918.0,
      658.3
    ],
    [
      836.0,
      686.7
    ],
    [
      856.5,
      686.7
    ],
    [
      877.0,
      686.7
    ],
    [
      897.5,
      686.7
    ],
    [
      918.0,
      686.7
    ],
    [
      836.0,
      715.0
    ],
    [
      856.5,
      715.0
    ],
    [
      877.0,
      715.0
    ],
    [
      897.5,
      715.0
    ],
    [
      918.0,
      715.0
    ]
  ],
  "triangles": [
    [
      0,
      5,
      1
    ],
    [
      1,
      5,
      6
    ],
    [
      1,
      6,
      2
    ],
    [
      2,
      6,
      7
    ],
    [
      2,
      7,
      3
    ],
    [
      3,
      7,
      8
    ],
    [
      3,
      8,
      4
    ],
    [
      4,
      8,
      9
    ],
    [
      5,
      10,
      6
    ],
    [
      6,
      10,
      11
    ],
    [
      6,
      11,
      7
    ],
    [
      7,
      11,
      12
    ],
    [
      7,
      12,
      8
    ],
    [
      8,
      12,
      13
    ],
    [
      8,
      13,
      9
    ],
    [
      9,
      13,
      14
    ],
    [
      10,
      15,
      11
    ],
    [
      11,
      15,
      16
    ],
    [
      11,
      16,
      12
    ],
    [
      12,
      16,
      17
    ],
    [
      12,
      17,
      13
    ],
    [
      13,
      17,
      18
    ],
    [
      13,
      18,
      14
    ],
    [
      14,
      18,
      19
    ]
  ],
  "uvs": [
    [
      0.408203,
      0.307617
    ],
    [
      0.418213,
      0.307617
    ],
    [
      0.428223,
      0.307617
    ],
    [
      0.438232,
      0.307617
    ],
    [
      0.448242,
      0.307617
    ],
    [
      0.408203,
      0.321436
    ],
    [
      0.418213,
      0.321436
    ],
    [
      0.428223,
      0.321436
    ],
    [
      0.438232,
      0.321436
    ],
    [
      0.448242,
      0.321436
    ],
    [
      0.408203,
      0.335303
    ],
    [
      0.418213,
      0.335303
    ],
    [
      0.428223,
      0.335303
    ],
    [
      0.438232,
      0.335303
    ],
    [
      0.448242,
      0.335303
    ],
    [
      0.408203,
      0.349121
    ],
    [
      0.418213,
      0.349121
    ],
    [
      0.428223,
      0.349121
    ],
    [
      0.438232,
      0.349121
    ],
    [
      0.448242,
      0.349121
    ]
  ],
  "mesh_path": "meshes/R_iris.json"
}
