{
  "part_id": "R_upper_lash",
  "vertices": [
    [
      766.0,
      615.0
    ],
    [
      810.8,
      615.0
    ],
    [
      855.5,
      615.0
    ],
    [
      900.2,
      615.0
    ],
    [
      945.0,
      615.0
    ],
    [
      766.0,
      640.7
    ],
    [
      810.8,
      640.7
    ],
    [
      855.5,
      640.7
    ],
    [
      900.2,
      640.7
    ],
    [
      945.0,
      640.7
    ],
    [
      766.0,
      666.3
    ],
    [
      810.8,
      666.3
    ],
    [
      855.5,
      666.3
    ],
    [
      900.2,
      666.3
    ],
    [
      945.0,
      666.3
    ],
    [
      766.0,
      692.0
    ],
    [
      810.8,
      692.0
    ],
    [
      855.5,
      692.0
    ],
    [
      900.2,
      692.0
    ],
    [
      945.0,
      692.0
    ]
  ],
  "triangles": [
    [
      0,
      5,
      1
    ],
    [
      1,
      5,
      6
    ],
    [
      1,
      6,
      2
    ],
    [
      2,
      6,
      7
    ],
    [
      2,
      7,
      3
    ],
    [
      3,
      7,
      8
    ],
    [
      3,
      8,
      4
    ],
    [
      4,
      8,
      9
    ],
    [
      5,
      10,
      6
    ],
    [
      6,
      10,
      11
    ],
    [
      6,
      11,
      7
    ],
    [
      7,
      11,
      12
    ],
    [
      7,
      12,
      8
    ],
    [
      8,
      12,
      13
    ],
    [
      8,
      13,
      9
    ],
    [
      9,
      13,
      14
    ],
    [
      10,
      15,
      11
    ],
    [
      11,
      15,
      16
    ],
    [
      11,
      16,
      12
    ],
    [
      12,
      16,
      17
    ],
    [
      12,
      17,
      13
    ],
    [
      13,
      17,
      18
    ],
    [
      13,
      18,
      14
    ],
    [
      14,
      18,
      19
    ]
  ],
  "uvs": [
    [
      0.374023,
      0.300293
    ],
    [
      0.395898,
      0.300293
    ],
    [
      0.417725,
      0.300293
    ],
    [
      0.439551,
      0.300293
    ],
    [
      0.461426,
      0.300293
    ],
    [
      0.374023,
      0.312842
    ],
    [
      0.395898,
      0.312842
    ],
    [
      0.417725,
      0.312842
    ],
    [
      0.439551,
      0.312842
    ],
    [
      0.461426,
      0.312842
    ],
    [
      0.374023,
      0.325342
    ],
    [
      0.395898,
      0.325342
    ],
    [
      0.417725,
      0.325342
    ],
    [
      0.439551,
      0.325342
    ],
    [
      0.461426,
      0.325342
    ],
    [
      0.374023,
      0.337891
    ],
    [
      0.395898,
      0.337891
    ],
    [
      0.417725,
      0.337891
    ],
    [
      0.439551,
      0.337891
    ],
    [
      0.461426,
      0.337891
    ]
  ],
  "mesh_path": "meshes/R_upper_lash.json"
}
