{
  "part_id": "eye_R_clean_socket",
  "vertices": [
    [
      1056.0,
      621.0
    ],
    [
      1113.0,
      621.0
    ],
    [
      1170.0,
      621.0
    ],
    [
      1227.0,
      621.0
    ],
    [
      1284.0,
      621.0
    ],
    [
      1056.0,
      664.667
    ],
    [
      1113.0,
      664.667
    ],
    [
      1170.0,
      664.667
    ],
    [
      1227.0,
      664.667
    ],
    [
      1284.0,
      664.667
    ],
    [
      1056.0,
      708.333
    ],
    [
      1113.0,
      708.333
    ],
    [
      1170.0,
      708.333
    ],
    [
      1227.0,
      708.333
    ],
    [
      1284.0,
      708.333
    ],
    [
      1056.0,
      752.0
    ],
    [
      1113.0,
      752.0
    ],
    [
      1170.0,
      752.0
    ],
    [
      1227.0,
      752.0
    ],
    [
      1284.0,
      752.0
    ]
  ],
  "triangles": [
    [
      0,
      5,
      1
    ],
    [
      1,
      5,
      6
    ],
    [
      1,
      6,
      2
    ],
    [
      2,
      6,
      7
    ],
    [
      2,
      7,
      3
    ],
    [
      3,
      7,
      8
    ],
    [
      3,
      8,
      4
    ],
    [
      4,
      8,
      9
    ],
    [
      5,
      10,
      6
    ],
    [
      6,
      10,
      11
    ],
    [
      6,
      11,
      7
    ],
    [
      7,
      11,
      12
    ],
    [
      7,
      12,
      8
    ],
    [
      8,
      12,
      13
    ],
    [
      8,
      13,
      9
    ],
    [
      9,
      13,
      14
    ],
    [
      10,
      15,
      11
    ],
    [
      11,
      15,
      16
    ],
    [
      11,
      16,
      12
    ],
    [
      12,
      16,
      17
    ],
    [
      12,
      17,
      13
    ],
    [
      13,
      17,
      18
    ],
    [
      13,
      18,
      14
    ],
    [
      14,
      18,
      19
    ]
  ],
  "uvs": [
    [
      0.515625,
      0.303223
    ],
    [
      0.543457,
      0.303223
    ],
    [
      0.571289,
      0.303223
    ],
    [
      0.599121,
      0.303223
    ],
    [
      0.626953,
      0.303223
    ],
    [
      0.515625,
      0.324544
    ],
    [
      0.543457,
      0.324544
    ],
    [
      0.571289,
      0.324544
    ],
    [
      0.599121,
      0.324544
    ],
    [
      0.626953,
      0.324544
    ],
    [
      0.515625,
      0.345866
    ],
    [
      0.543457,
      0.345866
    ],
    [
      0.571289,
      0.345866
    ],
    [
      0.599121,
      0.345866
    ],
    [
      0.626953,
      0.345866
    ],
    [
      0.515625,
      0.367188
    ],
    [
      0.543457,
      0.367188
    ],
    [
      0.571289,
      0.367188
    ],
    [
      0.599121,
      0.367188
    ],
    [
      0.626953,
      0.367188
    ]
  ],
  "mesh_path": "meshes/eye_R_clean_socket.json"
}
