{
  "part_id": "mouth_closed_smile",
  "vertices": [
    [
      952.0,
      851.0
    ],
    [
      994.25,
      851.0
    ],
    [
      1036.5,
      851.0
    ],
    [
      1078.75,
      851.0
    ],
    [
      1121.0,
      851.0
    ],
    [
      952.0,
      882.333
    ],
    [
      994.25,
      882.333
    ],
    [
      1036.5,
      882.333
    ],
    [
      1078.75,
      882.333
    ],
    [
      1121.0,
      882.333
    ],
    [
      952.0,
      913.667
    ],
    [
      994.25,
      913.667
    ],
    [
      1036.5,
      913.667
    ],
    [
      1078.75,
      913.667
    ],
    [
      1121.0,
      913.667
    ],
    [
      952.0,
      945.0
    ],
    [
      994.25,
      945.0
    ],
    [
      1036.5,
      945.0
    ],
    [
      1078.75,
      945.0
    ],
    [
      1121.0,
      945.0
    ]
  ],
  "triangles": [
    [
      0,
      5,
      1
    ],
    [
      1,
      5,
      6
    ],
    [
      1,
      6,
      2
    ],
    [
      2,
      6,
      7
    ],
    [
      2,
      7,
      3
    ],
    [
      3,
      7,
      8
    ],
    [
      3,
      8,
      4
    ],
    [
      4,
      8,
      9
    ],
    [
      5,
      10,
      6
    ],
    [
      6,
      10,
      11
    ],
    [
      6,
      11,
      7
    ],
    [
      7,
      11,
      12
    ],
    [
      7,
      12,
      8
    ],
    [
      8,
      12,
      13
    ],
    [
      8,
      13,
      9
    ],
    [
      9,
      13,
      14
    ],
    [
      10,
      15,
      11
    ],
    [
      11,
      15,
      16
    ],
    [
      11,
      16,
      12
    ],
    [
      12,
      16,
      17
    ],
    [
      12,
      17,
      13
    ],
    [
      13,
      17,
      18
    ],
    [
      13,
      18,
      14
    ],
    [
      14,
      18,
      19
    ]
  ],
  "uvs": [
    [
      0.464844,
      0.415527
    ],
    [
      0.485474,
      0.415527
    ],
    [
      0.506104,
      0.415527
    ],
    [
      0.526733,
      0.415527
    ],
    [
      0.547363,
      0.415527
    ],
    [
      0.464844,
      0.430827
    ],
    [
      0.485474,
      0.430827
    ],
    [
      0.506104,
      0.430827
    ],
    [
      0.526733,
      0.430827
    ],
    [
      0.547363,
      0.430827
    ],
    [
      0.464844,
      0.446126
    ],
    [
      0.485474,
      0.446126
    ],
    [
      0.506104,
      0.446126
    ],
    [
      0.526733,
      0.446126
    ],
    [
      0.547363,
      0.446126
    ],
    [
      0.464844,
      0.461426
    ],
    [
      0.485474,
      0.461426
    ],
    [
      0.506104,
      0.461426
    ],
    [
      0.526733,
      0.461426
    ],
    [
      0.547363,
      0.461426
    ]
  ],
  "mesh_path": "meshes/mouth_closed_smile.json"
}
